uf,cd_mun,municipio,votos_1t_22,votos_1t_26,pt_22,pl_22,pt_26,pl_26,delta_pt,delta_pl
AC,1007,BUJARI,14526,16616,29.33,62.03,28.82,66.57,-0.51,4.55
AC,1015,CAPIXABA,12022,12596,27.12,65.61,27.5,67.12,0.38,1.5
AC,1023,PORTO ACRE,20518,22256,24.27,68.84,23.89,71.23,-0.39,2.39
AC,1031,SANTA ROSA DO PURUS,5036,5484,53.89,40.83,50.47,45.88,-3.42,5.05
AC,1040,MARECHAL THAUMATURGO,16118,18156,40.18,51.45,37.07,59.14,-3.11,7.7
AC,1058,BRASILÉIA,28276,30774,29.5,64.67,25.77,69.6,-3.73,4.93
AC,1066,PORTO WALTER,11006,12592,48.34,38.94,50.95,44.16,2.62,5.21
AC,1074,CRUZEIRO DO SUL,90402,99312,23.83,68.53,24.91,68.91,1.08,0.38
AC,1082,RODRIGUES ALVES,17732,19862,20.74,73.89,23.71,72.04,2.97,-1.85
AC,1090,MÂNCIO LIMA,20488,23378,31.59,63.15,29.78,66.29,-1.81,3.14
AC,1104,JORDÃO,8036,8598,55.08,37.71,49.94,45.01,-5.14,7.31
AC,1112,EPITACIOLÂNDIA,19332,22564,26.82,67.18,23.54,72.05,-3.27,4.87
AC,1120,ACRELÂNDIA,14236,15582,21.3,73.59,19.36,76.24,-1.94,2.65
AC,1139,FEIJÓ,30440,34592,52.1,40.68,42.99,52.43,-9.12,11.76
AC,1392,RIO BRANCO,407258,413708,26.3,64.03,27.28,63.76,0.97,-0.27
AC,1457,SENA MADUREIRA,43572,47284,26.67,65.72,24.48,70.38,-2.2,4.67
AC,1473,TARAUACÁ,37016,43016,43.45,49.42,37.66,57.82,-5.8,8.4
AC,1490,XAPURI,18720,19608,40.32,54.94,34.33,61.76,-5.99,6.82
AC,1511,PLÁCIDO DE CASTRO,18780,19136,26.01,66.12,25.85,68.77,-0.16,2.65
AC,1538,SENADOR GUIOMARD,27510,29112,25.61,66.4,24.29,69.46,-1.32,3.06
AC,1554,MANOEL URBANO,11068,12864,37.86,56.76,37.55,59.44,-0.31,2.68
AC,1570,ASSIS BRASIL,9742,11042,41.12,55.31,36.5,59.3,-4.62,3.99
AL,27006,PARIPUEIRA,17036,19210,46.77,46.07,42.7,52.05,-4.08,5.98
AL,27014,ÁGUA BRANCA,21562,22212,86.22,8.26,86.22,11.08,0.01,2.82
AL,27022,PARICONHA,13020,14322,86.99,7.6,88.12,9.19,1.13,1.58
AL,27030,ANADIA,17186,18882,72.55,20.91,69.1,27.54,-3.44,6.63
AL,27049,ESTRELA DE ALAGOAS,15756,17472,79.77,13.67,78.51,18.46,-1.25,4.79
AL,27057,ARAPIRACA,233854,247642,50.83,41.44,48.7,45.64,-2.12,4.2
AL,27065,JEQUIÁ DA PRAIA,12246,12488,50.04,43.59,48.89,46.68,-1.15,3.1
AL,27073,ATALAIA,45208,47508,61.47,31.43,59.26,36.73,-2.21,5.3
AL,27081,CAMPESTRE,8088,8484,66.39,26.56,65.96,30.08,-0.44,3.52
AL,27090,BARRA DE SANTO ANTÔNIO,18566,21806,57.72,36.63,52.93,42.53,-4.79,5.9
AL,27111,BARRA DE SÃO MIGUEL,11810,12786,46.38,46.89,44.71,50.48,-1.68,3.58
AL,27138,BATALHA,19194,20318,65.06,28.42,61.0,35.23,-4.06,6.81
AL,27154,BELÉM,6976,7192,70.01,22.65,69.55,26.59,-0.46,3.94
AL,27170,BELO MONTE,8922,9214,71.55,22.55,67.64,28.52,-3.92,5.97
AL,27197,BOCA DA MATA,27064,28140,57.56,36.0,55.47,41.07,-2.09,5.07
AL,27219,BRANQUINHA,12246,12382,69.08,24.02,66.45,30.32,-2.63,6.29
AL,27235,CACIMBINHAS,11910,11828,70.34,22.0,68.87,28.71,-1.47,6.71
AL,27251,CAJUEIRO,20012,20340,64.78,28.38,65.19,30.83,0.41,2.44
AL,27278,CAMPO ALEGRE,36134,38086,65.5,29.22,61.87,34.3,-3.64,5.08
AL,27294,CAMPO GRANDE,13124,13228,77.45,17.31,69.88,26.01,-7.56,8.69
AL,27316,CANAPI,18608,20760,80.74,13.32,77.13,19.76,-3.61,6.44
AL,27332,CAPELA,18962,19228,57.77,35.78,57.55,38.49,-0.22,2.71
AL,27359,CARNEIROS,10082,11128,78.26,14.4,75.79,20.54,-2.47,6.14
AL,27375,CHÃ PRETA,8746,10170,73.02,20.79,67.98,27.96,-5.03,7.18
AL,27391,COITÉ DO NÓIA,13226,14050,76.35,16.77,70.93,24.37,-5.42,7.6
AL,27413,COLÔNIA LEOPOLDINA,20580,21644,53.62,40.72,49.98,46.83,-3.63,6.11
AL,27430,COQUEIRO SECO,7918,8692,59.79,32.84,52.92,41.37,-6.87,8.53
AL,27456,CORURIPE,57378,60756,45.75,47.34,45.74,49.98,-0.01,2.65
AL,27472,DELMIRO GOUVEIA,57206,60834,79.17,15.68,77.29,18.9,-1.88,3.22
AL,27499,DOIS RIACHOS,13086,12642,73.02,21.38,68.85,28.46,-4.17,7.08
AL,27510,FEIRA GRANDE,26818,29246,73.76,19.82,71.24,24.71,-2.52,4.9
AL,27537,FELIZ DESERTO,4888,5532,66.65,29.01,59.76,37.24,-6.89,8.23
AL,27553,FLEXEIRAS,12198,12308,49.2,44.02,47.82,48.57,-1.38,4.55
AL,27570,GIRAU DO PONCIANO,38976,41376,78.49,15.92,75.7,21.12,-2.79,5.21
AL,27596,IBATEGUARA,15844,16074,60.43,32.69,58.5,38.12,-1.92,5.43
AL,27618,IGACI,27556,28396,77.31,16.87,73.74,22.07,-3.57,5.2
AL,27634,IGREJA NOVA,25694,25842,73.11,21.05,69.28,27.34,-3.82,6.3
AL,27650,INHAPI,18092,19828,80.81,13.41,79.95,17.06,-0.86,3.65
AL,27677,JACARÉ DOS HOMENS,7266,7990,77.87,16.79,76.77,20.25,-1.1,3.46
AL,27693,JACUÍPE,8474,9418,68.54,26.13,66.11,30.45,-2.43,4.33
AL,27715,JAPARATINGA,10910,13852,44.47,50.49,43.2,53.55,-1.27,3.07
AL,27731,JARAMATAIA,7518,8128,75.63,18.68,72.88,24.46,-2.75,5.78
AL,27758,JOAQUIM GOMES,20648,22294,68.43,26.01,66.33,30.77,-2.1,4.76
AL,27774,JUNDIÁ,6316,7122,60.13,32.84,56.92,39.29,-3.21,6.45
AL,27790,JUNQUEIRO,28492,29368,63.69,29.45,56.43,38.39,-7.26,8.94
AL,27812,LAGOA DA CANOA,22870,24906,70.37,23.8,65.22,31.41,-5.15,7.6
AL,27839,LIMOEIRO DE ANADIA,28316,30286,74.18,20.81,69.1,28.06,-5.08,7.25
AL,27855,MACEIÓ,968150,992232,40.43,49.59,41.09,52.36,0.66,2.77
AL,27871,MAJOR ISIDORO,21838,22746,66.43,27.58,62.04,35.25,-4.38,7.67
AL,27898,MARAGOGI,33470,38010,41.63,52.97,39.1,57.34,-2.53,4.37
AL,27910,MARAVILHA,11294,12324,75.83,17.8,71.55,23.9,-4.28,6.11
AL,27936,MARECHAL DEODORO,63282,72248,43.36,48.49,42.02,52.6,-1.34,4.11
AL,27952,MARIBONDO,15546,17054,63.99,30.31,60.29,35.97,-3.7,5.66
AL,27979,MAR VERMELHO,5612,5734,69.21,23.49,67.42,28.29,-1.79,4.8
AL,27995,MATA GRANDE,23602,25448,79.93,15.37,79.17,18.37,-0.76,3.0
AL,28010,MATRIZ DE CAMARAGIBE,26052,27264,42.46,51.81,41.82,54.94,-0.64,3.13
AL,28037,MESSIAS,20010,21130,57.73,36.73,55.77,40.53,-1.96,3.8
AL,28053,MINADOR DO NEGRÃO,7086,7234,70.17,22.38,65.14,30.58,-5.03,8.2
AL,28070,MONTEIRÓPOLIS,8334,9372,72.19,18.79,71.11,24.35,-1.08,5.56
AL,28096,MURICI,28780,30284,60.95,32.18,59.41,37.17,-1.53,4.99
AL,28118,NOVO LINO,13922,14596,49.38,44.17,47.03,49.49,-2.35,5.32
AL,28134,OLHO D ÁGUA DAS FLORES,23176,23794,62.17,31.52,58.04,37.98,-4.13,6.46
AL,28150,OLHO D ÁGUA DO CASADO,10640,10598,85.0,9.83,82.43,14.19,-2.57,4.36
AL,28177,OLHO D ÁGUA GRANDE,6888,7454,78.08,16.17,72.74,23.85,-5.34,7.68
AL,28193,OLIVENÇA,14150,15834,71.27,22.11,65.85,30.05,-5.42,7.94
AL,28215,OURO BRANCO,13918,14658,75.92,17.99,70.72,24.16,-5.2,6.17
AL,28231,PALESTINA,6606,7036,73.93,18.17,74.93,20.95,1.0,2.78
AL,28258,PALMEIRA DOS ÍNDIOS,78758,80444,62.34,31.18,59.39,35.76,-2.95,4.58
AL,28274,PÃO DE AÇÚCAR,27264,27318,73.29,20.61,71.84,24.39,-1.45,3.77
AL,28290,PASSO DE CAMARAGIBE,17960,19244,58.45,36.5,53.64,43.4,-4.81,6.9
AL,28312,PAULO JACINTO,9424,10142,68.63,24.34,66.42,29.03,-2.22,4.69
AL,28339,PENEDO,60730,65190,61.47,32.13,57.94,36.93,-3.53,4.79
AL,28355,PIAÇABUÇU,19988,20608,66.25,28.32,62.2,34.05,-4.05,5.73
AL,28371,PILAR,41038,44762,53.57,38.56,50.75,44.8,-2.82,6.23
AL,28398,PINDOBA,4090,4552,66.7,28.66,61.2,36.34,-5.5,7.68
AL,28410,PIRANHAS,26828,28880,81.26,13.42,78.82,17.74,-2.44,4.32
AL,28436,POÇO DAS TRINCHEIRAS,15366,16354,81.8,11.45,77.58,17.99,-4.22,6.54
AL,28452,PORTO CALVO,30304,32262,45.31,48.36,43.03,53.73,-2.28,5.37
AL,28479,PORTO DE PEDRAS,10732,12986,52.78,41.65,46.03,50.59,-6.74,8.94
AL,28495,PORTO REAL DO COLÉGIO,24468,26522,76.46,18.29,71.96,24.4,-4.5,6.12
AL,28517,QUEBRANGULO,14646,15548,71.72,22.83,68.24,28.76,-3.48,5.93
AL,28533,RIO LARGO,96978,107502,50.74,41.75,48.4,46.3,-2.34,4.55
AL,28550,ROTEIRO,8080,8440,58.94,34.16,58.36,38.27,-0.57,4.11
AL,28576,SANTA LUZIA DO NORTE,9722,10156,62.39,31.76,57.35,37.97,-5.05,6.2
AL,28592,SANTANA DO IPANEMA,48346,49706,71.42,22.29,66.0,29.04,-5.42,6.76
AL,28614,SANTANA DO MUNDAÚ,12784,13546,73.47,20.26,70.12,25.88,-3.35,5.62
AL,28630,SÃO BRÁS,10116,11068,71.77,24.08,70.13,26.51,-1.64,2.43
AL,28657,SÃO JOSÉ DA LAJE,24526,25184,58.77,34.88,57.32,38.5,-1.45,3.62
AL,28673,SÃO JOSÉ DA TAPERA,29388,32630,76.1,15.82,72.52,22.76,-3.58,6.94
AL,28690,SÃO LUÍS DO QUITUNDE,32636,33668,52.77,41.91,47.48,49.26,-5.29,7.35
AL,28711,SÃO MIGUEL DOS CAMPOS,63452,63716,48.86,43.96,46.89,48.22,-1.97,4.26
AL,28738,SÃO MIGUEL DOS MILAGRES,10914,12404,49.81,44.11,44.23,52.16,-5.58,8.05
AL,28754,SÃO SEBASTIÃO,37474,39988,73.77,20.66,67.59,28.19,-6.18,7.53
AL,28770,SATUBA,20056,25048,47.19,45.06,43.4,51.33,-3.79,6.27
AL,28797,TANQUE D ARCA,7600,8432,79.32,15.39,73.46,23.29,-5.86,7.9
AL,28819,TAQUARANA,20130,22816,74.62,19.35,72.03,25.09,-2.59,5.73
AL,28835,TRAIPU,26058,27174,76.25,16.92,74.23,22.42,-2.02,5.5
AL,28851,UNIÃO DOS PALMARES,66076,70762,60.48,33.3,59.34,36.71,-1.15,3.41
AL,28878,VIÇOSA,30086,31024,62.76,30.9,60.42,35.39,-2.34,4.49
AL,28894,CRAÍBAS,29442,32786,75.89,17.83,70.46,25.37,-5.43,7.54
AL,28916,SENADOR RUI PALMEIRA,13024,13950,79.47,13.31,75.94,20.29,-3.53,6.97
AL,28932,TEOTÔNIO VILELA,41012,42440,61.69,31.77,57.94,37.13,-3.76,5.36
AM,2003,APUÍ,15608,16612,36.97,58.94,24.58,70.97,-12.38,12.03
AM,2011,NOVO AIRÃO,17418,18994,51.73,42.22,47.46,46.09,-4.27,3.87
AM,2020,GUAJARÁ,15520,17788,40.4,53.53,34.28,61.72,-6.12,8.18
AM,2038,ANORI,16178,17152,56.55,37.9,53.96,40.8,-2.58,2.9
AM,2046,CAREIRO DA VÁRZEA,25610,27478,60.26,33.0,58.1,37.06,-2.16,4.06
AM,2054,ATALAIA DO NORTE,12126,13630,77.92,17.33,71.23,25.41,-6.69,8.08
AM,2070,AUTAZES,42954,46778,63.44,32.06,56.69,38.54,-6.75,6.48
AM,2097,BARCELOS,14776,15542,63.28,31.12,53.88,40.68,-9.4,9.56
AM,2119,BARREIRINHA,32942,36210,89.19,7.33,87.7,8.9,-1.49,1.58
AM,2135,BENJAMIN CONSTANT,33314,39376,82.04,14.24,77.68,18.88,-4.36,4.64
AM,2151,BOCA DO ACRE,31468,34116,45.98,48.56,38.29,57.47,-7.69,8.92
AM,2178,BORBA,32530,37178,76.37,19.86,71.59,24.53,-4.79,4.67
AM,2194,CANUTAMA,13656,15456,56.17,38.91,47.27,47.3,-8.9,8.38
AM,2216,CARAUARI,27536,28912,73.98,19.54,67.03,27.22,-6.94,7.68
AM,2232,CAREIRO,34100,39052,61.29,32.09,57.68,36.22,-3.61,4.12
AM,2259,COARI,70152,74746,58.3,36.26,58.53,37.52,0.23,1.27
AM,2275,CODAJÁS,23340,25736,59.08,37.14,57.07,38.73,-2.01,1.59
AM,2291,EIRUNEPÉ,28136,29884,71.08,23.05,57.99,35.7,-13.09,12.65
AM,2313,ENVIRA,14586,15026,69.27,22.87,57.95,32.81,-11.32,9.94
AM,2330,FONTE BOA,22848,25596,74.26,21.41,72.69,23.93,-1.57,2.52
AM,2356,HUMAITÁ,47890,53678,52.64,41.08,39.52,54.92,-13.11,13.85
AM,2372,SANTA ISABEL DO RIO NEGRO,10776,12674,70.97,23.26,68.72,27.3,-2.25,4.04
AM,2399,IPIXUNA,14874,16270,64.33,27.71,55.06,40.59,-9.27,12.88
AM,2410,ITACOATIARA,107926,114306,61.96,31.47,59.03,35.28,-2.92,3.81
AM,2437,ITAPIRANGA,12720,14672,57.85,38.52,53.09,42.2,-4.75,3.68
AM,2453,JAPURÁ,6644,7684,56.35,34.68,46.2,48.31,-10.15,13.63
AM,2470,JURUÁ,10290,10818,58.68,33.16,53.97,40.71,-4.71,7.55
AM,2496,JUTAÍ,18450,21324,69.96,22.55,57.17,39.19,-12.8,16.64
AM,2518,LÁBREA,37626,44014,63.84,30.75,56.64,38.57,-7.2,7.82
AM,2534,MANACAPURU,112872,125122,54.1,40.65,51.44,43.63,-2.66,2.98
AM,2550,MANAUS,2326194,2365078,37.02,53.55,37.13,54.28,0.11,0.73
AM,2577,MANICORÉ,48440,52652,63.91,30.91,57.79,38.13,-6.12,7.23
AM,2593,MARAÃ,11944,13744,70.06,25.7,63.58,33.21,-6.48,7.5
AM,2615,MAUÉS,53714,56378,82.97,13.8,80.08,16.51,-2.89,2.72
AM,2631,NHAMUNDÁ,22020,24126,83.94,13.08,80.93,16.18,-3.02,3.1
AM,2658,NOVA OLINDA DO NORTE,28126,30636,76.89,18.0,67.29,25.47,-9.6,7.48
AM,2674,NOVO ARIPUANÃ,18436,19404,73.81,21.92,66.0,30.28,-7.82,8.36
AM,2690,PARINTINS,108672,111422,79.54,14.59,78.66,17.03,-0.88,2.44
AM,2712,PAUINI,15152,16754,68.72,26.99,56.23,39.93,-12.49,12.94
AM,2739,SANTO ANTÔNIO DO IÇÁ,24918,29370,71.47,24.3,69.27,27.12,-2.21,2.83
AM,2755,SÃO PAULO DE OLIVENÇA,29164,35224,81.4,13.87,79.0,17.41,-2.4,3.55
AM,2771,SILVES,12896,14830,79.89,16.18,75.68,19.96,-4.2,3.78
AM,2798,TAPAUÁ,18974,21002,50.04,44.31,45.78,49.84,-4.26,5.53
AM,2810,TEFÉ,66410,77496,62.59,32.82,58.78,36.95,-3.82,4.14
AM,2836,SÃO GABRIEL DA CACHOEIRA,42620,47578,79.12,17.52,77.57,19.5,-1.54,1.98
AM,2852,URUCARÁ,17646,18356,75.78,19.99,71.67,25.16,-4.11,5.16
AM,2879,URUCURITUBA,19276,21186,78.62,18.78,73.15,23.51,-5.46,4.73
AM,2895,ALVARÃES,16988,19400,70.8,23.51,67.39,27.74,-3.41,4.23
AM,2917,AMATURÁ,10564,12504,73.02,21.73,75.74,21.56,2.71,-0.17
AM,2933,ANAMÃ,12734,13468,61.68,32.06,63.44,32.4,1.76,0.35
AM,2950,BERURI,20530,22700,62.57,33.39,60.64,35.88,-1.93,2.49
AM,2976,BOA VISTA DO RAMOS,19132,20940,86.44,10.3,83.84,12.79,-2.6,2.49
AM,2992,CAAPIRANGA,14072,13812,65.05,30.2,62.13,33.49,-2.92,3.29
AM,98353,IRANDUBA,60334,73554,54.3,39.21,50.78,43.2,-3.52,3.98
AM,98370,ITAMARATI,9912,10750,72.82,22.68,60.91,34.66,-11.91,11.98
AM,98396,MANAQUIRI,21474,22792,67.12,28.17,64.07,31.27,-3.06,3.09
AM,98418,PRESIDENTE FIGUEIREDO,36208,39682,51.65,41.51,46.66,46.4,-4.99,4.89
AM,98434,RIO PRETO DA EVA,28158,34034,51.94,41.54,48.66,45.47,-3.28,3.94
AM,98450,SÃO SEBASTIÃO DO UATUMÃ,11024,11434,51.42,42.14,50.64,44.41,-0.78,2.27
AM,98477,TABATINGA,53706,61656,64.94,29.03,63.16,32.67,-1.78,3.65
AM,98493,UARINI,13184,15232,65.76,28.2,62.51,33.82,-3.25,5.62
AM,98515,TONANTINS,15864,18508,80.22,15.6,77.34,20.05,-2.88,4.45
AP,6009,PRACUÚBA,6078,6530,54.62,40.51,49.37,44.99,-5.25,4.49
AP,6017,AMAPÁ,10696,12228,59.07,33.04,55.27,37.24,-3.8,4.2
AP,6025,PORTO GRANDE,20634,24026,53.41,39.33,48.03,44.12,-5.38,4.79
AP,6033,CALÇOENE,12256,13738,58.03,34.55,50.6,41.23,-7.42,6.68
AP,6041,ITAUBAL,11746,14456,51.52,40.41,50.44,42.99,-1.08,2.58
AP,6050,MACAPÁ,494730,527436,40.88,45.98,43.3,47.16,2.41,1.19
AP,6068,CUTIAS,8168,10184,56.71,36.12,51.94,41.73,-4.76,5.62
AP,6076,MAZAGÃO,32226,37306,60.87,30.56,59.46,34.32,-1.41,3.76
AP,6084,PEDRA BRANCA DO AMAPARI,14866,13902,54.49,39.92,50.24,43.53,-4.25,3.62
AP,6092,OIAPOQUE,28152,33882,63.12,30.92,57.8,36.06,-5.32,5.14
AP,6106,SERRA DO NAVIO,5936,5942,39.52,54.55,35.48,56.98,-4.05,2.44
AP,6114,FERREIRA GOMES,9846,12234,50.6,40.81,45.58,47.23,-5.02,6.42
AP,6122,VITÓRIA DO JARI,15230,15806,66.45,28.71,61.04,33.76,-5.41,5.05
AP,6130,LARANJAL DO JARI,41442,41112,58.87,34.74,52.29,40.8,-6.58,6.06
AP,6157,SANTANA,136322,142856,42.31,47.85,40.99,50.11,-1.32,2.26
AP,6173,TARTARUGALZINHO,15994,18078,56.53,37.46,52.3,42.33,-4.24,4.86
BA,30007,LUÍS EDUARDO MAGALHÃES,107160,124122,41.43,54.02,32.51,62.03,-8.92,8.01
BA,30058,EUNÁPOLIS,121332,122830,51.44,42.34,47.18,46.18,-4.26,3.84
BA,30660,IUIU,13014,13528,79.7,17.47,72.96,23.23,-6.74,5.75
BA,30678,JABORANDI,13780,14740,75.24,21.35,66.05,29.09,-9.19,7.74
BA,30694,JUSSARI,6686,6934,63.39,32.37,67.55,30.6,4.17,-1.76
BA,30716,AMÉRICA DOURADA,19710,19784,82.64,13.82,77.52,19.23,-5.12,5.41
BA,30732,ARATACA,8942,9456,69.13,25.7,67.43,29.36,-1.71,3.66
BA,30759,BARRO ALTO,16678,18112,78.97,15.21,72.44,21.71,-6.53,6.5
BA,30775,BARROCAS,21604,23768,83.29,12.47,76.35,18.89,-6.94,6.42
BA,30791,BURITIRAMA,22678,23794,77.05,17.81,72.64,24.38,-4.41,6.58
BA,30813,CAPELA DO ALTO ALEGRE,14096,15158,72.6,21.67,69.44,25.61,-3.16,3.94
BA,30830,CAPIM GROSSO,35920,38486,64.52,30.03,58.25,36.91,-6.27,6.88
BA,30856,CANUDOS,19512,20664,81.93,14.7,79.83,17.44,-2.1,2.74
BA,30872,DIAS D ÁVILA,79478,77002,72.05,21.33,68.09,24.97,-3.95,3.64
BA,30899,FÁTIMA,23526,24398,83.34,11.7,79.99,16.43,-3.35,4.73
BA,30910,FILADÉLFIA,22384,23984,74.36,20.58,71.33,25.19,-3.03,4.61
BA,30937,GAVIÃO,6486,6596,69.47,23.93,62.31,31.47,-7.16,7.55
BA,30953,GUAJERU,9362,9346,85.54,10.64,80.01,15.26,-5.52,4.62
BA,30970,HELIÓPOLIS,18268,19446,83.75,10.01,79.98,15.43,-3.78,5.42
BA,30996,JOÃO DOURADO,28664,31308,65.25,30.32,60.97,34.85,-4.27,4.54
BA,33014,ABAÍRA,10114,9880,64.74,28.34,61.48,33.42,-3.26,5.08
BA,33030,ABARÉ,23052,23718,76.33,20.22,72.67,24.97,-3.66,4.74
BA,33057,ACAJUTIBA,17582,18080,77.28,17.61,72.04,23.46,-5.25,5.85
BA,33065,ADUSTINA,18414,19326,80.08,14.47,75.2,20.48,-4.88,6.01
BA,33073,ÁGUA FRIA,18122,19612,78.63,16.12,75.32,20.03,-3.31,3.9
BA,33090,ÉRICO CARDOSO,11884,12146,77.73,17.32,74.84,20.71,-2.9,3.4
BA,33111,AIQUARA,5938,6310,73.86,21.35,73.38,23.87,-0.49,2.51
BA,33138,ALAGOINHAS,169282,169278,66.45,26.02,65.82,27.92,-0.63,1.9
BA,33154,ALCOBAÇA,25958,28428,69.22,26.43,66.88,29.66,-2.33,3.23
BA,33170,ALMADINA,6970,7466,78.51,17.65,78.84,19.26,0.33,1.61
BA,33197,AMARGOSA,41846,42710,66.71,28.83,60.53,35.32,-6.18,6.48
BA,33219,AMÉLIA RODRIGUES,29808,29800,77.48,16.49,75.49,19.35,-1.99,2.86
BA,33235,ANAGÉ,28112,28744,75.15,18.57,75.15,20.9,-0.0,2.33
BA,33251,ANDARAÍ,14592,14576,84.84,12.25,80.19,16.78,-4.65,4.53
BA,33260,ANDORINHA,19522,21778,88.88,8.45,84.97,11.84,-3.92,3.39
BA,33278,ANGICAL,19564,20228,76.64,19.68,69.93,26.1,-6.71,6.42
BA,33294,ANGUERA,14210,16110,82.2,14.41,77.05,19.28,-5.15,4.87
BA,33316,ANTAS,16250,16438,70.14,24.12,64.36,31.77,-5.78,7.64
BA,33332,ANTÔNIO CARDOSO,18310,19162,88.26,8.6,82.12,14.77,-6.14,6.17
BA,33359,ANTÔNIO GONÇALVES,12982,13590,75.26,20.88,73.58,23.08,-1.67,2.2
BA,33375,APORÁ,19882,21326,76.7,17.2,70.5,25.49,-6.21,8.29
BA,33383,ARAÇÁS,15304,15710,79.57,15.9,80.93,15.77,1.36,-0.13
BA,33391,ARACATU,19476,20126,78.15,18.17,73.54,22.78,-4.61,4.61
BA,33405,APUAREMA,8880,9450,70.32,25.34,64.76,30.73,-5.55,5.39
BA,33413,ARACI,56942,60826,82.14,12.93,80.31,16.02,-1.83,3.09
BA,33430,ARAMARI,14074,14504,82.88,11.92,82.78,14.15,-0.1,2.23
BA,33456,ARATUÍPE,12624,12594,79.56,15.64,74.81,21.04,-4.75,5.4
BA,33472,AURELINO LEAL,14122,13738,72.03,22.9,67.14,28.05,-4.89,5.15
BA,33499,BAIANÓPOLIS,18594,19288,73.3,22.29,61.56,34.07,-11.74,11.79
BA,33510,BAIXA GRANDE,21450,22812,69.03,25.29,70.49,26.21,1.45,0.92
BA,33529,BANZAÊ,15882,16850,76.73,17.84,74.24,21.83,-2.49,3.98
BA,33537,BARRA,53498,56238,80.77,15.25,78.34,18.71,-2.43,3.46
BA,33553,BARRA DA ESTIVA,31698,34442,74.26,21.24,62.17,32.95,-12.08,11.7
BA,33570,BARRA DO CHOÇA,42168,43950,76.93,17.46,70.81,24.11,-6.12,6.65
BA,33596,BARRA DO MENDES,19072,18988,87.48,8.64,83.95,11.98,-3.53,3.34
BA,33618,BARRA DO ROCHA,5906,6246,64.1,28.99,63.85,31.48,-0.26,2.49
BA,33634,BARREIRAS,165196,171500,58.05,36.56,50.65,43.61,-7.4,7.05
BA,33650,BARRO PRETO,8610,8546,71.24,22.28,69.69,25.95,-1.55,3.68
BA,33677,BELMONTE,22338,21854,68.09,27.37,66.24,29.71,-1.85,2.34
BA,33693,BELO CAMPO,23112,23910,74.27,20.95,70.1,25.65,-4.18,4.7
BA,33715,BIRITINGA,18566,19888,84.91,10.96,82.86,13.84,-2.04,2.88
BA,33731,BOA NOVA,17086,17962,83.32,11.72,79.61,16.03,-3.71,4.32
BA,33758,BOA VISTA DO TUPIM,20646,20828,71.98,23.15,65.83,30.51,-6.15,7.35
BA,33774,BOM JESUS DA LAPA,72774,76782,76.21,19.67,73.27,22.62,-2.94,2.94
BA,33782,BOM JESUS DA SERRA,12788,13602,85.25,10.53,81.96,14.01,-3.29,3.49
BA,33790,BONINAL,15574,16148,71.11,24.95,67.08,30.08,-4.03,5.13
BA,33804,BONITO,18692,19284,81.34,14.61,74.11,21.03,-7.23,6.43
BA,33812,BOQUIRA,23578,24464,89.74,7.46,86.04,11.34,-3.7,3.88
BA,33839,BOTUPORÃ,13412,14034,81.37,14.11,74.09,21.46,-7.28,7.36
BA,33855,BREJÕES,15988,16464,72.24,22.97,70.24,26.07,-2.0,3.1
BA,33871,BREJOLÂNDIA,11968,12278,70.47,24.1,62.37,34.08,-8.1,9.98
BA,33898,BROTAS DE MACAÚBAS,13872,14964,75.53,19.29,71.55,24.12,-3.99,4.83
BA,33910,BRUMADO,82110,85134,67.79,27.43,63.81,31.2,-3.98,3.77
BA,33936,BUERAREMA,18388,18556,38.95,53.37,43.53,51.69,4.58,-1.68
BA,33952,CAATIBA,8886,8876,66.4,27.48,60.55,34.29,-5.85,6.81
BA,33960,CABACEIRAS DO PARAGUAÇU,20290,21788,83.12,12.22,78.48,17.73,-4.64,5.51
BA,33979,CACHOEIRA,39060,39750,81.52,13.89,79.35,16.7,-2.17,2.81
BA,33995,CACULÉ,27418,28578,69.82,24.12,63.94,31.12,-5.88,7.0
BA,34010,CAEM,11798,12464,81.54,13.95,79.65,17.36,-1.89,3.41
BA,34029,CAETANOS,14978,16752,87.26,9.6,84.78,12.75,-2.48,3.15
BA,34037,CAETITÉ,65512,66108,77.26,17.81,71.64,22.87,-5.62,5.05
BA,34053,CAFARNAUM,21688,22458,73.27,22.06,67.01,28.77,-6.25,6.72
BA,34070,CAIRU,21224,22870,64.51,30.26,60.19,33.93,-4.32,3.67
BA,34096,CALDEIRÃO GRANDE,15052,15568,79.54,15.47,67.99,28.49,-11.55,13.03
BA,34118,CAMACAN,26306,25930,57.92,35.79,54.59,40.49,-3.33,4.7
BA,34134,CAMAÇARI,298768,311854,64.77,27.81,62.18,30.81,-2.6,2.99
BA,34150,CAMAMU,34968,34932,63.9,29.66,59.56,34.77,-4.35,5.11
BA,34177,CAMPO ALEGRE DE LOURDES,34524,37296,82.64,14.08,78.84,18.49,-3.79,4.41
BA,34193,CAMPO FORMOSO,86196,90234,71.13,23.24,65.26,30.39,-5.87,7.15
BA,34215,CANÁPOLIS,13096,13858,79.92,17.03,73.99,22.5,-5.92,5.47
BA,34231,CANARANA,30438,31550,78.36,16.88,72.98,23.07,-5.37,6.19
BA,34258,CANAVIEIRAS,34582,35334,63.25,30.45,59.74,35.31,-3.5,4.87
BA,34274,CANDEAL,12104,12402,76.85,19.25,75.07,22.34,-1.78,3.09
BA,34290,CANDEIAS,100476,96084,80.09,14.87,77.73,16.92,-2.36,2.05
BA,34312,CANDIBA,16858,17680,76.36,19.62,69.68,26.03,-6.67,6.41
BA,34339,CÂNDIDO SALES,29550,31484,70.61,24.36,69.17,27.33,-1.45,2.97
BA,34355,CANSANÇÃO,44188,45962,84.49,12.04,80.25,16.7,-4.24,4.66
BA,34363,CARAÍBAS,12608,13174,74.57,18.61,69.99,25.61,-4.59,7.0
BA,34371,CARAVELAS,23112,23492,66.16,29.31,64.28,31.89,-1.89,2.58
BA,34398,CARDEAL DA SILVA,10842,11376,87.49,9.22,83.88,13.41,-3.61,4.19
BA,34410,CARINHANHA,33804,34978,66.03,29.25,59.92,36.54,-6.11,7.29
BA,34436,CASA NOVA,88500,90074,78.22,18.54,72.77,23.55,-5.45,5.0
BA,34452,CASTRO ALVES,34604,36450,80.69,15.61,73.67,21.44,-7.02,5.83
BA,34479,CATOLÂNDIA,6238,6508,78.49,17.92,67.52,27.35,-10.97,9.43
BA,34495,CATU,62364,62422,76.02,17.74,76.75,18.52,0.73,0.78
BA,34509,CATURAMA,10706,11080,83.64,11.86,79.17,17.0,-4.47,5.14
BA,34517,CENTRAL,20586,21308,78.7,16.63,76.05,20.67,-2.66,4.04
BA,34533,CHORROCHÓ,13500,14372,83.72,12.65,83.01,14.72,-0.71,2.07
BA,34550,CÍCERO DANTAS,38560,39838,75.06,20.17,67.81,27.76,-7.25,7.59
BA,34576,CIPÓ,20346,22730,66.97,28.01,64.62,31.54,-2.35,3.53
BA,34592,COARACI,22900,23020,65.35,29.46,61.28,34.35,-4.08,4.89
BA,34614,COCOS,23244,24458,67.79,28.67,61.02,35.6,-6.77,6.93
BA,34630,CONCEIÇÃO DA FEIRA,27148,26610,77.86,17.16,72.17,22.39,-5.69,5.23
BA,34657,CONCEIÇÃO DO ALMEIDA,23082,22800,81.94,14.58,77.11,19.79,-4.84,5.21
BA,34673,CONCEIÇÃO DO COITÉ,83950,87438,63.01,32.07,58.84,37.13,-4.16,5.06
BA,34690,CONCEIÇÃO DO JACUÍPE,41102,43278,70.68,22.8,63.88,29.21,-6.81,6.41
BA,34711,CONDE,27132,28034,76.79,18.24,74.92,21.71,-1.88,3.47
BA,34738,CONDEÚBA,21268,21480,68.31,25.0,66.42,28.65,-1.89,3.65
BA,34754,CONTENDAS DO SINCORÁ,6586,7082,75.16,19.65,69.73,27.08,-5.43,7.44
BA,34770,CORAÇÃO DE MARIA,33560,34502,80.77,14.93,75.83,19.69,-4.95,4.76
BA,34797,CORDEIROS,9808,10308,64.11,29.0,56.0,38.26,-8.12,9.26
BA,34819,CORIBE,18396,18102,74.42,21.91,66.74,29.34,-7.67,7.44
BA,34835,CORONEL JOÃO SÁ,21578,23300,78.89,16.53,69.24,26.98,-9.64,10.45
BA,34851,CORRENTINA,39544,42102,73.87,21.64,62.98,31.04,-10.89,9.41
BA,34878,COTEGIPE,17530,18106,79.99,17.1,71.41,25.06,-8.58,7.96
BA,34894,CRAVOLÂNDIA,5834,6886,81.45,14.47,78.54,18.47,-2.92,4.01
BA,34916,CRISÓPOLIS,23262,25002,83.5,12.44,79.19,17.81,-4.31,5.37
BA,34932,CRISTÓPOLIS,18292,18974,72.33,22.59,65.02,31.27,-7.31,8.69
BA,34959,CRUZ DAS ALMAS,76858,78408,67.19,27.39,64.21,31.03,-2.99,3.64
BA,34975,CURAÇÁ,40232,44708,78.83,17.19,74.29,21.77,-4.54,4.58
BA,34991,DÁRIO MEIRA,11404,12556,75.53,19.27,74.24,22.51,-1.29,3.23
BA,35017,DOM BASÍLIO,16794,17636,85.3,11.48,77.44,19.05,-7.86,7.57
BA,35033,DOM MACEDO COSTA,7006,7474,71.51,23.49,59.3,34.95,-12.21,11.45
BA,35050,ELÍSIO MEDRADO,11050,11508,72.71,23.1,66.41,29.96,-6.3,6.87
BA,35076,ENCRUZILHADA,22104,22944,72.2,22.68,70.86,26.13,-1.34,3.45
BA,35092,ENTRE RIOS,44890,44398,77.08,17.87,73.38,22.02,-3.7,4.15
BA,35114,ESPLANADA,39168,40390,77.38,18.18,73.1,23.11,-4.28,4.93
BA,35130,EUCLIDES DA CUNHA,69262,71126,80.54,15.02,76.79,19.33,-3.76,4.32
BA,35149,FEIRA DA MATA,8012,8074,62.86,33.62,59.67,36.86,-3.18,3.23
BA,35157,FEIRA DE SANTANA,686574,680062,61.7,31.25,57.13,35.8,-4.57,4.55
BA,35173,FIRMINO ALVES,7226,7640,67.53,28.37,61.81,34.32,-5.73,5.95
BA,35190,FLORESTA AZUL,11536,11676,74.2,21.0,70.04,25.4,-4.16,4.41
BA,35211,FORMOSA DO RIO PRETO,29474,32212,69.92,25.61,58.15,37.81,-11.77,12.2
BA,35238,GANDU,34788,35606,60.88,33.85,56.15,38.9,-4.73,5.06
BA,35254,GENTIO DO OURO,15262,15852,83.7,13.05,77.57,19.67,-6.13,6.62
BA,35270,GLÓRIA,19790,19998,86.92,10.15,85.58,12.01,-1.34,1.86
BA,35297,GONGOGI,7256,7118,75.33,20.12,73.98,21.89,-1.35,1.77
BA,35319,GOVERNADOR MANGABEIRA,27016,28094,78.1,15.42,72.46,22.25,-5.64,6.83
BA,35335,GUANAMBI,103060,105124,64.43,30.73,58.58,36.04,-5.85,5.31
BA,35351,GUARATINGA,21712,22548,68.13,27.25,62.99,33.22,-5.13,5.97
BA,35378,IAÇU,28200,29956,79.39,16.75,74.9,22.03,-4.49,5.28
BA,35394,IBIASSUCÊ,13032,13470,67.48,26.29,64.11,31.22,-3.37,4.94
BA,35416,IBICARAÍ,27610,26910,62.97,31.31,60.24,35.12,-2.73,3.81
BA,35432,IBICOARA,23228,24826,67.45,28.03,59.49,35.7,-7.96,7.68
BA,35459,IBICUÍ,17262,16884,70.57,24.63,63.01,32.15,-7.56,7.52
BA,35475,IBIPEBA,21236,22078,84.13,12.94,77.95,18.24,-6.18,5.3
BA,35491,SANTA RITA DE CÁSSIA,33030,34028,76.83,18.78,72.64,23.93,-4.19,5.14
BA,35513,IBIPITANGA,18364,19578,73.88,22.05,64.16,30.45,-9.72,8.4
BA,35530,IBIQUERA,5754,6090,82.41,12.23,78.39,18.75,-4.02,6.52
BA,35556,IBIRAPITANGA,19832,20966,71.17,23.34,67.9,27.93,-3.27,4.59
BA,35572,IBIRAPUÃ,11236,11778,52.28,44.39,50.06,47.07,-2.22,2.68
BA,35599,IBIRATAIA,21632,22460,62.33,31.16,60.39,34.6,-1.94,3.45
BA,35610,IBITIARA,17264,18042,76.66,18.77,71.26,23.87,-5.4,5.1
BA,35637,IBITITÁ,24370,25758,81.12,15.0,74.66,21.75,-6.47,6.75
BA,35653,IBOTIRAMA,31830,33294,69.24,27.17,63.57,33.08,-5.67,5.91
BA,35670,ICHU,9420,9842,77.11,18.58,73.93,20.75,-3.18,2.17
BA,35696,IGAPORÃ,19118,18756,85.52,10.86,78.23,17.92,-7.3,7.07
BA,35700,IGRAPIÚNA,12826,13508,73.49,19.87,69.54,25.64,-3.95,5.78
BA,35718,IGUAÍ,25778,24504,66.41,29.44,59.58,35.99,-6.83,6.55
BA,35734,ILHÉUS,200108,196686,57.86,34.09,56.83,36.48,-1.03,2.39
BA,35750,INHAMBUPE,39948,41216,76.9,17.79,72.91,23.12,-3.99,5.33
BA,35777,IPECAETÁ,21744,22822,80.78,14.87,75.9,20.59,-4.88,5.72
BA,35793,IPIAÚ,47052,47602,64.82,30.18,60.27,34.15,-4.54,3.97
BA,35815,IPIRÁ,69110,69626,77.99,16.87,71.87,23.71,-6.12,6.84
BA,35831,IPUPIARA,13020,14304,70.55,25.07,63.63,31.67,-6.92,6.6
BA,35858,IRAJUBA,7804,8006,77.68,18.99,73.54,23.16,-4.13,4.17
BA,35874,IRAMAIA,12658,13296,78.29,17.98,76.28,20.95,-2.01,2.97
BA,35890,IRAQUARA,28726,30360,88.34,8.96,82.73,13.68,-5.6,4.72
BA,35912,IRARÁ,37042,38684,77.21,16.85,74.21,20.72,-3.0,3.87
BA,35939,IRECÊ,77850,81358,69.67,25.43,63.25,31.41,-6.42,5.98
BA,35947,ITABELA,31748,31048,60.61,35.23,49.1,45.54,-11.51,10.31
BA,35955,ITABERABA,74470,76134,71.71,22.69,67.99,26.5,-3.72,3.82
BA,35971,ITABUNA,226580,219752,50.03,41.44,50.4,42.94,0.37,1.5
BA,35998,ITACARÉ,26894,28114,72.38,24.09,69.0,27.32,-3.38,3.24
BA,36013,ITAETÉ,15554,16184,70.84,26.13,67.6,30.07,-3.24,3.94
BA,36030,ITAGI,14292,15248,68.02,26.97,66.93,29.35,-1.09,2.39
BA,36056,ITAGIBÁ,17538,19156,66.91,28.56,60.91,33.93,-6.0,5.38
BA,36072,ITAGIMIRIM,8526,9258,66.57,27.49,61.11,33.05,-5.46,5.56
BA,36080,ITAGUAÇU DA BAHIA,16138,17318,83.85,13.29,85.49,12.68,1.64,-0.6
BA,36099,ITAJU DO COLÔNIA,7858,9080,57.75,37.9,63.04,34.36,5.29,-3.54
BA,36110,ITAJUÍPE,24716,24362,66.64,28.31,65.06,30.06,-1.58,1.75
BA,36137,ITAMARAJU,68038,67210,49.06,46.2,44.84,51.67,-4.22,5.48
BA,36153,ITAMARI,9078,8856,67.86,27.16,63.44,32.45,-4.42,5.29
BA,36170,ITAMBÉ,27638,27026,68.67,26.01,66.82,28.88,-1.85,2.88
BA,36196,ITANAGRA,8916,9336,80.19,15.66,76.37,19.92,-3.82,4.27
BA,36218,ITANHÉM,21594,20736,62.22,32.48,57.64,37.79,-4.58,5.31
BA,36234,ITAPARICA,28208,30048,78.23,17.32,78.49,17.84,0.26,0.52
BA,36250,ITAPÉ,12558,12398,64.04,30.82,58.88,37.04,-5.16,6.22
BA,36277,ITAPEBI,11214,11296,73.18,22.56,72.43,24.43,-0.74,1.87
BA,36293,ITAPETINGA,73786,73552,51.64,42.6,52.7,42.53,1.06,-0.07
BA,36315,ITAPICURU,33540,36302,81.78,13.51,77.62,18.45,-4.16,4.93
BA,36331,ITAPITANGA,8986,9050,71.18,24.13,69.37,26.87,-1.81,2.75
BA,36358,ITAQUARA,9292,9684,74.19,21.61,68.24,28.48,-5.96,6.87
BA,36374,ITARANTIM,20482,20698,60.19,35.72,56.4,40.11,-3.79,4.39
BA,36382,ITATIM,19140,20208,70.29,24.65,65.34,30.1,-4.95,5.45
BA,36390,ITIRUÇU,13540,13270,71.83,23.37,70.79,26.24,-1.04,2.87
BA,36412,ITIÚBA,41532,43304,71.73,23.7,70.23,26.37,-1.5,2.67
BA,36439,ITORORÓ,23930,23992,63.14,31.61,60.5,34.74,-2.65,3.13
BA,36455,ITUAÇU,23464,23926,69.45,25.14,61.82,33.54,-7.63,8.4
BA,36471,ITUBERÁ,25652,26124,60.35,33.67,58.3,36.76,-2.05,3.1
BA,36498,JACARACI,16860,17964,79.26,16.26,74.74,20.88,-4.53,4.61
BA,36510,JACOBINA,90800,93718,71.17,23.63,67.63,26.95,-3.54,3.32
BA,36536,JAGUAQUARA,50444,51808,67.62,28.32,62.56,33.0,-5.05,4.68
BA,36552,JAGUARARI,33476,36954,73.33,20.19,72.54,23.0,-0.79,2.8
BA,36579,JAGUARIPE,22530,23138,79.32,15.85,75.68,20.27,-3.64,4.42
BA,36595,JANDAÍRA,12436,13694,81.39,14.51,79.98,17.01,-1.42,2.51
BA,36617,JEQUIÉ,177924,183450,62.13,31.33,58.86,34.7,-3.27,3.36
BA,36633,JEREMOABO,43298,46198,81.04,14.97,76.95,20.45,-4.1,5.49
BA,36650,JIQUIRIÇÁ,16480,17434,76.53,18.51,69.13,24.81,-7.4,6.31
BA,36676,JITAÚNA,17850,19228,71.68,23.62,71.71,24.54,0.03,0.92
BA,36692,JUAZEIRO,253004,263696,65.26,29.55,63.3,31.96,-1.97,2.41
BA,36706,JUCURUÇU,12272,12116,68.27,25.8,63.22,33.0,-5.05,7.2
BA,36714,JUSSARA,20168,22138,88.95,7.99,84.05,13.33,-4.9,5.33
BA,36730,JUSSIAPE,10012,10254,75.19,19.46,69.98,26.49,-5.21,7.03
BA,36757,LAFAIETE COUTINHO,6288,6798,79.42,16.28,70.79,24.98,-8.64,8.69
BA,36765,LAGOA REAL,15848,17038,82.82,12.29,76.69,19.4,-6.14,7.11
BA,36773,LAJE,29850,31160,72.68,23.46,67.73,28.67,-4.95,5.21
BA,36790,LAJEDÃO,6372,6148,59.32,37.01,54.72,42.0,-4.61,4.99
BA,36811,LAJEDINHO,5240,5432,80.53,15.69,76.99,20.18,-3.55,4.49
BA,36820,LAJEDO DO TABOCAL,9336,9394,79.61,16.39,75.2,19.74,-4.41,3.35
BA,36838,LAMARÃO,11434,12480,87.7,9.25,85.64,11.88,-2.06,2.62
BA,36854,LAURO DE FREITAS,234986,238690,63.41,28.94,59.06,33.07,-4.36,4.13
BA,36870,LENÇÓIS,11942,11822,83.55,13.65,79.11,17.54,-4.45,3.89
BA,36897,LICÍNIO DE ALMEIDA,14746,16170,73.16,23.03,68.18,27.92,-4.98,4.89
BA,36919,LIVRAMENTO DE NOSSA SENHORA,53760,56154,75.66,20.19,69.25,26.76,-6.41,6.57
BA,36935,MACAJUBA,13706,14008,74.97,20.06,74.07,22.82,-0.9,2.75
BA,36951,MACARANI,18212,18002,59.57,35.38,56.72,39.28,-2.85,3.9
BA,36978,MACAÚBAS,48416,49590,77.86,17.49,68.97,26.69,-8.89,9.21
BA,36994,MACURURÉ,10118,10322,83.2,11.92,82.54,14.3,-0.66,2.38
BA,37010,MAIQUINIQUE,10862,10720,60.67,35.52,53.9,42.44,-6.77,6.93
BA,37036,MAIRI,19952,20236,75.42,19.5,74.32,22.06,-1.1,2.56
BA,37052,MALHADA,20262,20598,70.97,25.67,66.65,30.58,-4.32,4.9
BA,37079,MALHADA DE PEDRAS,11978,12378,72.33,23.74,67.81,28.94,-4.52,5.19
BA,37095,MANOEL VITORINO,19052,20320,80.9,14.61,75.75,19.2,-5.16,4.59
BA,37117,MARACÁS,31008,31950,76.47,18.56,67.44,27.41,-9.03,8.85
BA,37133,MARAGOGIPE,53398,54906,79.57,15.77,77.41,18.93,-2.16,3.16
BA,37150,MARAÚ,21106,23684,75.58,19.23,71.4,24.13,-4.18,4.9
BA,37176,MARCIONÍLIO SOUZA,10770,11484,78.96,17.75,75.72,21.51,-3.24,3.76
BA,37192,MASCOTE,13288,13372,72.19,23.45,68.26,28.1,-3.92,4.65
BA,37214,MATA DE SÃO JOÃO,61120,63262,75.75,19.16,71.5,22.89,-4.25,3.73
BA,37222,MATINA,14342,14480,87.48,9.39,80.95,15.98,-6.52,6.6
BA,37230,MEDEIROS NETO,27690,27692,59.34,37.3,53.13,42.78,-6.21,5.49
BA,37257,MIGUEL CALMON,30382,30102,69.32,25.95,64.87,30.68,-4.44,4.73
BA,37273,MILAGRES,13676,13436,74.26,22.18,69.56,27.03,-4.7,4.85
BA,37290,MIRANGABA,18554,19610,77.74,18.22,75.26,21.3,-2.48,3.08
BA,37303,MIRANTE,11654,12598,78.82,16.9,74.87,20.86,-3.95,3.96
BA,37311,MONTE SANTO,61976,65676,86.06,10.49,84.39,13.12,-1.68,2.63
BA,37338,MORPARÁ,11324,11378,73.1,23.72,68.76,29.14,-4.34,5.42
BA,37354,MORRO DO CHAPÉU,38984,39266,76.16,18.51,70.14,25.05,-6.02,6.54
BA,37370,MORTUGABA,13404,14052,60.88,32.59,56.93,38.66,-3.95,6.07
BA,37397,MUCUGÊ,14762,15714,68.47,26.84,66.55,29.48,-1.92,2.64
BA,37419,MUCURI,40738,40070,54.79,40.24,50.64,44.12,-4.15,3.88
BA,37427,MULUNGU DO MORRO,16486,17798,86.63,8.97,78.72,15.25,-7.91,6.28
BA,37435,MUNDO NOVO,21596,22008,77.88,17.09,73.35,23.26,-4.53,6.18
BA,37451,MUNIZ FERREIRA,12404,13266,77.31,18.14,71.58,23.87,-5.73,5.73
BA,37460,MUQUÉM DO SÃO FRANCISCO,14438,15266,77.31,19.6,68.77,28.44,-8.54,8.84
BA,37478,MURITIBA,33918,33758,80.1,14.46,77.21,18.73,-2.89,4.27
BA,37494,MUTUÍPE,26240,26330,71.63,22.36,63.33,31.35,-8.3,8.99
BA,37516,NAZARÉ,34214,34144,75.86,19.33,72.83,22.38,-3.03,3.05
BA,37532,NILO PEÇANHA,14108,14986,73.15,21.14,71.24,24.93,-1.91,3.79
BA,37559,NOVA CANAÃ,17638,18124,77.58,18.12,73.5,22.84,-4.08,4.72
BA,37567,NOVA FÁTIMA,11624,12582,74.26,20.34,68.53,26.31,-5.73,5.97
BA,37575,NOVA ITARANA,9502,10466,75.27,20.54,69.58,27.4,-5.69,6.86
BA,37583,NOVA REDENÇÃO,9410,9840,85.91,10.8,83.43,14.19,-2.47,3.39
BA,37591,NOVA SOURE,30258,31632,84.34,11.28,82.33,14.49,-2.01,3.21
BA,37613,NOVA VIÇOSA,44508,45924,51.66,43.49,49.16,47.11,-2.5,3.62
BA,37621,NOVO TRIUNFO,11908,12266,79.39,14.86,74.6,22.08,-4.8,7.21
BA,37630,OLINDINA,28498,29680,82.81,13.38,79.59,16.83,-3.22,3.44
BA,37656,OLIVEIRA DOS BREJINHOS,24910,26676,81.04,15.4,74.92,22.02,-6.12,6.62
BA,37672,OURIÇANGAS,10240,10766,83.5,10.86,79.23,15.88,-4.27,5.02
BA,37680,OUROLÂNDIA,20930,21570,61.43,35.24,56.59,39.56,-4.85,4.32
BA,37699,PALMAS DE MONTE ALTO,26306,26990,84.0,13.04,77.58,19.47,-6.41,6.44
BA,37710,PALMEIRAS,11960,12316,85.07,12.06,80.84,15.82,-4.23,3.76
BA,37737,PARAMIRIM,25228,26210,78.37,16.58,73.77,22.28,-4.6,5.7
BA,37753,PARATINGA,35796,36872,83.04,13.9,77.3,20.07,-5.74,6.17
BA,37770,PARIPIRANGA,34942,36544,78.94,16.39,74.51,21.49,-4.42,5.1
BA,37796,PAU BRASIL,11246,11752,57.25,37.88,62.78,34.8,5.53,-3.08
BA,37818,PAULO AFONSO,125150,125830,77.32,18.4,74.98,20.76,-2.34,2.36
BA,37834,PEDRÃO,9924,10084,86.09,9.13,81.63,13.25,-4.46,4.12
BA,37850,PEDRO ALEXANDRE,14754,16114,81.93,12.0,79.63,16.52,-2.3,4.52
BA,37877,PIATÃ,24052,24894,71.0,20.51,65.27,27.62,-5.74,7.12
BA,37893,PILÃO ARCADO,41294,44772,82.64,13.49,78.45,18.46,-4.19,4.97
BA,37915,PINDAÍ,19818,20606,78.35,16.72,73.65,22.34,-4.7,5.62
BA,37931,PINDOBAÇU,24070,25660,68.96,26.88,67.19,29.77,-1.77,2.89
BA,37940,PIRAÍ DO NORTE,10394,11034,72.35,22.19,66.27,28.82,-6.08,6.63
BA,37958,PIRIPÁ,12354,12608,75.55,18.29,69.61,25.3,-5.95,7.01
BA,37974,PIRITIBA,21204,21510,73.72,21.38,68.15,27.39,-5.57,6.01
BA,37990,PLANALTINO,10122,10296,79.79,15.89,72.16,24.22,-7.62,8.34
BA,38016,PLANALTO,29478,31094,68.42,24.91,66.81,28.87,-1.61,3.97
BA,38032,POÇÕES,54312,56390,73.42,21.17,69.08,26.22,-4.34,5.05
BA,38059,POJUCA,41500,42954,75.22,19.08,74.81,20.55,-0.41,1.46
BA,38067,PONTO NOVO,20046,23864,76.89,17.71,70.64,25.41,-6.25,7.7
BA,38075,PORTO SEGURO,156004,169356,54.85,39.73,49.75,44.05,-5.1,4.32
BA,38091,POTIRAGUÁ,11538,11424,62.89,32.97,59.89,37.22,-3.0,4.25
BA,38113,PRADO,34112,37800,55.73,40.67,51.71,45.21,-4.01,4.55
BA,38130,PRESIDENTE DUTRA,18890,19868,86.85,10.39,83.4,14.26,-3.45,3.88
BA,38156,PRESIDENTE JÂNIO QUADROS,14784,14908,80.71,14.98,75.93,19.59,-4.78,4.61
BA,38164,PRESIDENTE TANCREDO NEVES,32082,33456,68.47,25.39,59.67,35.13,-8.81,9.74
BA,38172,QUEIMADAS,30112,31892,72.87,22.22,68.78,27.03,-4.1,4.81
BA,38199,QUIJINGUE,31894,33682,80.01,14.5,81.6,15.72,1.59,1.22
BA,38210,REMANSO,47442,49760,80.79,15.29,76.33,20.74,-4.46,5.44
BA,38237,RETIROLÂNDIA,19426,20496,77.88,17.18,70.7,23.82,-7.18,6.64
BA,38253,RIACHÃO DAS NEVES,28456,29150,77.14,20.23,70.53,26.46,-6.61,6.24
BA,38270,RIACHÃO DO JACUÍPE,43914,45040,80.26,14.39,74.32,20.01,-5.94,5.62
BA,38296,RIACHO DE SANTANA,35324,35852,83.81,12.52,79.45,16.94,-4.36,4.42
BA,38318,RIBEIRA DO AMPARO,17594,18984,80.43,14.21,78.9,18.32,-1.53,4.11
BA,38334,RIBEIRA DO POMBAL,64826,68902,74.51,20.4,69.64,25.83,-4.88,5.43
BA,38342,RIBEIRÃO DO LARGO,11826,12652,73.92,21.65,69.95,26.53,-3.97,4.88
BA,38350,RIO DE CONTAS,18258,19296,74.33,20.65,70.38,25.84,-3.96,5.19
BA,38377,RIO DO ANTÔNIO,16174,17222,79.34,16.35,76.97,19.81,-2.37,3.46
BA,38393,RIO DO PIRES,12586,14708,78.1,17.89,72.75,23.27,-5.35,5.37
BA,38415,RIO REAL,42096,45096,69.6,23.08,67.97,26.87,-1.63,3.79
BA,38431,RODELAS,11806,11996,81.7,15.13,78.26,18.87,-3.44,3.75
BA,38458,RUY BARBOSA,34222,34738,75.05,20.92,67.33,27.96,-7.72,7.04
BA,38474,SALINAS DA MARGARIDA,21494,23382,82.1,13.74,79.1,17.03,-2.99,3.29
BA,38490,SALVADOR,3053418,2894028,66.99,24.07,65.26,27.03,-1.73,2.97
BA,38512,SANTA BÁRBARA,30368,31118,78.75,16.74,74.57,21.25,-4.18,4.51
BA,38539,SANTA BRÍGIDA,17226,17714,83.82,12.19,81.17,15.46,-2.65,3.27
BA,38555,SANTA CRUZ CABRÁLIA,31466,35142,61.05,34.27,56.32,38.44,-4.73,4.17
BA,38571,SANTA CRUZ DA VITÓRIA,6468,6744,62.0,31.26,57.06,37.16,-4.94,5.9
BA,38598,SANTA INÊS,11508,11946,82.93,13.38,77.8,19.19,-5.13,5.8
BA,38610,SANTALUZ,47442,49966,73.13,21.5,67.94,26.95,-5.2,5.45
BA,38636,SANTA MARIA DA VITÓRIA,46034,47438,71.64,23.89,66.98,28.51,-4.66,4.63
BA,38652,SANTANA,31228,32188,72.84,23.84,64.74,31.54,-8.1,7.7
BA,38679,SANTANÓPOLIS,13662,14310,81.36,14.26,74.45,21.13,-6.91,6.87
BA,38695,SANTA TEREZINHA,13266,14566,79.03,16.7,75.01,21.5,-4.02,4.8
BA,38717,SANTO AMARO,74170,71028,81.5,12.75,81.04,14.52,-0.46,1.77
BA,38733,SANTO ANTÔNIO DE JESUS,116262,120034,65.86,28.61,60.98,32.72,-4.88,4.11
BA,38750,SANTO ESTEVÃO,59034,60768,82.0,14.05,76.39,19.22,-5.61,5.17
BA,38776,SÃO DESIDÉRIO,39120,44434,68.78,27.47,60.07,35.7,-8.72,8.23
BA,38792,SÃO FÉLIX,16148,15718,81.06,13.2,78.76,16.94,-2.3,3.73
BA,38806,SÃO DOMINGOS,12580,12972,71.89,21.56,67.45,27.46,-4.44,5.9
BA,38814,SÃO FELIPE,26748,27878,74.96,19.79,68.46,27.35,-6.5,7.56
BA,38822,SÃO FÉLIX DO CORIBE,19266,19900,63.09,32.2,56.88,38.17,-6.2,5.97
BA,38830,SÃO FRANCISCO DO CONDE,51312,48984,81.68,13.03,81.97,13.87,0.29,0.84
BA,38857,SÃO GONÇALO DOS CAMPOS,46374,46974,79.11,15.81,74.88,19.68,-4.23,3.87
BA,38865,SÃO JOSÉ DO JACUÍPE,12252,13230,75.27,19.07,69.12,26.94,-6.15,7.87
BA,38873,SÃO MIGUEL DAS MATAS,14764,14666,76.52,19.56,73.2,22.32,-3.32,2.76
BA,38890,SÃO SEBASTIÃO DO PASSÉ,53230,51534,83.69,11.53,82.4,13.36,-1.29,1.83
BA,38911,SAPEAÇU,24192,24782,76.88,17.53,71.67,24.17,-5.21,6.64
BA,38938,SÁTIRO DIAS,19576,21396,76.89,17.07,72.63,22.92,-4.26,5.85
BA,38946,SAUBARA,19004,19456,77.24,17.78,73.46,22.07,-3.78,4.3
BA,38954,SAÚDE,13008,13024,75.83,19.25,71.73,24.39,-4.1,5.14
BA,38970,SEABRA,53678,57498,83.85,12.66,76.48,19.02,-7.38,6.36
BA,38997,SEBASTIÃO LARANJEIRAS,10618,11540,74.04,21.98,69.34,27.19,-4.7,5.21
BA,39012,SENHOR DO BONFIM,79146,82626,63.78,30.3,62.13,33.45,-1.65,3.15
BA,39039,SENTO SÉ,44378,47212,73.32,22.82,65.0,31.43,-8.32,8.61
BA,39047,SERRA DO RAMALHO,37464,41390,75.76,20.33,72.39,24.23,-3.36,3.89
BA,39055,SERRA DOURADA,21604,22612,64.53,31.77,60.58,36.39,-3.95,4.62
BA,39071,SERRA PRETA,25874,25756,82.42,13.68,78.47,17.95,-3.95,4.26
BA,39098,SERRINHA,96636,98128,73.14,21.72,72.24,22.69,-0.9,0.97
BA,39110,SERROLÂNDIA,15638,16800,70.16,24.79,65.54,29.85,-4.63,5.06
BA,39136,SIMÕES FILHO,133500,134144,69.53,23.54,66.66,26.33,-2.87,2.79
BA,39144,SÍTIO DO MATO,16170,17868,75.6,20.57,70.09,26.89,-5.5,6.32
BA,39152,SOUTO SOARES,21792,22564,88.24,8.21,82.35,13.69,-5.89,5.48
BA,39179,TABOCAS DO BREJO VELHO,15488,16620,79.25,16.43,69.9,25.63,-9.34,9.21
BA,39195,TANHAÇU,27592,28816,74.9,20.41,71.52,24.03,-3.38,3.62
BA,39217,TANQUINHO,11840,12424,78.06,18.36,73.18,22.97,-4.88,4.61
BA,39233,TAPEROÁ,20748,21290,75.04,20.11,68.68,26.41,-6.36,6.3
BA,39250,TAPIRAMUTÁ,15390,15830,80.96,15.01,70.17,25.91,-10.79,10.9
BA,39276,TEODORO SAMPAIO,10570,10736,86.66,8.76,84.65,11.74,-2.01,2.98
BA,39292,TEOFILÂNDIA,26002,27326,84.32,11.7,82.84,14.04,-1.48,2.34
BA,39314,TEOLÂNDIA,17036,17090,76.18,19.59,69.85,26.23,-6.33,6.63
BA,39330,TERRA NOVA,15550,15700,80.33,14.01,78.27,17.01,-2.07,3.0
BA,39357,TREMEDAL,21282,21942,76.65,18.03,66.48,29.06,-10.16,11.02
BA,39373,TUCANO,60206,63604,77.8,17.64,74.73,21.54,-3.07,3.9
BA,39390,UAUÁ,32798,34906,83.16,12.19,81.37,14.86,-1.79,2.67
BA,39411,UBAÍRA,23402,23710,69.97,25.19,64.54,30.83,-5.43,5.64
BA,39438,UBAITABA,20426,20428,61.47,32.41,58.88,36.31,-2.59,3.9
BA,39454,UBATÃ,17650,17424,63.66,30.3,59.14,35.02,-4.52,4.72
BA,39470,UIBAÍ,18698,19090,78.5,17.58,75.77,20.47,-2.73,2.89
BA,39489,UMBURANAS,16956,17758,69.97,25.74,69.07,27.84,-0.9,2.1
BA,39497,UNA,22450,23872,57.77,34.84,54.78,39.82,-3.0,4.98
BA,39519,URANDI,19484,21546,79.11,17.95,74.84,21.88,-4.28,3.93
BA,39535,URUÇUCA,26350,26420,60.08,35.04,61.39,34.81,1.3,-0.23
BA,39551,UTINGA,18682,19492,77.35,18.25,71.4,24.83,-5.94,6.58
BA,39578,VALENÇA,95452,98248,65.39,28.4,62.76,31.28,-2.62,2.89
BA,39594,VALENTE,30996,32978,64.46,28.65,60.13,33.95,-4.33,5.3
BA,39616,VÁRZEA DO POÇO,10310,11210,72.1,22.35,70.24,25.44,-1.86,3.09
BA,39624,VARZEDO,13904,14992,72.57,22.35,66.13,28.91,-6.44,6.56
BA,39632,VERA CRUZ,51528,55772,75.59,19.2,74.3,21.34,-1.29,2.14
BA,39640,VEREDA,9552,9820,66.96,28.33,62.61,33.34,-4.35,5.01
BA,39659,VITÓRIA DA CONQUISTA,403940,408768,55.4,36.55,52.85,40.58,-2.55,4.02
BA,39675,WAGNER,10124,10320,76.73,19.14,72.29,24.57,-4.44,5.43
BA,39691,WENCESLAU GUIMARÃES,24200,24836,69.52,24.64,64.27,31.93,-5.25,7.29
BA,39713,XIQUE-XIQUE,51482,52080,77.03,18.17,69.55,26.41,-7.48,8.24
BA,39730,LAPÃO,35260,36132,78.01,18.72,72.76,23.61,-5.25,4.88
BA,39748,MADRE DE DEUS,25494,26502,78.31,16.87,76.27,18.65,-2.04,1.77
BA,39756,MAETINGA,8962,9422,75.76,17.54,71.45,24.3,-4.31,6.76
BA,39772,MANSIDÃO,13756,14104,80.21,14.84,81.11,16.49,0.9,1.65
BA,39799,NORDESTINA,14762,16278,80.37,15.95,77.02,19.62,-3.34,3.68
BA,39810,PÉ DE SERRA,18134,19026,66.04,26.61,59.56,35.93,-6.48,9.32
BA,39837,PINTADAS,12328,12440,63.16,31.29,60.77,35.8,-2.39,4.51
BA,39845,QUIXABEIRA,12720,13304,62.39,32.33,52.96,42.96,-9.43,10.64
BA,39853,RAFAEL JAMBEIRO,25924,27402,74.86,20.68,69.75,26.66,-5.12,5.99
BA,39870,SANTA LUZIA,12176,13292,66.61,28.06,62.34,33.81,-4.27,5.75
BA,39896,SÃO GABRIEL,25436,26936,86.04,10.79,81.05,15.76,-4.99,4.97
BA,39900,SÍTIO DO QUINTO,14608,15746,80.57,14.72,72.73,23.52,-7.84,8.81
BA,39918,TANQUE NOVO,21802,23102,82.44,13.82,76.25,19.15,-6.19,5.33
BA,39926,SÃO JOSÉ DA VITÓRIA,7260,7464,58.93,34.88,61.98,33.71,3.05,-1.17
BA,39934,TEIXEIRA DE FREITAS,157044,156196,48.81,45.77,45.39,49.51,-3.43,3.75
BA,39942,NOVO HORIZONTE,14452,14744,76.31,18.38,69.4,25.76,-6.91,7.38
BA,39950,VÁRZEA NOVA,15234,16632,73.14,21.18,68.13,26.79,-5.01,5.62
BA,39969,NOVA IBIÁ,7776,8484,64.4,30.74,62.09,33.97,-2.31,3.23
BA,39977,VÁRZEA DA ROÇA,15404,16184,75.69,19.18,71.59,24.31,-4.11,5.13
BA,39985,SOBRADINHO,30110,30742,75.21,20.43,70.28,24.81,-4.93,4.39
BA,39993,WANDERLEY,16464,16480,70.63,26.74,61.75,35.33,-8.88,8.59
CE,13005,JIJOCA DE JERICOACOARA,28740,33444,64.7,27.88,55.99,38.14,-8.71,10.26
CE,13013,ABAIARA,11386,11760,85.54,10.43,78.81,17.62,-6.73,7.19
CE,13021,MADALENA,22238,23322,80.12,14.24,73.95,21.28,-6.17,7.05
CE,13030,ACARAÚ,70696,75218,69.46,23.45,63.33,32.62,-6.13,9.17
CE,13048,PIRES FERREIRA,13202,14360,74.66,15.54,71.27,23.75,-3.39,8.2
CE,13056,ACOPIARA,59532,61254,79.43,13.27,76.59,20.09,-2.83,6.82
CE,13064,GRAÇA,18302,19878,84.07,9.78,75.78,19.25,-8.29,9.47
CE,13072,AIUABA,16696,17278,83.97,9.87,82.67,13.84,-1.3,3.97
CE,13080,TURURU,23450,25630,73.3,21.03,68.68,27.58,-4.63,6.55
CE,13099,ALCÂNTARAS,14704,15444,78.28,10.92,76.91,18.61,-1.37,7.69
CE,13102,QUITERIANÓPOLIS,25438,26068,80.19,13.68,75.82,19.8,-4.37,6.12
CE,13110,ALTANEIRA,9982,10826,85.81,7.01,83.13,12.36,-2.68,5.35
CE,13129,BARREIRA,29276,32184,59.92,33.78,57.02,39.83,-2.9,6.05
CE,13137,ALTO SANTO,19432,19542,79.99,15.46,73.52,22.08,-6.47,6.62
CE,13145,ACARAPE,19288,20728,62.17,32.4,58.65,37.12,-3.52,4.72
CE,13153,ANTONINA DO NORTE,10106,10396,82.27,10.57,80.2,15.22,-2.06,4.65
CE,13161,CHOROZINHO,27964,29796,71.18,22.02,68.11,28.15,-3.07,6.13
CE,13170,APUIARÉS,20002,20682,75.91,17.33,71.32,23.61,-4.59,6.29
CE,13188,HORIZONTE,93474,100956,61.37,30.6,57.95,35.33,-3.42,4.73
CE,13196,AQUIRAZ,101882,113130,62.63,30.03,58.37,35.88,-4.25,5.86
CE,13200,ERERÉ,8488,8778,82.33,12.13,79.2,17.0,-3.13,4.86
CE,13218,ARACATI,90054,92682,67.1,25.43,63.24,31.31,-3.86,5.88
CE,13226,EUSÉBIO,82128,96198,53.06,38.3,47.38,45.32,-5.68,7.02
CE,13234,ARACOIABA,40118,41970,73.83,20.55,69.06,27.17,-4.76,6.62
CE,13242,GUAIÚBA,32508,34594,73.14,20.97,69.42,26.97,-3.72,6.0
CE,13250,ARARIPE,25556,27040,87.88,6.78,83.18,13.83,-4.7,7.05
CE,13269,POTIRETAMA,9570,9918,84.2,12.94,72.94,23.65,-11.26,10.72
CE,13277,ARATUBA,18728,19486,75.19,17.73,69.55,26.39,-5.64,8.66
CE,13285,PINDORETAMA,30580,34496,70.38,24.15,68.4,27.26,-1.98,3.1
CE,13293,ARNEIROZ,10508,10528,77.9,15.17,73.8,21.98,-4.1,6.81
CE,13307,OCARA,39024,42834,71.88,21.66,68.47,27.07,-3.41,5.41
CE,13315,ASSARÉ,28356,28522,83.14,10.77,77.6,17.66,-5.54,6.89
CE,13323,TEJUÇUOCA,24348,25898,76.29,16.97,70.24,25.4,-6.05,8.43
CE,13331,AURORA,29978,30454,80.33,12.81,73.66,21.95,-6.67,9.15
CE,13340,IPAPORANGA,15092,15748,79.39,16.09,73.06,23.77,-6.33,7.69
CE,13358,BAIXIO,8538,8836,82.27,11.22,81.67,15.44,-0.6,4.22
CE,13366,TARRAFAS,10954,11018,84.94,9.62,81.16,15.16,-3.78,5.53
CE,13374,BARBALHA,77530,84844,73.01,20.28,67.55,27.56,-5.46,7.28
CE,13382,BANABUIÚ,24190,25454,80.25,14.73,74.87,21.8,-5.38,7.07
CE,13390,BARRO,24718,24914,84.17,10.05,80.65,15.56,-3.51,5.51
CE,13404,BARROQUINHA,21768,22770,76.32,15.18,67.28,28.33,-9.04,13.15
CE,13412,BATURITÉ,43304,45600,74.14,20.18,69.64,26.26,-4.5,6.08
CE,13420,ARARENDÁ,14358,15510,75.79,18.79,71.68,25.05,-4.11,6.26
CE,13439,BEBERIBE,70944,76324,67.45,25.01,64.88,29.95,-2.57,4.94
CE,13447,CATUNDA,13674,14814,82.07,11.32,78.84,18.52,-3.22,7.2
CE,13455,BELA CRUZ,31412,33254,66.12,24.41,63.17,32.03,-2.95,7.62
CE,13463,CHORÓ,18074,18274,80.65,14.67,76.56,20.33,-4.09,5.66
CE,13471,BOA VIAGEM,63966,65502,83.19,10.87,73.95,19.97,-9.25,9.1
CE,13480,ITAITINGA,49886,62884,62.96,30.19,56.23,37.38,-6.72,7.18
CE,13498,BREJO SANTO,56706,58392,79.25,15.65,75.48,20.72,-3.77,5.07
CE,13501,FORTIM,24606,28064,66.17,27.47,60.95,33.67,-5.22,6.2
CE,13510,CAMOCIM,74650,78490,64.88,22.86,63.35,30.92,-1.53,8.06
CE,13536,CAMPOS SALES,30268,31538,83.84,11.44,79.39,16.83,-4.45,5.39
CE,13552,CANINDÉ,90698,95452,76.92,17.51,72.24,23.63,-4.68,6.12
CE,13579,CAPISTRANO,25410,26406,77.64,16.43,72.91,23.56,-4.73,7.13
CE,13595,CARIDADE,27286,27968,78.99,15.98,71.31,24.06,-7.68,8.08
CE,13617,CARIRÉ,22946,23360,71.32,20.86,68.55,27.61,-2.76,6.75
CE,13633,CARIRIAÇU,37672,39456,78.98,14.21,73.96,21.56,-5.03,7.35
CE,13650,CARIÚS,23826,25002,81.37,14.0,77.59,18.87,-3.79,4.87
CE,13676,CARNAUBAL,20302,21356,68.3,23.42,63.28,31.61,-5.02,8.19
CE,13692,CASCAVEL,92006,96776,64.52,27.67,60.77,33.77,-3.75,6.1
CE,13714,CATARINA,13156,14122,80.69,13.86,74.89,21.13,-5.8,7.27
CE,13730,CAUCAIA,389602,407714,58.54,32.45,55.98,37.42,-2.55,4.97
CE,13757,CEDRO,31210,31176,77.95,14.11,76.54,19.54,-1.41,5.43
CE,13773,CHAVAL,16276,16342,79.79,14.09,77.08,19.1,-2.71,5.01
CE,13811,COREAÚ,30014,30678,73.2,17.61,69.36,26.88,-3.84,9.27
CE,13838,CRATEÚS,89354,95422,74.52,18.82,71.19,25.87,-3.33,7.06
CE,13854,CRATO,155886,158694,81.08,13.25,76.98,18.63,-4.1,5.38
CE,13870,FARIAS BRITO,26604,28108,84.54,9.83,80.7,15.64,-3.84,5.81
CE,13897,FORTALEZA,3015278,2980748,53.2,35.17,53.48,39.34,0.28,4.17
CE,13919,FRECHEIRINHA,20182,21848,70.34,21.16,61.26,34.31,-9.08,13.15
CE,13935,GENERAL SAMPAIO,11858,12988,78.34,16.11,73.28,22.91,-5.06,6.81
CE,13951,GRANJA,65414,66102,82.6,11.35,79.52,16.93,-3.08,5.58
CE,13978,GRANJEIRO,8724,9966,84.94,10.41,80.55,16.01,-4.38,5.61
CE,13994,GROAÍRAS,14172,14816,63.59,25.3,57.48,36.78,-6.11,11.48
CE,14010,GUARACIABA DO NORTE,48942,51898,71.68,20.1,64.54,30.46,-7.14,10.36
CE,14036,GUARAMIRANGA,9552,10316,74.94,18.32,68.69,26.72,-6.25,8.4
CE,14052,HIDROLÂNDIA,23826,25704,73.47,17.81,70.06,25.98,-3.42,8.17
CE,14060,IBARETAMA,20142,22018,77.54,16.04,76.26,20.46,-1.28,4.42
CE,14079,IBIAPINA,28580,30088,68.67,20.13,59.89,33.79,-8.78,13.67
CE,14095,ICÓ,74812,78128,76.73,16.95,73.69,22.17,-3.04,5.22
CE,14117,IGUATU,111826,116170,78.99,15.75,76.26,19.45,-2.74,3.69
CE,14133,INDEPENDÊNCIA,32286,33806,72.95,21.27,70.24,26.76,-2.71,5.49
CE,14150,IPAUMIRIM,14510,15104,80.98,13.19,78.38,17.66,-2.6,4.47
CE,14176,IPU,49814,53234,77.11,16.61,71.08,24.6,-6.03,7.99
CE,14192,IPUEIRAS,45038,45508,74.83,17.56,69.02,26.83,-5.81,9.26
CE,14214,IRACEMA,17990,18518,80.69,14.83,74.1,22.51,-6.59,7.68
CE,14230,IRAUÇUBA,30416,31492,78.23,15.26,74.57,21.79,-3.66,6.53
CE,14257,ITAIÇABA,11438,11870,67.35,24.08,62.93,31.83,-4.42,7.75
CE,14273,ITAPAJÉ,62476,64082,62.83,30.57,59.32,36.8,-3.51,6.23
CE,14290,ITAPIPOCA,155474,171162,74.01,18.69,71.06,24.83,-2.95,6.14
CE,14311,ITAPIÚNA,24998,25742,72.86,19.9,68.07,28.37,-4.79,8.47
CE,14338,ITATIRA,27478,28752,80.9,14.7,74.16,21.97,-6.74,7.27
CE,14354,JAGUARETAMA,23920,24720,80.45,13.59,74.26,21.32,-6.2,7.73
CE,14370,JAGUARIBARA,13636,14950,78.34,17.16,75.02,21.43,-3.31,4.27
CE,14397,JAGUARIBE,44016,45582,77.88,16.38,73.7,21.52,-4.17,5.14
CE,14419,JAGUARUANA,43804,45440,66.58,26.18,63.6,32.21,-2.97,6.03
CE,14435,JARDIM,31698,33348,81.66,11.58,75.97,19.92,-5.7,8.33
CE,14451,JATI,10354,10690,81.53,12.57,79.89,17.06,-1.65,4.49
CE,14478,JUAZEIRO DO NORTE,300668,323642,72.53,19.91,67.08,26.23,-5.46,6.31
CE,14494,JUCÁS,29066,30040,75.55,16.62,71.39,23.83,-4.15,7.21
CE,14516,LAVRAS DA MANGABEIRA,35306,36970,79.13,12.83,77.35,19.22,-1.78,6.4
CE,14532,LIMOEIRO DO NORTE,74744,76296,72.62,20.22,69.57,24.89,-3.04,4.68
CE,14559,MARANGUAPE,131816,138874,63.45,29.73,60.02,34.85,-3.44,5.12
CE,14575,MARCO,34810,37420,51.27,41.36,51.57,44.82,0.3,3.47
CE,14591,MARTINÓPOLE,16496,17374,81.21,12.88,75.53,20.46,-5.68,7.58
CE,14613,MASSAPÊ,48762,51664,69.11,20.97,65.44,30.11,-3.67,9.14
CE,14630,MAURITI,53512,57880,75.86,17.91,72.52,24.48,-3.34,6.57
CE,14656,MERUOCA,20028,21060,72.27,14.45,67.75,26.32,-4.52,11.87
CE,14672,MILAGRES,33834,35118,84.94,9.59,82.18,13.9,-2.76,4.31
CE,14680,MIRAÍMA,18698,19472,81.79,12.29,78.09,18.47,-3.7,6.18
CE,14699,MISSÃO VELHA,46186,47170,80.92,13.81,78.1,18.53,-2.82,4.72
CE,14710,MOMBAÇA,47686,48396,78.95,15.81,75.76,20.93,-3.18,5.12
CE,14737,MONSENHOR TABOSA,21970,22664,79.19,15.17,71.94,24.91,-7.25,9.75
CE,14753,MORADA NOVA,87782,89544,69.91,21.76,62.16,32.12,-7.75,10.36
CE,14770,MORAÚJO,12068,12768,74.76,17.82,69.6,26.54,-5.16,8.72
CE,14796,MORRINHOS,27600,30496,51.52,42.55,47.71,48.45,-3.81,5.89
CE,14818,MUCAMBO,18296,18670,74.6,16.13,69.79,24.49,-4.8,8.35
CE,14834,MULUNGU,13972,15442,74.32,20.54,69.68,27.47,-4.64,6.93
CE,14850,NOVA OLINDA,19342,20430,79.88,14.77,74.93,21.3,-4.95,6.54
CE,14877,NOVA RUSSAS,36448,38202,68.95,24.18,66.69,29.09,-2.26,4.91
CE,14893,NOVO ORIENTE,33886,33772,80.39,14.11,74.61,22.41,-5.79,8.3
CE,14915,ORÓS,26822,27136,77.23,17.74,73.66,22.32,-3.57,4.59
CE,14931,PACAJUS,84838,89886,60.09,30.99,56.54,37.05,-3.55,6.06
CE,14958,PACATUBA,86238,94394,60.38,31.77,55.6,38.4,-4.79,6.64
CE,14974,PACOTI,16334,16996,75.11,17.5,72.11,23.89,-3.0,6.39
CE,14990,PACUJÁ,9402,10182,80.58,9.38,73.97,19.86,-6.6,10.48
CE,15016,PALHANO,14746,16010,63.8,26.1,58.59,36.53,-5.21,10.43
CE,15032,PALMÁCIA,14836,15784,73.73,20.33,67.4,28.66,-6.33,8.33
CE,15059,PARACURU,50162,53258,66.93,26.22,62.48,32.66,-4.45,6.45
CE,15075,PARAMBU,39118,38668,69.9,23.63,63.97,32.51,-5.93,8.88
CE,15091,PARAMOTI,16058,16448,76.71,17.49,73.01,23.42,-3.7,5.93
CE,15113,PEDRA BRANCA,50318,51046,85.2,10.28,79.59,16.69,-5.61,6.42
CE,15130,PENAFORTE,12894,13816,79.54,13.82,76.65,19.28,-2.89,5.46
CE,15156,PENTECOSTE,51650,52482,74.03,20.88,69.38,26.61,-4.65,5.73
CE,15172,PEREIRO,21772,22118,81.31,12.75,77.3,18.21,-4.0,5.46
CE,15199,PIQUET CARNEIRO,18824,18784,82.64,13.29,74.31,22.84,-8.33,9.55
CE,15210,PORANGA,14584,15498,83.57,11.7,79.26,17.74,-4.31,6.05
CE,15237,PORTEIRAS,21230,22642,83.82,10.82,82.68,14.97,-1.14,4.15
CE,15253,POTENGI,11718,13002,87.18,7.56,84.39,13.01,-2.8,5.45
CE,15270,QUIXADÁ,94558,98902,62.99,30.88,60.2,35.76,-2.78,4.87
CE,15296,QUIXERAMOBIM,92696,96876,76.05,16.47,73.45,22.4,-2.6,5.92
CE,15318,QUIXERÉ,28542,30052,73.32,20.14,67.57,25.71,-5.75,5.57
CE,15334,REDENÇÃO,36860,38150,69.6,23.33,66.83,28.98,-2.77,5.65
CE,15350,RERIUTABA,24278,25388,76.43,13.98,74.85,20.1,-1.58,6.12
CE,15377,RUSSAS,92336,94626,68.15,24.2,63.42,30.47,-4.73,6.26
CE,15393,SABOEIRO,18252,19436,81.07,14.56,77.51,19.39,-3.56,4.82
CE,15415,SANTANA DO ACARAÚ,40618,41768,76.22,16.79,73.36,22.59,-2.86,5.8
CE,15431,SANTANA DO CARIRI,21156,22034,87.06,8.44,83.21,13.57,-3.85,5.13
CE,15440,SALITRE,21438,23584,78.94,12.95,71.72,25.9,-7.23,12.95
CE,15458,SANTA QUITÉRIA,52896,53198,76.72,13.74,74.1,20.67,-2.62,6.93
CE,15474,SÃO BENEDITO,54420,55906,71.1,20.65,63.35,31.79,-7.75,11.14
CE,15490,SÃO GONÇALO DO AMARANTE,74856,81442,61.93,30.42,56.78,37.27,-5.16,6.84
CE,15512,SÃO JOÃO DO JAGUARIBE,9510,9042,78.44,13.4,79.32,16.55,0.87,3.15
CE,15539,SÃO LUÍS DO CURU,17954,19830,71.84,22.35,67.54,28.62,-4.3,6.28
CE,15555,SENADOR POMPEU,32388,32162,69.66,21.82,66.46,29.92,-3.19,8.11
CE,15571,SENADOR SÁ,10668,11578,72.22,19.42,69.01,25.36,-3.21,5.94
CE,15598,SOBRAL,240536,240076,55.46,24.67,59.66,33.74,4.2,9.07
CE,15610,SOLONÓPOLE,22608,22660,81.65,13.13,73.34,21.41,-8.32,8.28
CE,15636,TABULEIRO DO NORTE,38970,40594,77.37,16.82,75.8,19.87,-1.56,3.05
CE,15652,TAMBORIL,32880,32662,76.62,15.56,74.77,22.36,-1.85,6.8
CE,15679,TAUÁ,69660,71764,64.63,25.2,65.08,31.01,0.45,5.82
CE,15695,TIANGUÁ,89122,94876,61.31,30.4,53.92,40.75,-7.4,10.34
CE,15717,TRAIRI,73250,80680,70.49,22.13,66.6,29.14,-3.88,7.01
CE,15733,UBAJARA,39618,43556,63.68,25.39,62.55,32.96,-1.13,7.57
CE,15750,UMARI,9592,10328,73.42,18.18,75.35,21.57,1.93,3.39
CE,15776,URUBURETAMA,28516,29660,71.21,22.75,69.09,27.3,-2.12,4.55
CE,15792,URUOCA,17438,17970,76.92,17.93,71.69,25.11,-5.24,7.18
CE,15814,VÁRZEA ALEGRE,48632,50598,79.99,14.49,74.83,21.11,-5.16,6.62
CE,15830,VIÇOSA DO CEARÁ,70554,74300,74.03,18.46,69.38,26.87,-4.64,8.41
CE,15857,MARACANAÚ,285962,299408,57.5,33.84,54.33,39.14,-3.17,5.3
CE,15873,AMONTADA,52556,56622,74.99,19.07,70.14,26.15,-4.86,7.08
CE,15881,CROATÁ,21410,22486,78.14,13.7,70.86,23.61,-7.28,9.9
CE,15890,CRUZ,33592,36844,63.68,29.21,57.13,37.73,-6.54,8.52
CE,15911,FORQUILHA,30338,31754,60.52,24.08,59.72,33.87,-0.81,9.79
CE,15920,IBICUITINGA,19498,20564,74.18,21.03,67.13,29.0,-7.05,7.97
CE,15938,ICAPUÍ,27600,28806,68.33,26.12,61.99,33.66,-6.34,7.54
CE,15954,ITAREMA,48806,53256,62.28,30.1,59.23,37.18,-3.05,7.08
CE,15970,MILHÃ,17626,18236,81.96,12.5,76.12,19.92,-5.83,7.41
CE,15989,DEPUTADO IRAPUAN PINHEIRO,11600,11862,83.45,9.52,76.45,18.31,-7.0,8.79
CE,15997,PARAIPABA,42248,45020,60.53,32.47,56.9,38.29,-3.63,5.82
CE,98531,QUIXELÔ,23826,24564,82.31,12.28,79.82,17.29,-2.48,5.01
CE,98558,UMIRIM,24130,25236,74.67,19.46,69.97,26.45,-4.7,6.99
CE,98574,VARJOTA,24740,25412,59.55,20.95,59.78,34.28,0.24,13.33
DF,97012,BRASÍLIA,3525150,3545616,36.85,51.65,38.11,51.31,1.26,-0.34
ES,56006,SÃO DOMINGOS DO NORTE,12026,12996,49.83,45.35,44.01,50.34,-5.81,4.99
ES,56014,AFONSO CLÁUDIO,35498,36944,36.76,55.37,33.52,59.54,-3.24,4.17
ES,56022,ÁGUA DOCE DO NORTE,15228,16338,51.46,43.58,48.11,46.93,-3.35,3.36
ES,56030,ALEGRE,35350,34156,45.47,47.95,43.3,50.62,-2.17,2.67
ES,56049,IRUPI,16132,16438,28.87,65.68,25.89,69.58,-2.98,3.9
ES,56057,ALFREDO CHAVES,18470,19206,30.04,63.01,25.28,67.79,-4.75,4.78
ES,56065,ALTO RIO NOVO,8822,9642,53.75,39.76,51.63,42.29,-2.12,2.53
ES,56073,ANCHIETA,36162,38944,40.45,53.17,36.38,57.03,-4.07,3.86
ES,56081,VILA PAVÃO,11888,12680,51.4,42.46,46.94,46.92,-4.46,4.46
ES,56090,APIACÁ,9228,9372,47.85,46.49,45.28,49.4,-2.57,2.91
ES,56103,MARECHAL FLORIANO,20846,21636,34.52,57.44,29.65,62.12,-4.87,4.68
ES,56111,ARACRUZ,106872,110418,41.35,52.46,37.88,54.74,-3.46,2.28
ES,56120,MARATAÍZES,47270,52700,31.12,63.8,29.86,64.82,-1.26,1.02
ES,56138,ATÍLIO VIVÁCQUA,14020,14626,45.39,49.76,39.09,56.21,-6.3,6.46
ES,56146,BREJETUBA,14348,15410,42.0,51.42,37.88,56.38,-4.11,4.96
ES,56154,BAIXO GUANDU,35608,36820,42.75,51.72,37.16,56.9,-5.59,5.17
ES,56162,SÃO ROQUE DO CANAÃ,14824,14714,40.1,53.32,34.29,59.73,-5.8,6.41
ES,56170,BARRA DE SÃO FRANCISCO,47174,49252,44.62,50.53,40.83,53.57,-3.8,3.04
ES,56189,SOORETAMA,28720,29184,50.16,44.69,42.82,50.97,-7.34,6.29
ES,56197,BOA ESPERANÇA,16428,17242,51.98,42.57,47.83,46.94,-4.16,4.37
ES,56200,PONTO BELO,9288,9552,62.47,32.64,58.14,37.5,-4.32,4.86
ES,56219,BOM JESUS DO NORTE,11630,12776,46.1,47.43,42.31,51.44,-3.79,4.01
ES,56227,VILA VALÉRIO,19402,20276,54.39,41.43,46.27,47.46,-8.11,6.04
ES,56235,CACHOEIRO DE ITAPEMIRIM,216378,210930,29.54,63.78,27.34,65.71,-2.2,1.93
ES,56251,CARIACICA,417498,408896,42.23,50.14,39.81,51.85,-2.42,1.71
ES,56278,CASTELO,44552,45758,25.05,67.9,21.94,71.5,-3.11,3.6
ES,56294,COLATINA,138104,136236,34.84,57.02,30.58,61.18,-4.26,4.16
ES,56308,GOVERNADOR LINDENBERG,13034,13390,49.93,43.53,41.27,51.35,-8.66,7.82
ES,56316,CONCEIÇÃO DA BARRA,31622,35066,61.6,33.2,60.07,35.13,-1.53,1.93
ES,56332,CONCEIÇÃO DO CASTELO,14340,14522,27.89,64.23,25.57,67.47,-2.32,3.24
ES,56359,DIVINO DE SÃO LOURENÇO,6630,7536,39.19,54.24,36.04,59.61,-3.15,5.37
ES,56375,DOMINGOS MARTINS,44734,45134,28.37,63.7,24.11,68.19,-4.26,4.5
ES,56391,DORES DO RIO PRETO,9186,9368,43.31,50.64,37.81,56.15,-5.5,5.51
ES,56413,ECOPORANGA,27642,27462,55.6,39.26,51.44,43.17,-4.17,3.91
ES,56430,FUNDÃO,21374,22050,47.46,46.36,44.79,49.13,-2.67,2.77
ES,56456,GUAÇUÍ,31424,32076,39.28,53.74,37.93,55.52,-1.35,1.79
ES,56472,GUARAPARI,143154,147918,32.83,59.69,31.59,60.78,-1.24,1.08
ES,56499,IBIRAÇU,14450,14494,40.14,53.47,37.19,55.79,-2.95,2.32
ES,56502,IBITIRAMA,11038,11714,31.84,61.53,31.23,63.74,-0.61,2.2
ES,56510,ICONHA,17518,17464,35.76,57.04,30.21,62.81,-5.55,5.78
ES,56537,ITAGUAÇU,17142,16798,43.18,50.02,38.6,55.1,-4.58,5.08
ES,56553,ITAPEMIRIM,54590,56546,31.1,63.78,29.41,65.54,-1.69,1.76
ES,56570,ITARANA,14176,14016,35.24,56.77,28.52,64.24,-6.72,7.47
ES,56596,IÚNA,30816,30956,30.06,63.92,28.18,66.12,-1.88,2.2
ES,56618,JERÔNIMO MONTEIRO,14806,14894,44.21,48.14,40.74,51.54,-3.47,3.39
ES,56626,JOÃO NEIVA,19348,19164,38.57,55.01,36.05,57.13,-2.52,2.11
ES,56634,LINHARES,172336,175942,37.32,55.62,34.12,59.14,-3.2,3.52
ES,56650,MANTENÓPOLIS,14448,14820,43.3,52.51,40.4,54.95,-2.9,2.45
ES,56677,MIMOSO DO SUL,30596,29512,50.32,42.95,45.65,48.24,-4.67,5.3
ES,56693,MONTANHA,21318,22224,54.83,40.18,50.85,44.68,-3.98,4.5
ES,56715,MUCURICI,7590,7734,61.24,33.94,57.85,37.5,-3.39,3.56
ES,56731,MUNIZ FREIRE,21018,21614,43.12,49.82,38.6,54.83,-4.51,5.0
ES,56758,MUQUI,17322,16972,44.34,48.11,41.86,51.58,-2.48,3.47
ES,56774,NOVA VENÉCIA,57564,60698,46.63,47.45,42.53,51.02,-4.1,3.57
ES,56790,PANCAS,21932,22246,45.92,48.61,41.51,53.52,-4.42,4.91
ES,56812,PINHEIROS,26756,28208,60.32,34.69,56.08,38.29,-4.23,3.6
ES,56839,PIÚMA,25340,26892,38.76,55.86,35.85,57.78,-2.91,1.92
ES,56855,PRESIDENTE KENNEDY,19096,20082,36.57,59.15,31.57,64.02,-5.0,4.86
ES,56871,RIO NOVO DO SUL,14060,13930,27.85,66.63,24.8,69.83,-3.06,3.21
ES,56898,SANTA LEOPOLDINA,15346,15186,44.23,46.98,41.43,50.82,-2.8,3.84
ES,56910,SANTA TERESA,29476,29258,33.54,59.13,29.09,62.87,-4.45,3.74
ES,56936,SÃO GABRIEL DA PALHA,37680,39710,42.56,52.42,37.0,56.69,-5.56,4.27
ES,56952,SÃO JOSÉ DO CALÇADO,13126,14446,51.59,41.79,49.4,45.58,-2.19,3.78
ES,56979,SÃO MATEUS,128560,134220,50.64,42.74,48.21,45.69,-2.44,2.95
ES,56995,SERRA,532418,537680,44.85,47.18,42.1,49.17,-2.75,1.98
ES,57010,VIANA,80758,84110,43.58,48.99,40.0,52.13,-3.58,3.15
ES,57037,VILA VELHA,536454,540128,36.22,54.83,35.55,55.48,-0.67,0.65
ES,57053,VITÓRIA,426052,418552,41.92,48.18,41.58,49.44,-0.34,1.26
ES,57070,MARILÂNDIA,16468,16956,36.26,57.8,31.45,62.62,-4.82,4.82
ES,57096,IBATIBA,28460,30004,30.52,63.89,27.77,66.62,-2.75,2.74
ES,57118,RIO BANANAL,22474,22888,45.07,48.83,37.85,56.26,-7.22,7.43
ES,57134,JAGUARÉ,33788,36538,59.03,36.72,53.57,41.62,-5.46,4.9
ES,57150,PEDRO CANÁRIO,25304,25794,57.86,36.92,54.53,40.22,-3.32,3.3
ES,57916,LARANJA DA TERRA,14598,15094,37.76,56.04,31.43,62.91,-6.33,6.88
ES,57932,SANTA MARIA DE JETIBÁ,47912,48966,29.68,64.16,22.49,70.07,-7.19,5.91
ES,57959,VARGEM ALTA,24110,24656,27.7,66.23,26.35,68.43,-1.34,2.2
ES,57975,VENDA NOVA DO IMIGRANTE,27946,29486,24.25,68.27,20.99,72.23,-3.25,3.96
ES,57991,ÁGUIA BRANCA,13164,13900,57.72,37.47,50.04,44.52,-7.67,7.05
GO,92010,ABADIÂNIA,16760,18882,30.95,61.96,24.56,60.48,-6.39,-1.48
GO,92029,BONFINÓPOLIS,10596,12172,47.34,44.53,33.67,49.18,-13.67,4.65
GO,92037,ÁGUA LIMPA,3568,3924,44.11,49.61,30.68,54.69,-13.43,5.08
GO,92053,ALEXÂNIA,31232,33398,31.13,60.75,24.64,59.54,-6.49,-1.21
GO,92061,CAMPOS VERDES,6090,6162,64.07,29.79,54.46,33.85,-9.61,4.07
GO,92096,ALOÂNDIA,3250,3316,43.38,48.55,36.73,52.71,-6.65,4.16
GO,92100,CEZARINA,10850,11470,41.59,50.71,32.0,52.89,-9.59,2.18
GO,92118,ALTO PARAÍSO DE GOIÁS,10320,10932,59.38,34.07,52.58,33.9,-6.8,-0.17
GO,92126,COLINAS DO SUL,4962,5426,64.57,28.09,53.56,28.93,-11.01,0.84
GO,92150,ALVORADA DO NORTE,9820,9912,49.86,43.3,42.15,43.66,-7.71,0.36
GO,92169,MORRO AGUDO DE GOIÁS,4620,4906,37.27,56.71,28.58,54.06,-8.7,-2.65
GO,92177,AMORINÓPOLIS,5610,5908,44.21,48.88,33.24,53.99,-10.96,5.12
GO,92207,EDEALINA,5898,6184,38.15,55.75,26.1,61.68,-12.05,5.93
GO,92215,ANÁPOLIS,427208,430942,27.88,63.03,21.84,63.08,-6.04,0.05
GO,92223,FAINA,9330,9618,54.53,39.4,43.52,42.52,-11.01,3.12
GO,92231,ANHANGÜERA,1758,2108,48.69,42.66,40.8,45.07,-7.89,2.4
GO,92258,ANICUNS,23524,23428,37.92,55.35,29.67,53.41,-8.24,-1.94
GO,92266,GOUVELÂNDIA,5766,5892,59.66,34.24,44.7,45.45,-14.96,11.22
GO,92274,APARECIDA DE GOIÂNIA,505924,516272,39.85,50.73,31.58,50.54,-8.27,-0.19
GO,92282,ITAGUARI,7812,8190,51.0,42.6,36.48,45.62,-14.51,3.02
GO,92290,APORÉ,4454,4898,43.02,50.79,28.34,53.49,-14.68,2.71
GO,92312,ARAÇU,6424,6724,48.44,43.99,38.61,43.99,-9.84,0.0
GO,92320,MATRINCHÃ,5782,5816,49.57,43.79,35.01,45.46,-14.56,1.67
GO,92339,ARAGARÇAS,20074,20700,43.2,50.98,35.25,55.3,-7.95,4.32
GO,92347,MIMOSO DE GOIÁS,4894,5162,49.28,42.75,36.54,45.22,-12.75,2.47
GO,92355,ARAGOIÂNIA,13364,15538,43.53,49.24,33.7,48.95,-9.84,-0.29
GO,92363,MONTIVIDIU,14272,15118,33.65,62.02,23.64,70.15,-10.01,8.13
GO,92444,NOVO PLANALTO,5494,6100,45.72,47.62,36.89,50.72,-8.84,3.11
GO,92460,PALESTINA DE GOIÁS,5422,5322,42.01,53.49,29.73,57.99,-12.29,4.5
GO,92495,ARUANÃ,9364,10050,47.86,47.1,35.18,47.32,-12.68,0.23
GO,92517,AURILÂNDIA,4764,4972,54.03,40.18,43.85,44.89,-10.18,4.72
GO,92550,AVELINÓPOLIS,5398,6736,38.01,54.87,26.9,58.14,-11.11,3.26
GO,92568,SANTA FÉ DE GOIÁS,5984,6132,45.69,49.0,32.78,50.33,-12.91,1.33
GO,92614,BALIZA,4216,4836,59.39,35.63,45.86,43.8,-13.53,8.17
GO,92622,SÃO JOÃO DA PARAÚNA,3286,3176,39.56,54.47,25.31,57.93,-14.25,3.46
GO,92630,BARRO ALTO,14162,14674,44.19,49.12,29.78,51.03,-14.41,1.91
GO,92649,SÃO LUIZ DO NORTE,7140,7502,51.48,42.75,43.59,39.03,-7.9,-3.72
GO,92657,BELA VISTA DE GOIÁS,33706,35744,39.26,51.04,28.19,51.51,-11.06,0.47
GO,92665,SÃO MIGUEL DO PASSA QUATRO,5622,6786,45.57,45.71,28.68,51.28,-16.89,5.57
GO,92673,BOM JARDIM DE GOIÁS,10522,11428,53.24,41.7,39.62,50.93,-13.62,9.22
GO,92690,BOM JESUS,25206,26022,46.36,47.47,33.1,56.74,-13.27,9.27
GO,92703,SENADOR CANEDO,128366,144080,42.81,48.62,34.15,48.4,-8.66,-0.23
GO,92711,BRAZABRANTES,5226,5780,42.9,49.75,35.22,47.54,-7.68,-2.21
GO,92720,SIMOLÂNDIA,8146,8106,56.54,36.21,44.02,42.02,-12.53,5.8
GO,92754,BRITÂNIA,7190,7644,39.83,53.07,29.25,57.22,-10.58,4.15
GO,92762,TERESINA DE GOIÁS,3812,4410,63.96,29.96,55.46,29.02,-8.49,-0.93
GO,92770,BURITI ALEGRE,11876,11948,45.2,48.37,32.96,54.52,-12.24,6.15
GO,92789,TROMBAS,4366,4398,47.92,44.48,39.75,46.66,-8.17,2.18
GO,92797,CABECEIRAS,10422,11156,51.14,42.05,39.3,49.0,-11.84,6.95
GO,92800,TURVELÂNDIA,6174,6474,56.53,38.19,42.94,48.97,-13.59,10.77
GO,92819,CACHOEIRA ALTA,11652,10948,46.65,47.24,32.85,54.29,-13.81,7.06
GO,92827,RIO QUENTE,5858,6564,39.23,53.06,27.48,54.2,-11.75,1.15
GO,92835,CACHOEIRA DE GOIÁS,2786,3042,45.51,46.16,34.52,51.15,-11.0,4.99
GO,92851,CAÇU,15796,16000,36.95,56.38,25.15,65.28,-11.8,8.89
GO,92860,GUARINOS,3638,4160,61.02,32.27,46.83,38.75,-14.2,6.48
GO,92878,CAIAPÔNIA,19128,19568,41.68,52.32,31.65,57.19,-10.02,4.86
GO,92886,COCALZINHO DE GOIÁS,23584,25644,38.98,53.71,32.19,52.6,-6.8,-1.11
GO,92894,CALDAS NOVAS,94310,98890,34.27,58.52,27.36,58.67,-6.9,0.15
GO,92908,SANTO ANTÔNIO DE GOIÁS,9556,12138,43.91,48.79,33.53,52.18,-10.38,3.4
GO,92916,CAMPESTRE DE GOIÁS,5636,5914,46.49,46.91,36.49,47.58,-10.0,0.67
GO,92924,CHAPADÃO DO CÉU,12396,14316,32.51,63.33,24.06,68.85,-8.45,5.52
GO,92932,CAMPINORTE,13428,13800,35.3,57.36,26.35,59.0,-8.95,1.64
GO,92940,ALTO HORIZONTE,8944,9156,41.14,54.25,31.3,56.33,-9.84,2.09
GO,92959,CAMPO ALEGRE DE GOIÁS,8042,9004,48.99,44.17,36.16,52.71,-12.83,8.54
GO,92967,CASTELÂNDIA,5254,5702,52.95,43.66,40.02,55.0,-12.93,11.34
GO,92975,CAMPOS BELOS,20828,21214,59.7,34.35,47.9,36.23,-11.8,1.88
GO,92983,JESÚPOLIS,3734,3956,37.17,57.04,27.25,53.94,-9.92,-3.1
GO,92991,CARMO DO RIO VERDE,10804,10950,39.5,55.37,32.89,56.47,-6.61,1.11
GO,93009,APARECIDA DO RIO DOCE,4258,4842,49.27,44.9,34.86,55.43,-14.41,10.53
GO,93017,CATALÃO,111316,112682,48.74,43.8,36.16,49.49,-12.59,5.69
GO,93025,CIDADE OCIDENTAL,68572,75640,44.19,47.19,38.31,46.93,-5.87,-0.26
GO,93033,CATURAÍ,7264,8074,51.82,40.86,40.4,45.06,-11.42,4.2
GO,93041,PROFESSOR JAMIL,4652,5480,51.38,41.1,39.23,43.76,-12.14,2.66
GO,93050,CAVALCANTE,10410,10822,79.42,14.72,71.43,15.8,-8.0,1.08
GO,93068,PEROLÂNDIA,4568,4556,45.53,48.25,30.11,55.22,-15.42,6.98
GO,93076,CERES,26318,26336,33.92,58.82,27.04,59.51,-6.87,0.69
GO,93084,NOVA IGUAÇU DE GOIÁS,4058,4084,48.25,47.02,35.46,50.73,-12.79,3.72
GO,93092,DIVINÓPOLIS DE GOIÁS,6840,7118,63.98,30.32,51.17,34.19,-12.81,3.87
GO,93106,BURITI DE GOIÁS,5150,5330,32.5,61.17,24.43,56.29,-8.08,-4.88
GO,93122,CALDAZINHA,4976,6366,42.44,46.38,30.07,46.94,-12.38,0.55
GO,93149,GUARAÍTA,4246,4410,46.96,46.59,37.51,49.48,-9.46,2.89
GO,93157,CÓRREGO DO OURO,4604,4900,27.63,65.64,20.53,64.57,-7.1,-1.07
GO,93165,INACIOLÂNDIA,7038,7190,58.14,35.46,43.78,43.5,-14.36,8.04
GO,93173,CORUMBÁ DE GOIÁS,11102,11712,39.63,51.85,32.21,51.33,-7.43,-0.51
GO,93181,MONTIVIDIU DO NORTE,5302,5454,48.4,47.0,38.69,48.92,-9.71,1.92
GO,93190,CORUMBAÍBA,10234,10494,42.29,50.32,30.74,55.99,-11.55,5.67
GO,93203,SANTO ANTÔNIO DA BARRA,6142,6406,56.4,39.04,38.68,50.95,-17.72,11.91
GO,93220,TEREZÓPOLIS DE GOIÁS,9904,10582,42.61,49.92,33.94,48.69,-8.66,-1.23
GO,93246,UIRAPURU,4056,4376,55.03,38.56,42.5,39.03,-12.53,0.47
GO,93254,CRISTALINA,51794,57868,34.05,59.95,25.49,64.41,-8.56,4.46
GO,93262,BURITINÓPOLIS,4756,4972,51.18,38.73,44.77,42.56,-6.41,3.83
GO,93270,CRISTIANÓPOLIS,5752,5966,34.63,60.15,22.13,58.67,-12.51,-1.49
GO,93289,VILA BOA,5444,5618,63.34,29.57,48.84,33.32,-14.49,3.75
GO,93297,CRIXÁS,18322,18014,54.43,40.22,42.0,42.28,-12.43,2.05
GO,93300,VALPARAÍSO DE GOIÁS,140180,153206,41.35,50.13,36.27,48.77,-5.08,-1.36
GO,93319,CROMÍNIA,5934,6374,42.74,48.13,31.1,53.44,-11.64,5.31
GO,93327,NOVO GAMA,77844,89334,43.13,49.02,38.05,48.59,-5.08,-0.43
GO,93335,CUMARI,3824,3852,58.84,35.15,49.48,39.77,-9.36,4.63
GO,93343,ÁGUAS LINDAS DE GOIÁS,167536,189508,45.54,46.52,39.05,46.62,-6.49,0.1
GO,93351,DAMIANÓPOLIS,5358,5832,44.76,44.9,35.7,50.82,-9.06,5.92
GO,93360,ABADIA DE GOIÁS,18022,22674,40.49,52.27,30.7,50.71,-9.8,-1.56
GO,93378,DAMOLÂNDIA,5398,5652,46.02,43.39,29.37,46.04,-16.65,2.65
GO,93386,AMARALINA,4692,4252,53.32,39.6,43.23,40.69,-10.1,1.09
GO,93394,DAVINÓPOLIS,5252,5760,58.91,33.78,43.16,43.85,-15.75,10.08
GO,93408,BONÓPOLIS,4952,5284,54.81,39.94,42.54,42.96,-12.26,3.02
GO,93424,PORTEIRÃO,5216,5558,50.31,44.02,35.7,53.04,-14.61,9.02
GO,93432,DIORAMA,3620,3848,37.79,52.49,29.11,56.29,-8.68,3.8
GO,93440,SANTA RITA DO NOVO DESTINO,4312,4626,50.19,43.69,37.74,46.22,-12.44,2.53
GO,93483,SÃO PATRÍCIO,3648,3802,32.24,60.2,25.2,59.13,-7.04,-1.07
GO,93491,EDÉIA,14486,14254,41.57,51.95,28.08,59.65,-13.49,7.69
GO,93505,VILA PROPÍCIO,7764,9170,47.24,46.39,32.89,41.85,-14.35,-4.54
GO,93513,ESTRELA DO NORTE,4608,4786,48.31,43.92,35.85,45.93,-12.45,2.0
GO,93530,FAZENDA NOVA,8392,8574,42.95,51.48,32.96,52.69,-9.99,1.22
GO,93548,IPIRANGA DE GOIÁS,4828,4846,41.96,52.03,32.6,57.33,-9.36,5.3
GO,93564,GAMELEIRA DE GOIÁS,5092,5820,43.13,47.88,31.1,52.51,-12.03,4.63
GO,93572,FIRMINÓPOLIS,12948,13746,32.28,61.41,23.92,61.62,-8.36,0.2
GO,93580,CAMPO LIMPO DE GOIÁS,9348,10340,36.31,57.79,25.24,56.67,-11.07,-1.11
GO,93599,FLORES DE GOIÁS,9974,12036,53.62,40.61,44.43,38.88,-9.19,-1.72
GO,93602,LAGOA SANTA,2226,2498,39.26,54.81,32.67,53.88,-6.6,-0.92
GO,93610,FORMOSA,113862,117348,40.95,51.06,31.91,52.19,-9.04,1.13
GO,93637,FORMOSO,6818,6758,51.57,42.71,42.41,46.73,-9.16,4.02
GO,93670,GOIANÁPOLIS,15908,16698,27.17,67.53,21.44,65.77,-5.73,-1.76
GO,93696,GOIANDIRA,6826,7254,53.44,38.47,43.64,42.62,-9.8,4.15
GO,93718,GOIANÉSIA,84296,88126,40.41,52.49,29.37,55.07,-11.03,2.58
GO,93734,GOIÂNIA,1589284,1582190,33.08,56.09,28.22,54.68,-4.86,-1.41
GO,93750,GOIANIRA,59918,68738,42.79,48.8,33.82,49.07,-8.97,0.27
GO,93777,GOIÁS,28738,27738,54.67,38.57,45.98,40.59,-8.69,2.02
GO,93793,GOIATUBA,40552,42384,37.27,55.39,23.9,61.98,-13.37,6.59
GO,93815,GUAPÓ,20172,21828,47.8,44.02,35.07,45.25,-12.72,1.23
GO,93831,GUARANI DE GOIÁS,6616,7614,64.72,28.08,40.19,26.64,-24.53,-1.45
GO,93874,HEITORAÍ,6050,6352,45.32,47.93,36.59,51.95,-8.74,4.02
GO,93890,HIDROLÂNDIA,28230,35032,41.79,48.4,27.62,44.3,-14.17,-4.1
GO,93912,HIDROLINA,5882,5970,52.3,42.13,43.79,47.57,-8.51,5.44
GO,93939,IACIARA,11774,12688,56.55,35.94,40.24,37.25,-16.31,1.3
GO,93955,INHUMAS,61082,61288,42.87,47.92,30.65,50.11,-12.22,2.19
GO,93971,IPAMERI,29852,30008,44.77,47.96,33.35,52.63,-11.42,4.68
GO,93998,IPORÁ,38400,39574,38.11,54.06,28.1,57.45,-10.01,3.39
GO,94013,ISRAELÂNDIA,4186,4360,47.97,44.67,35.83,48.35,-12.14,3.68
GO,94030,ITABERAÍ,47122,48894,46.0,48.03,33.04,52.77,-12.96,4.73
GO,94072,ITAGUARU,8504,8504,52.35,41.82,42.71,46.0,-9.64,4.19
GO,94110,ITAJÁ,5526,5580,39.31,53.2,25.7,57.71,-13.61,4.5
GO,94137,ITAPACI,22856,22790,48.36,45.41,37.09,51.37,-11.28,5.97
GO,94153,ITAPIRAPUÃ,10056,10178,50.32,44.99,38.79,47.34,-11.53,2.35
GO,94196,ITAPURANGA,34066,34102,45.83,47.94,34.63,50.85,-11.21,2.91
GO,94218,ITARUMÃ,6530,6792,46.28,46.74,33.8,55.21,-12.47,8.47
GO,94234,ITAUÇU,11544,12226,44.39,47.78,33.8,51.94,-10.59,4.16
GO,94250,ITUMBIARA,109064,109952,39.46,52.42,28.62,57.76,-10.85,5.35
GO,94277,IVOLÂNDIA,4194,4554,49.74,42.58,36.23,46.29,-13.51,3.7
GO,94293,JANDAIA,9086,9452,39.4,53.03,30.98,57.62,-8.42,4.59
GO,94315,JARAGUÁ,50250,50852,30.32,62.48,20.0,62.72,-10.33,0.25
GO,94331,JATAÍ,105106,109826,36.29,56.97,26.2,62.49,-10.09,5.53
GO,94358,JAUPACI,4210,4650,48.55,44.32,37.08,45.94,-11.48,1.61
GO,94374,JOVIÂNIA,8528,9044,46.67,46.88,32.18,57.12,-14.49,10.24
GO,94390,JUSSARA,21708,22234,39.44,53.44,28.99,57.1,-10.45,3.67
GO,94439,LEOPOLDO DE BULHÕES,9998,11046,45.35,47.37,32.63,52.33,-12.72,4.96
GO,94455,LUZIÂNIA,192232,205260,38.08,53.89,31.22,51.35,-6.86,-2.54
GO,94471,MAIRIPOTABA,4134,5324,44.32,48.38,27.91,52.1,-16.4,3.72
GO,94498,MAMBAÍ,8858,9924,39.04,55.18,31.16,61.55,-7.88,6.37
GO,94510,MARA ROSA,12430,13392,46.13,48.51,34.65,48.79,-11.48,0.28
GO,94536,MARZAGÃO,3870,4334,47.44,46.46,33.59,49.79,-13.85,3.33
GO,94552,PARANAIGUARA,10460,10634,54.34,38.7,41.3,45.55,-13.04,6.85
GO,94579,MAURILÂNDIA,10404,11500,54.48,40.97,43.95,46.57,-10.53,5.61
GO,94595,MINEIROS,70406,75776,40.21,52.99,27.34,60.45,-12.87,7.46
GO,94650,MOIPORÁ,3440,3644,38.95,53.66,29.69,52.14,-9.26,-1.52
GO,94676,MONTE ALEGRE DE GOIÁS,8026,7908,67.08,26.09,55.08,25.34,-12.0,-0.75
GO,94714,MONTES CLAROS DE GOIÁS,10268,10738,39.13,54.56,31.53,56.38,-7.6,1.82
GO,94730,MORRINHOS,53564,55784,41.49,51.22,27.91,56.36,-13.58,5.14
GO,94757,MOSSÂMEDES,7184,6956,57.43,35.77,44.88,39.39,-12.55,3.62
GO,94773,MOZARLÂNDIA,17152,17138,44.13,49.87,32.3,51.98,-11.83,2.11
GO,94790,MUTUNÓPOLIS,5110,5644,41.25,54.36,29.23,49.36,-12.02,-5.0
GO,94854,NAZÁRIO,11058,11696,40.04,52.92,29.82,57.44,-10.22,4.52
GO,94870,NERÓPOLIS,34974,37174,42.3,49.44,30.53,52.75,-11.77,3.31
GO,94897,NIQUELÂNDIA,39878,39994,44.67,46.95,32.79,47.65,-11.88,0.7
GO,94919,NOVA AMÉRICA,3960,4408,43.59,50.76,28.45,46.87,-15.14,-3.89
GO,94935,NOVA AURORA,3402,3618,52.91,38.45,41.51,45.11,-11.4,6.66
GO,94951,NOVA ROMA,4098,4234,67.59,24.79,46.24,27.63,-21.35,2.84
GO,94978,NOVA VENEZA,12084,12788,41.53,50.78,32.94,50.14,-8.59,-0.64
GO,95010,NOVO BRASIL,5294,5494,43.22,50.96,34.62,52.68,-8.6,1.71
GO,95036,ORIZONA,17962,18666,39.46,49.67,25.25,54.89,-14.21,5.22
GO,95052,OURO VERDE DE GOIÁS,5784,5924,36.79,54.05,25.86,54.19,-10.93,0.14
GO,95079,OUVIDOR,13406,15542,53.08,40.47,37.19,49.26,-15.89,8.79
GO,95095,PADRE BERNARDO,28016,30164,42.18,49.62,33.17,51.58,-9.01,1.96
GO,95117,PALMEIRAS DE GOIÁS,32664,35058,35.89,57.53,28.02,60.79,-7.86,3.26
GO,95133,PALMELO,3508,3524,43.22,49.03,32.69,51.19,-10.53,2.16
GO,95150,PALMINÓPOLIS,6412,6786,32.63,60.64,23.96,60.95,-8.67,0.31
GO,95176,PANAMÁ,3774,4540,47.75,44.2,34.93,48.81,-12.81,4.61
GO,95230,PARAÚNA,12742,13708,39.38,54.97,26.96,62.59,-12.42,7.62
GO,95311,PETROLINA DE GOIÁS,10994,11704,36.49,54.54,27.41,58.34,-9.08,3.8
GO,95354,PILAR DE GOIÁS,5516,5340,55.58,38.22,41.09,46.03,-14.5,7.81
GO,95397,PIRACANJUBA,27198,27578,43.38,47.27,32.16,50.78,-11.21,3.51
GO,95419,PIRANHAS,14020,13890,44.88,49.64,30.45,55.48,-14.43,5.84
GO,95435,PIRENÓPOLIS,30190,31238,42.67,49.62,33.59,51.68,-9.08,2.06
GO,95451,PIRES DO RIO,31792,32086,34.73,57.79,25.9,61.39,-8.83,3.59
GO,95494,PONTALINA,21942,22186,44.3,49.2,29.6,55.88,-14.7,6.68
GO,95559,PORANGATU,46050,45892,43.78,50.1,33.93,55.18,-9.85,5.08
GO,95575,PORTELÂNDIA,4664,5082,46.53,46.1,32.98,57.1,-13.55,11.01
GO,95613,POSSE,36958,38830,49.6,43.98,36.96,49.41,-12.64,5.43
GO,95630,QUIRINÓPOLIS,51974,52394,45.1,48.39,31.02,56.82,-14.09,8.43
GO,95656,RIALMA,13672,14376,34.0,60.18,26.73,61.73,-7.27,1.55
GO,95672,RIANÁPOLIS,5898,5998,32.79,59.92,26.94,57.95,-5.85,-1.97
GO,95710,RIO VERDE,217784,234088,37.66,55.56,26.77,63.69,-10.9,8.13
GO,95737,RUBIATABA,23316,23152,31.14,61.62,23.24,60.36,-7.9,-1.27
GO,95753,SANCLERLÂNDIA,10882,11218,42.12,51.41,33.37,54.43,-8.75,3.02
GO,95770,SANTA BÁRBARA DE GOIÁS,8272,8830,42.05,50.77,30.99,52.1,-11.06,1.32
GO,95796,SANTA CRUZ DE GOIÁS,4896,5280,44.85,47.02,31.06,54.17,-13.79,7.15
GO,95818,SANTA HELENA DE GOIÁS,44590,45774,46.09,46.06,32.77,55.31,-13.31,9.25
GO,95834,SANTA RITA DO ARAGUAIA,6314,6380,45.83,48.97,35.49,52.32,-10.35,3.35
GO,95850,SANTA ROSA DE GOIÁS,5052,5618,47.27,44.14,33.32,49.66,-13.95,5.52
GO,95877,SANTA TEREZA DE GOIÁS,4632,5286,50.09,42.4,41.51,49.94,-8.58,7.54
GO,95893,SANTA TEREZINHA DE GOIÁS,11620,12082,53.12,41.45,43.68,44.23,-9.43,2.79
GO,95915,SÃO DOMINGOS,10120,10084,62.89,31.23,46.05,30.48,-16.83,-0.74
GO,95931,SÃO FRANCISCO DE GOIÁS,7284,7992,37.42,55.05,26.85,56.28,-10.57,1.23
GO,95958,PLANALTINA,91280,97730,46.3,45.29,40.12,46.18,-6.18,0.89
GO,95974,SÃO JOÃO D ALIANÇA,10562,11720,48.72,43.51,36.11,46.69,-12.61,3.17
GO,95990,SÃO LUÍS DE MONTES BELOS,36404,37660,26.79,66.83,20.1,67.96,-6.69,1.12
GO,96016,SÃO MIGUEL DO ARAGUAIA,26684,26484,38.23,56.86,28.68,59.97,-9.54,3.11
GO,96059,SÃO SIMÃO,19966,18974,54.63,40.0,43.98,46.45,-10.66,6.46
GO,96075,SERRANÓPOLIS,9076,9456,47.33,46.72,35.55,53.62,-11.78,6.9
GO,96091,SILVÂNIA,24178,25394,39.43,50.74,27.3,57.75,-12.13,7.01
GO,96113,SÍTIO D ABADIA,4138,4518,54.86,36.15,43.03,38.82,-11.83,2.67
GO,96172,TAQUARAL DE GOIÁS,6756,6792,40.85,50.3,30.39,55.92,-10.46,5.62
GO,96237,TRÊS RANCHOS,5440,5644,55.0,37.43,40.36,43.44,-14.64,6.02
GO,96253,TRINDADE,134854,144310,41.06,49.79,31.29,49.16,-9.77,-0.63
GO,96318,TURVÂNIA,7306,7034,36.74,56.64,28.09,59.94,-8.64,3.3
GO,96334,URUAÇU,43124,44502,43.37,49.93,32.73,54.54,-10.64,4.62
GO,96350,URUANA,16110,16672,41.38,51.96,33.81,52.54,-7.57,0.59
GO,96377,URUTAÍ,5256,5896,49.28,42.31,35.96,45.25,-13.32,2.94
GO,96393,VARJÃO,5660,6598,36.11,54.13,26.01,53.8,-10.11,-0.33
GO,96415,VIANÓPOLIS,16468,17420,33.48,57.83,22.3,63.16,-11.19,5.32
GO,96458,ACREÚNA,22914,24324,44.05,50.04,31.01,60.37,-13.04,10.33
GO,96474,MINAÇU,32482,32052,44.63,49.95,36.17,51.83,-8.47,1.88
GO,96512,MUNDO NOVO,7264,7708,49.89,45.43,36.79,52.96,-13.1,7.53
GO,96539,NOVA CRIXÁS,12970,13872,54.05,41.43,39.32,48.24,-14.73,6.81
GO,96555,NOVA GLÓRIA,10434,10600,43.93,49.05,35.68,50.42,-8.25,1.36
GO,96571,VICENTINÓPOLIS,10016,11082,48.2,46.81,34.8,55.12,-13.41,8.31
GO,96610,AMERICANO DO BRASIL,8114,8656,47.74,43.65,35.91,47.23,-11.84,3.57
GO,96695,ARAGUAPAZ,8950,9040,47.64,45.94,36.33,49.58,-11.32,3.64
GO,96717,ARENÓPOLIS,5192,5490,48.73,44.88,37.12,51.91,-11.61,7.04
GO,96733,CACHOEIRA DOURADA,10554,10642,54.67,40.72,39.58,49.52,-15.09,8.8
GO,96750,DOVERLÂNDIA,8812,8852,45.85,47.37,30.7,53.8,-15.14,6.43
GO,96776,SANTO ANTÔNIO DO DESCOBERTO,65622,69646,41.22,50.08,36.58,49.56,-4.64,-0.52
GO,96814,INDIARA,17274,19046,48.93,45.5,35.57,52.26,-13.36,6.76
GO,96873,CAMPINAÇU,5302,5346,50.36,43.49,39.13,48.75,-11.23,5.25
GO,96890,SANTA ISABEL,5738,5756,40.89,52.7,33.98,54.76,-6.9,2.06
GO,96911,ADELÂNDIA,4352,4582,28.17,65.81,22.83,62.07,-5.34,-3.74
GO,96938,ÁGUA FRIA DE GOIÁS,6776,7508,39.14,52.45,27.28,50.77,-11.86,-1.68
MA,7005,ÁGUA DOCE DO MARANHÃO,15972,16682,81.77,14.63,78.79,17.9,-2.98,3.27
MA,7013,AFONSO CUNHA,10532,11728,87.45,10.06,83.9,13.52,-3.55,3.46
MA,7021,ALTO ALEGRE DO MARANHÃO,26516,27746,78.0,18.91,71.74,25.19,-6.26,6.28
MA,7030,ALCÂNTARA,25812,27886,77.53,17.73,76.71,19.54,-0.82,1.81
MA,7048,ALTO ALEGRE DO PINDARÉ,30098,30136,81.13,15.85,74.18,21.8,-6.94,5.95
MA,7056,ALDEIAS ALTAS,25916,26680,81.89,14.17,76.21,19.87,-5.68,5.7
MA,7064,APICUM-AÇU,20178,21280,71.25,24.32,67.33,28.11,-3.92,3.79
MA,7072,ALTAMIRA DO MARANHÃO,7718,8574,75.28,21.35,67.41,28.78,-7.87,7.43
MA,7080,AMAPÁ DO MARANHÃO,8098,8424,74.49,22.3,66.86,28.7,-7.63,6.4
MA,7099,ALTO PARNAÍBA,11792,12154,68.01,28.04,58.1,37.14,-9.91,9.1
MA,7102,ARAGUANÃ,11256,12114,80.14,16.1,73.35,22.83,-6.78,6.74
MA,7110,AMARANTE DO MARANHÃO,39420,43822,57.09,38.58,49.65,46.81,-7.44,8.23
MA,7129,BACABEIRA,22942,25448,78.04,17.72,71.83,23.22,-6.21,5.5
MA,7137,ANAJATUBA,28508,32008,81.73,14.76,77.45,18.71,-4.28,3.95
MA,7145,BACURITUBA,7496,7872,86.9,9.85,83.41,13.24,-3.49,3.39
MA,7153,ANAPURUS,21456,22368,78.28,17.95,72.87,23.81,-5.41,5.86
MA,7161,BELÁGUA,11516,12672,89.35,9.03,85.61,12.34,-3.75,3.31
MA,7170,ARAIOSES,46890,48796,82.11,13.85,79.96,16.48,-2.15,2.63
MA,7188,BELA VISTA DO MARANHÃO,14464,15566,77.31,19.47,70.23,26.92,-7.08,7.45
MA,7196,ARARI,34954,35534,74.21,20.61,71.16,24.09,-3.05,3.48
MA,7200,BERNARDO DO MEARIM,7844,8092,73.23,22.31,68.54,27.98,-4.69,5.67
MA,7218,AXIXÁ,16182,18552,78.04,18.29,74.53,21.42,-3.51,3.13
MA,7226,CACHOEIRA GRANDE,12742,13650,80.0,16.48,76.28,20.76,-3.72,4.28
MA,7234,BACABAL,103580,113614,64.48,31.06,60.66,35.04,-3.82,3.98
MA,7242,DAVINÓPOLIS,17644,19302,63.02,32.33,54.21,39.79,-8.81,7.46
MA,7250,BACURI,20112,21082,81.88,14.27,77.97,18.71,-3.91,4.44
MA,7269,BOM JESUS DAS SELVAS,29458,29812,66.82,30.23,55.67,40.66,-11.15,10.43
MA,7277,BALSAS,97826,110766,51.65,43.18,38.38,55.46,-13.27,12.28
MA,7285,BOM LUGAR,17220,18312,76.56,21.23,70.11,27.61,-6.46,6.38
MA,7293,BARÃO DE GRAJAÚ,21872,24564,84.62,10.63,78.7,16.31,-5.92,5.68
MA,7307,BREJO DE AREIA,10584,12028,74.23,21.11,63.14,33.87,-11.09,12.76
MA,7315,BARRA DO CORDA,90616,99004,64.7,31.6,61.13,35.32,-3.58,3.72
MA,7323,BOA VISTA DO GURUPI,9260,10114,71.88,24.45,67.13,29.05,-4.74,4.6
MA,7331,BARREIRINHAS,73494,84702,78.54,17.48,72.69,23.34,-5.85,5.86
MA,7340,BURITICUPU,62564,64104,66.87,29.89,56.63,38.81,-10.24,8.92
MA,7358,BENEDITO LEITE,6178,7264,78.99,17.93,69.96,26.46,-9.03,8.52
MA,7366,BURITIRANA,17162,16966,60.95,35.26,52.25,42.87,-8.7,7.61
MA,7374,BEQUIMÃO,27112,28002,79.97,15.45,77.32,18.71,-2.66,3.25
MA,7382,CAMPESTRE DO MARANHÃO,14564,15198,68.44,27.78,57.77,39.15,-10.67,11.37
MA,7390,BREJO,37088,40014,78.52,18.09,73.61,22.96,-4.91,4.86
MA,7404,CAPINZAL DO NORTE,13198,13516,73.34,22.2,67.31,28.37,-6.03,6.17
MA,7412,BURITI,31964,34178,86.25,10.58,82.81,14.44,-3.45,3.86
MA,7420,CENTRAL DO MARANHÃO,10458,11048,88.51,8.95,83.82,12.69,-4.69,3.74
MA,7439,BURITI BRAVO,24934,25804,83.26,12.79,76.98,19.69,-6.28,6.9
MA,7447,CENTRO DO GUILHERME,11416,13004,80.01,17.43,70.86,24.82,-9.16,7.39
MA,7455,CAJAPIÓ,13608,14564,86.3,10.04,83.96,13.14,-2.34,3.1
MA,7463,CENTRO NOVO DO MARANHÃO,17894,18630,77.7,18.48,67.6,27.62,-10.1,9.15
MA,7471,CAJARI,23538,24292,84.88,11.83,82.3,14.79,-2.58,2.96
MA,7480,CIDELÂNDIA,16536,16670,69.84,26.14,62.47,32.39,-7.36,6.26
MA,7498,CÂNDIDO MENDES,23012,24950,72.95,23.05,70.42,25.37,-2.53,2.32
MA,7501,CONCEIÇÃO DO LAGO-AÇU,17232,18120,74.92,21.01,70.88,25.61,-4.04,4.6
MA,7510,CANTANHEDE,19492,21482,81.48,15.64,76.45,20.27,-5.03,4.63
MA,7528,FEIRA NOVA DO MARANHÃO,9638,10040,64.74,30.38,55.5,38.01,-9.25,7.63
MA,7536,CAROLINA,26756,27970,62.37,33.15,54.55,39.65,-7.82,6.5
MA,7544,FERNANDO FALCÃO,14448,15484,76.07,21.44,70.09,27.56,-5.98,6.12
MA,7552,CARUTAPERA,27236,28780,70.72,24.68,66.01,29.08,-4.7,4.4
MA,7560,FORMOSA DA SERRA NEGRA,20114,22596,61.11,33.56,49.23,45.5,-11.88,11.94
MA,7579,CAXIAS,166650,173210,74.13,20.39,68.03,26.04,-6.11,5.66
MA,7595,CEDRAL,13038,14480,78.22,17.56,74.65,20.68,-3.56,3.11
MA,7609,GOVERNADOR EDISON LOBÃO,22236,24188,61.05,34.23,51.2,41.84,-9.86,7.61
MA,7617,CHAPADINHA,85646,92888,72.28,23.49,68.73,26.95,-3.55,3.45
MA,7625,GOVERNADOR LUIZ ROCHA,9044,9740,70.96,25.52,65.63,30.66,-5.34,5.14
MA,7633,CODÓ,110782,118068,73.61,21.01,71.48,24.04,-2.13,3.03
MA,7641,GOVERNADOR NEWTON BELLO,11222,11982,78.77,17.68,71.89,24.94,-6.88,7.26
MA,7650,COELHO NETO,47506,49632,79.92,15.89,78.27,18.1,-1.65,2.21
MA,7668,GOVERNADOR NUNES FREIRE,25038,27056,68.33,28.29,60.91,35.09,-7.42,6.81
MA,7676,COLINAS,40832,42758,78.44,18.33,70.12,25.68,-8.32,7.36
MA,7684,IGARAPÉ DO MEIO,16526,16566,81.34,15.42,76.66,19.87,-4.68,4.45
MA,7692,COROATÁ,62764,65752,72.57,23.9,68.39,27.76,-4.18,3.86
MA,7706,ITAIPAVA DO GRAJAÚ,15390,16684,75.63,21.29,67.48,29.42,-8.16,8.13
MA,7714,CURURUPU,38210,38884,81.16,15.45,77.41,18.86,-3.75,3.4
MA,7722,ITINGA DO MARANHÃO,26708,27552,52.71,42.91,44.77,51.16,-7.94,8.25
MA,7730,DOM PEDRO,26918,28110,67.53,28.57,60.22,35.75,-7.31,7.18
MA,7749,JATOBÁ,9908,10698,80.84,16.39,74.54,22.79,-6.31,6.4
MA,7757,DUQUE BACELAR,14416,15422,86.83,9.73,83.79,13.34,-3.04,3.62
MA,7765,JENIPAPO DOS VIEIRAS,19082,20420,76.63,18.97,72.46,24.96,-4.17,5.99
MA,7773,ESPERANTINÓPOLIS,21244,22390,74.02,22.71,68.24,28.0,-5.77,5.3
MA,7781,JUNCO DO MARANHÃO,7166,7586,78.76,18.03,73.69,23.02,-5.07,4.99
MA,7790,FORTALEZA DOS NOGUEIRAS,15614,17062,68.44,27.71,61.46,35.03,-6.98,7.32
MA,7803,LAGO DOS RODRIGUES,12804,13630,75.65,21.42,69.83,27.29,-5.82,5.88
MA,7811,FORTUNA,18220,19140,79.55,16.39,75.24,21.14,-4.31,4.75
MA,7820,LAGOA DO MATO,11616,12402,84.78,12.4,79.57,18.11,-5.21,5.71
MA,7838,GODOFREDO VIANA,12272,12166,68.97,27.13,62.52,32.8,-6.45,5.66
MA,7846,LAGOA GRANDE DO MARANHÃO,14206,15200,77.85,19.08,67.28,29.55,-10.58,10.48
MA,7854,GONÇALVES DIAS,18520,20194,75.32,20.82,70.05,27.2,-5.27,6.38
MA,7862,LAJEADO NOVO,9694,10822,58.37,37.14,49.12,46.44,-9.24,9.31
MA,7870,GOVERNADOR ARCHER,12000,12280,79.23,16.72,74.02,22.38,-5.21,5.66
MA,7889,MARACAÇUMÉ,21074,22398,67.44,28.12,59.16,36.63,-8.28,8.51
MA,7897,GOVERNADOR EUGÊNIO BARROS,16200,16424,79.62,17.23,72.64,24.25,-6.98,7.01
MA,7900,MARAJÁ DO SENA,8986,10040,75.76,20.61,62.75,33.73,-13.01,13.12
MA,7919,GRAÇA ARANHA,9350,9994,78.55,18.42,72.52,24.71,-6.02,6.3
MA,7927,MARANHÃOZINHO,11996,12764,77.61,18.44,72.02,24.44,-5.59,6.0
MA,7935,GRAJAÚ,74930,82224,64.95,30.8,55.95,39.72,-9.0,8.93
MA,7943,MATÕES DO NORTE,9800,11074,82.65,13.78,76.72,19.83,-5.93,6.05
MA,7951,GUIMARÃES,13584,14164,83.97,12.47,80.56,15.72,-3.41,3.25
MA,7960,MILAGRES DO MARANHÃO,8968,10452,82.29,13.78,79.09,17.99,-3.21,4.2
MA,7978,HUMBERTO DE CAMPOS,33856,35686,79.9,16.14,77.27,18.45,-2.63,2.3
MA,7986,NOVA COLINAS,6738,7018,73.67,21.13,63.12,31.78,-10.55,10.64
MA,7994,ICATU,34386,37390,79.29,16.54,77.54,18.97,-1.75,2.44
MA,8001,NOVA OLINDA DO MARANHÃO,18832,19958,77.09,18.72,71.03,24.54,-6.06,5.82
MA,8010,IGARAPÉ GRANDE,13230,13666,63.55,31.72,59.32,37.63,-4.24,5.91
MA,8028,OLINDA NOVA DO MARANHÃO,14938,16438,80.4,14.59,76.63,19.14,-3.77,4.54
MA,8036,IMPERATRIZ,287318,307526,43.28,49.3,39.03,53.16,-4.25,3.85
MA,8044,PAULINO NEVES,21946,24148,80.51,14.81,77.46,18.25,-3.05,3.45
MA,8052,SÃO LUÍS GONZAGA DO MARANHÃO,24704,25140,83.95,13.28,80.49,17.35,-3.47,4.07
MA,8060,PEDRO DO ROSÁRIO,25210,26538,83.21,13.78,79.25,17.48,-3.96,3.7
MA,8079,ITAPECURU MIRIM,67638,71992,76.97,18.31,72.21,22.56,-4.76,4.25
MA,8087,PERITORÓ,24256,24048,80.94,16.14,74.08,22.37,-6.87,6.23
MA,8095,JOÃO LISBOA,32398,34924,63.2,31.7,54.34,39.65,-8.86,7.95
MA,8109,PORTO RICO DO MARANHÃO,9540,10376,71.55,23.65,69.14,26.25,-2.41,2.61
MA,8117,JOSELÂNDIA,18222,19194,77.03,19.69,70.33,26.08,-6.69,6.39
MA,8125,PRESIDENTE MÉDICI,7886,8898,78.19,16.54,71.52,24.19,-6.67,7.65
MA,8133,LAGO DA PEDRA,50722,53006,59.06,37.99,52.85,43.82,-6.2,5.83
MA,8141,PRESIDENTE SARNEY,20872,22520,82.0,14.85,78.29,16.76,-3.72,1.91
MA,8150,LAGO DO JUNCO,12596,13842,75.67,21.82,69.8,27.97,-5.87,6.16
MA,8168,RAPOSA,32798,39534,65.03,29.92,59.06,34.68,-5.97,4.77
MA,8176,LAGO VERDE,18082,18872,82.15,15.37,77.03,20.09,-5.11,4.72
MA,8184,RIBAMAR FIQUENE,9884,9818,65.38,30.37,58.36,36.38,-7.02,6.01
MA,8192,LIMA CAMPOS,16098,17090,66.89,28.91,62.93,33.05,-3.96,4.14
MA,8206,SANTA FILOMENA DO MARANHÃO,9162,9734,79.83,17.03,71.97,25.52,-7.86,8.49
MA,8214,LORETO,12518,13344,75.91,20.24,67.64,28.39,-8.27,8.14
MA,8222,SANTANA DO MARANHÃO,11532,12112,79.22,18.02,75.21,21.61,-4.01,3.6
MA,8230,LUÍS DOMINGUES,8578,9146,65.26,29.59,61.14,33.94,-4.12,4.35
MA,8249,SANTO AMARO DO MARANHÃO,17382,21060,82.6,13.82,76.77,18.87,-5.83,5.05
MA,8257,MAGALHÃES DE ALMEIDA,18438,18848,75.77,19.12,72.02,23.12,-3.75,4.0
MA,8265,SÃO DOMINGOS DO AZEITÃO,9990,10846,77.12,19.38,65.98,29.93,-11.14,10.55
MA,8273,MATA ROMA,23584,25396,78.85,17.37,74.22,22.66,-4.63,5.29
MA,8281,SÃO FRANCISCO DO BREJÃO,12004,12604,59.85,36.07,51.25,45.05,-8.59,8.98
MA,8290,MATINHA,29654,31610,74.67,21.78,70.63,25.69,-4.05,3.91
MA,8303,SÃO JOÃO DO CARÚ,14242,14422,73.43,23.0,66.68,29.68,-6.75,6.67
MA,8311,MATÕES,37394,40258,82.33,13.76,78.57,18.73,-3.77,4.97
MA,8320,SÃO JOÃO DO PARAÍSO,13094,14146,61.4,34.31,52.27,42.6,-9.13,8.29
MA,8338,MIRADOR,23552,25820,81.23,16.27,72.14,24.69,-9.1,8.42
MA,8346,SÃO JOÃO DO SOTER,20252,21214,86.14,11.14,82.38,14.75,-3.77,3.61
MA,8354,MIRINZAL,16582,18000,77.25,18.54,74.29,21.58,-2.96,3.04
MA,8362,SÃO JOSÉ DOS BASÍLIOS,9690,10058,83.98,13.33,78.54,18.29,-5.44,4.96
MA,8370,MONÇÃO,28646,31350,79.85,16.23,76.26,20.7,-3.6,4.48
MA,8389,SÃO PEDRO DA ÁGUA BRANCA,13766,13964,63.69,32.94,52.75,43.71,-10.94,10.78
MA,8397,MONTES ALTOS,11640,11810,64.69,30.09,57.71,37.17,-6.98,7.09
MA,8400,SÃO PEDRO DOS CRENTES,7046,7604,37.38,58.61,31.43,65.15,-5.95,6.54
MA,8419,MORROS,24752,27200,77.73,18.94,74.06,22.67,-3.67,3.73
MA,8427,SÃO RAIMUNDO DO DOCA BEZERRA,7578,7710,77.7,17.5,71.02,25.37,-6.67,7.87
MA,8435,NINA RODRIGUES,14842,15968,80.68,15.47,75.69,21.36,-4.99,5.89
MA,8443,SÃO ROBERTO,6916,6884,80.65,16.66,73.24,23.56,-7.41,6.9
MA,8451,NOVA IORQUE,5954,6384,79.98,16.63,74.09,23.25,-5.89,6.62
MA,8460,SATUBINHA,10550,11724,74.22,20.68,69.57,26.6,-4.65,5.91
MA,8478,OLHO D ÁGUA DAS CUNHÃS,21338,22030,76.7,19.23,71.08,24.44,-5.61,5.21
MA,8486,SENADOR ALEXANDRE COSTA,11702,12400,76.96,20.0,71.71,25.6,-5.25,5.6
MA,8494,PAÇO DO LUMIAR,123646,148540,60.45,31.84,56.81,35.12,-3.65,3.28
MA,8508,SENADOR LA ROCQUE,18190,19160,67.6,28.52,58.8,35.14,-8.8,6.61
MA,8516,PALMEIRÂNDIA,23364,24642,83.53,13.58,80.96,15.82,-2.57,2.24
MA,8524,SERRANO DO MARANHÃO,12948,13634,89.37,8.71,86.72,10.9,-2.65,2.19
MA,8532,PARAIBANO,20912,21254,81.78,15.19,76.05,21.29,-5.73,6.11
MA,8540,SUCUPIRA DO RIACHÃO,6464,6862,85.98,10.21,78.58,17.78,-7.41,7.57
MA,8559,PARNARAMA,36002,37790,84.93,11.5,81.06,15.46,-3.87,3.96
MA,8567,TRIZIDELA DO VALE,25826,26858,66.02,28.99,60.01,35.33,-6.01,6.33
MA,8575,PASSAGEM FRANCA,19592,21532,78.72,17.15,72.37,23.57,-6.35,6.42
MA,8583,TUFILÂNDIA,8530,8664,80.84,17.21,72.97,23.64,-7.88,6.43
MA,8591,PASTOS BONS,21752,23016,78.79,18.49,69.54,26.96,-9.25,8.47
MA,8605,TURILÂNDIA,21362,22720,78.49,18.11,70.58,24.41,-7.91,6.3
MA,8613,PEDREIRAS,44588,44798,63.82,32.07,59.66,35.61,-4.16,3.55
MA,8621,VILA NOVA DOS MARTÍRIOS,12424,12970,62.2,33.13,54.49,41.11,-7.71,7.98
MA,8630,PENALVA,36580,37276,84.2,12.55,81.83,14.73,-2.38,2.19
MA,8656,PERI MIRIM,16582,17410,81.18,15.96,79.26,17.97,-1.92,2.01
MA,8672,PINDARÉ-MIRIM,37520,38280,75.66,20.36,70.92,25.09,-4.74,4.73
MA,8699,PINHEIRO,89156,93072,71.54,22.76,68.39,26.03,-3.15,3.27
MA,8710,PIO XII,28026,28940,77.96,18.62,71.27,25.34,-6.68,6.72
MA,8737,PIRAPEMAS,18020,18316,81.03,15.67,76.62,19.95,-4.41,4.28
MA,8753,POÇÃO DE PEDRAS,21858,22382,71.61,24.18,68.72,28.5,-2.88,4.31
MA,8770,PORTO FRANCO,27588,29704,59.89,35.38,52.6,41.89,-7.29,6.5
MA,8796,PRESIDENTE DUTRA,46744,52316,65.87,30.36,59.07,36.54,-6.8,6.18
MA,8818,PRESIDENTE JUSCELINO,14666,15208,81.24,14.93,78.8,17.83,-2.43,2.9
MA,8834,PRESIDENTE VARGAS,15088,15892,84.5,11.82,81.65,14.84,-2.85,3.01
MA,8850,PRIMEIRA CRUZ,15932,17702,85.24,11.69,80.62,15.91,-4.61,4.22
MA,8877,RIACHÃO,24038,25582,70.96,25.83,62.4,33.48,-8.57,7.66
MA,8893,SÃO JOSÉ DE RIBAMAR,183680,211076,61.6,31.4,58.02,34.53,-3.58,3.13
MA,8915,ROSÁRIO,47758,50458,74.66,19.92,70.76,23.45,-3.89,3.53
MA,8931,SAMBAÍBA,8566,8504,70.0,26.85,58.37,38.19,-11.63,11.34
MA,8958,SANTA HELENA,32978,35220,74.73,21.6,68.99,26.3,-5.75,4.7
MA,8974,SANTA LUZIA,65300,67676,76.32,20.58,66.39,29.67,-9.93,9.09
MA,8990,SANTA QUITÉRIA DO MARANHÃO,30346,32144,80.1,15.88,76.66,20.0,-3.45,4.12
MA,9016,SANTA RITA,37058,41334,78.47,17.03,74.33,21.96,-4.14,4.93
MA,9032,SANTO ANTÔNIO DOS LOPES,22718,24514,70.89,24.76,65.83,30.48,-5.05,5.72
MA,9059,SÃO BENEDITO DO RIO PRETO,23160,25668,83.99,13.47,79.31,17.7,-4.68,4.22
MA,9075,SÃO BENTO,40114,41514,78.56,17.82,74.78,21.58,-3.78,3.76
MA,9091,SÃO BERNARDO,32100,32760,77.89,18.02,72.84,23.61,-5.04,5.59
MA,9113,SÃO DOMINGOS DO MARANHÃO,40984,43850,68.1,28.28,60.69,35.54,-7.41,7.26
MA,9130,SÃO FÉLIX DE BALSAS,5834,6276,76.21,21.46,63.32,32.03,-12.89,10.57
MA,9156,SÃO FRANCISCO DO MARANHÃO,13504,13790,86.06,10.69,82.09,14.98,-3.97,4.29
MA,9172,SÃO JOÃO BATISTA,28396,29270,84.43,12.33,82.06,15.13,-2.38,2.8
MA,9199,SÃO JOÃO DOS PATOS,29022,29602,76.22,19.3,70.28,25.0,-5.94,5.7
MA,9210,SÃO LUÍS,1221650,1238644,56.5,34.4,54.51,37.02,-1.99,2.61
MA,9237,SÃO MATEUS DO MARANHÃO,40600,43746,74.94,21.61,69.76,26.68,-5.18,5.08
MA,9253,SÃO RAIMUNDO DAS MANGABEIRAS,22962,24354,68.3,28.27,58.82,36.84,-9.48,8.57
MA,9270,SÃO VICENTE FERRER,22274,23284,81.48,15.17,78.58,17.77,-2.9,2.61
MA,9296,SÍTIO NOVO,22110,23214,66.03,28.87,57.16,38.08,-8.87,9.21
MA,9318,SUCUPIRA DO NORTE,12934,13402,77.86,19.44,70.6,26.79,-7.26,7.35
MA,9334,TASSO FRAGOSO,10716,10796,64.67,31.3,50.3,44.28,-14.37,12.98
MA,9350,TIMBIRAS,28472,29620,80.39,15.06,77.25,18.74,-3.14,3.68
MA,9377,TIMON,185820,201858,71.05,22.78,66.39,28.18,-4.66,5.4
MA,9393,TUNTUM,41424,43266,69.59,26.26,63.6,32.88,-6.0,6.62
MA,9415,TURIAÇU,41368,44192,78.84,17.95,76.0,20.37,-2.84,2.42
MA,9431,TUTÓIA,58258,64864,73.39,20.37,70.99,24.17,-2.41,3.8
MA,9458,URBANO SANTOS,37016,38982,81.86,15.31,77.66,19.63,-4.2,4.32
MA,9474,VARGEM GRANDE,46132,48798,80.16,16.24,73.13,22.95,-7.02,6.7
MA,9490,VIANA,57746,60196,70.5,25.45,66.05,29.6,-4.45,4.15
MA,9512,VITÓRIA DO MEARIM,35596,37558,71.23,25.28,67.75,28.8,-3.48,3.52
MA,9539,VITORINO FREIRE,34676,35582,71.14,25.0,65.32,30.61,-5.82,5.61
MA,9555,BOM JARDIM,38482,40282,74.23,21.92,69.26,26.85,-4.97,4.92
MA,9571,SANTA INÊS,91056,98850,64.6,30.77,58.99,36.08,-5.62,5.31
MA,9598,PAULO RAMOS,23724,24882,72.2,24.69,64.03,33.0,-8.17,8.31
MA,9610,AÇAILÂNDIA,116558,122852,45.16,49.66,38.92,55.92,-6.23,6.26
MA,9636,ESTREITO,34850,37076,54.14,41.19,45.95,47.67,-8.19,6.48
MA,9652,SANTA LUZIA DO PARUÁ,25292,25886,70.62,25.81,62.94,32.6,-7.68,6.79
MA,9679,ARAME,32088,32664,71.75,25.87,63.59,33.8,-8.17,7.93
MA,9695,MIRANDA DO NORTE,24194,26072,73.44,22.41,67.44,27.99,-6.0,5.58
MA,9717,ZÉ DOCA,47578,50258,71.87,24.31,67.26,29.11,-4.61,4.81
MG,40002,ALFREDO VASCONCELOS,9170,9402,57.08,34.11,47.12,42.4,-9.96,8.28
MG,40010,ABADIA DOS DOURADOS,8756,8748,50.89,42.69,39.83,52.24,-11.06,9.55
MG,40029,ARAPORÃ,9808,10606,49.18,44.7,38.54,52.54,-10.64,7.84
MG,40037,ABAETÉ,27160,26730,45.06,47.89,36.31,56.25,-8.75,8.36
MG,40045,BRASILÂNDIA DE MINAS,17418,18352,58.05,37.82,47.9,44.39,-10.16,6.56
MG,40053,ABRE CAMPO,17256,17840,58.0,36.38,52.21,41.79,-5.79,5.41
MG,40061,CAPITÃO ANDRADE,5262,5754,48.04,46.52,41.36,51.62,-6.68,5.09
MG,40070,ACAIACA,5016,5030,67.86,26.52,62.7,30.85,-5.16,4.34
MG,40088,CARNEIRINHO,11878,11886,51.05,44.4,42.79,52.25,-8.26,7.84
MG,40096,AÇUCENA,10450,10146,59.79,35.52,54.62,40.63,-5.17,5.11
MG,40100,CATUJI,10786,11648,74.62,20.66,67.74,28.18,-6.88,7.52
MG,40118,ÁGUA BOA,14732,15262,62.61,32.83,55.18,40.06,-7.43,7.23
MG,40126,DIVISA ALEGRE,7250,7296,62.01,31.48,56.11,37.64,-5.9,6.16
MG,40134,ÁGUA COMPRIDA,3502,4046,42.49,52.71,37.22,58.13,-5.27,5.42
MG,40142,DIVISÓPOLIS,9546,9952,65.81,29.06,58.06,37.24,-7.75,8.18
MG,40150,AGUANIL,5886,6192,50.97,41.96,44.15,46.61,-6.81,4.64
MG,40169,DURANDÉ,9620,9624,56.96,37.94,51.33,43.93,-5.63,5.99
MG,40177,ÁGUAS FORMOSAS,21078,21058,56.36,38.42,50.66,43.74,-5.7,5.32
MG,40185,ENTRE FOLHAS,8454,8766,51.6,44.24,47.3,49.05,-4.3,4.81
MG,40193,ÁGUAS VERMELHAS,13008,14298,67.64,25.46,62.75,31.72,-4.89,6.26
MG,40207,FERVEDOURO,12474,13110,57.69,37.04,50.51,44.74,-7.18,7.71
MG,40215,AIMORÉS,27402,27164,44.06,50.92,39.6,55.88,-4.45,4.97
MG,40223,FRANCISCÓPOLIS,6400,6486,69.78,25.59,61.12,34.2,-8.66,8.6
MG,40231,AIURUOCA,7430,7050,51.52,41.59,45.48,46.35,-6.05,4.77
MG,40240,ICARAÍ DE MINAS,12088,13028,71.36,24.9,66.18,30.55,-5.18,5.65
MG,40258,ALAGOA,3698,3930,32.77,59.0,29.16,63.1,-3.61,4.1
MG,40266,IPABA,19466,19930,48.82,46.24,42.11,50.99,-6.72,4.74
MG,40274,ALBERTINA,4512,5348,31.34,62.77,27.97,66.42,-3.37,3.65
MG,40282,JAÍBA,36640,39062,60.64,35.54,51.4,43.93,-9.24,8.39
MG,40290,ALÉM PARAÍBA,41402,38900,53.9,39.44,49.89,42.91,-4.01,3.47
MG,40304,JAMPRUCA,5800,5922,68.83,26.93,62.28,34.25,-6.55,7.31
MG,40312,ALFENAS,89976,87284,40.03,52.33,34.44,58.37,-5.59,6.04
MG,40320,JUATUBA,34372,36204,47.54,43.86,43.08,46.69,-4.47,2.83
MG,40339,ALMENARA,41650,42702,70.32,25.14,65.59,29.65,-4.73,4.51
MG,40347,LAGOA GRANDE,11148,11376,56.28,38.73,43.6,49.37,-12.68,10.63
MG,40355,ALPERCATA,8782,9000,54.93,40.36,48.49,47.04,-6.44,6.69
MG,40363,LIMEIRA DO OESTE,9648,10164,55.27,40.71,46.65,48.43,-8.61,7.71
MG,40371,ALPINÓPOLIS,23892,24002,44.12,48.02,37.02,54.47,-7.1,6.45
MG,40380,LONTRA,11294,12082,72.82,22.08,63.6,31.37,-9.22,9.29
MG,40398,ALTEROSA,18458,18572,44.01,50.89,38.93,54.71,-5.08,3.81
MG,40401,MAMONAS,9028,9780,67.55,26.36,61.15,32.27,-6.4,5.91
MG,40410,ALTO RIO DOCE,14256,13454,70.88,22.47,60.49,32.78,-10.39,10.3
MG,40428,MATA VERDE,9720,11108,57.2,37.06,52.61,42.44,-4.59,5.38
MG,40436,ALVARENGA,6632,6924,54.98,41.28,49.39,45.81,-5.58,4.53
MG,40444,MATIAS CARDOSO,9738,10652,70.4,24.83,67.89,28.5,-2.51,3.67
MG,40452,ALVINÓPOLIS,19522,18404,65.95,27.27,59.98,33.63,-5.97,6.36
MG,40460,MONTEZUMA,7908,8490,65.43,26.81,61.44,33.92,-3.99,7.11
MG,40479,ALVORADA DE MINAS,5862,6218,73.66,20.4,61.53,31.55,-12.13,11.15
MG,40487,NAQUE,7678,7618,56.94,38.84,52.61,43.11,-4.33,4.27
MG,40495,AMPARO DO SERRA,6876,6720,74.2,20.65,68.39,25.42,-5.81,4.77
MG,40509,NOVO ORIENTE DE MINAS,10904,11156,70.36,24.47,63.46,31.37,-6.9,6.91
MG,40517,ANDRADAS,44610,42926,32.3,59.41,28.21,62.75,-4.09,3.34
MG,40525,PALMÓPOLIS,7642,8110,71.63,22.19,65.38,29.03,-6.25,6.83
MG,40533,CACHOEIRA DE PAJEÚ,9456,9388,68.34,27.22,63.57,32.02,-4.77,4.8
MG,40541,PEDRAS DE MARIA DA CRUZ,10388,11082,76.68,20.14,73.18,23.86,-3.5,3.72
MG,40550,ANDRELÂNDIA,13666,13496,54.41,37.23,47.27,44.99,-7.14,7.76
MG,40568,PERIQUITO,8904,8956,52.29,44.05,46.83,48.21,-5.46,4.17
MG,40576,ANTÔNIO CARLOS,14508,14496,63.08,29.42,55.68,35.86,-7.4,6.44
MG,40584,PONTO DOS VOLANTES,12012,12166,67.58,26.51,60.94,33.75,-6.64,7.24
MG,40592,ANTÔNIO DIAS,12834,12812,54.43,38.02,49.52,45.0,-4.92,6.98
MG,40606,RIACHINHO,8180,8740,63.3,30.44,51.28,38.97,-12.02,8.53
MG,40614,ANTÔNIO PRADO DE MINAS,2926,2986,57.55,36.64,47.62,44.27,-9.93,7.64
MG,40622,ROSÁRIO DA LIMEIRA,7744,7908,59.4,32.64,52.6,39.98,-6.8,7.34
MG,40630,ARAÇAÍ,3766,4206,55.66,34.89,47.46,44.89,-8.2,10.0
MG,40649,SANTA BÁRBARA DO LESTE,10658,10412,49.0,45.28,43.66,50.38,-5.33,5.1
MG,40657,ARACITABA,3830,3974,61.88,29.87,53.4,40.06,-8.48,10.19
MG,40665,SANTA RITA DE MINAS,8678,8890,47.13,47.02,43.85,50.75,-3.28,3.74
MG,40673,ARAÇUAÍ,36098,37694,65.01,30.54,59.95,35.37,-5.06,4.83
MG,40681,SANTANA DO PARAÍSO,34722,38418,39.27,55.27,34.81,58.02,-4.46,2.76
MG,40690,ARAGUARI,133248,133968,37.08,55.21,31.24,60.09,-5.84,4.88
MG,40703,SÃO JOÃO DA LAGOA,7186,7544,72.81,21.6,63.76,28.08,-9.05,6.48
MG,40711,ARANTINA,4100,4190,67.61,26.24,55.7,35.85,-11.91,9.6
MG,40720,SÃO JOÃO DO MANHUAÇU,14118,14974,47.54,49.02,41.75,54.47,-5.79,5.45
MG,40738,ARAPONGA,9792,9828,73.02,21.34,66.79,27.13,-6.23,5.78
MG,40746,SÃO JOÃO DO MANTENINHA,7248,8194,50.28,45.14,45.77,49.28,-4.51,4.14
MG,40754,ARAPUÁ,4666,5096,35.49,57.14,27.59,66.88,-7.9,9.74
MG,40762,SÃO JOÃO DO PACUÍ,5594,5656,74.72,19.13,70.23,23.83,-4.5,4.71
MG,40770,ARAÚJOS,10136,10626,39.52,53.37,29.31,62.83,-10.22,9.45
MG,40789,SÃO JOSÉ DA LAPA,30850,31006,43.86,47.37,38.34,52.13,-5.52,4.75
MG,40797,ARAXÁ,119918,119758,43.14,47.0,35.65,52.82,-7.49,5.82
MG,40800,SARZEDO,38776,40308,42.69,48.9,35.19,53.76,-7.5,4.85
MG,40819,ARCEBURGO,11058,11336,41.15,51.42,35.07,56.33,-6.07,4.91
MG,40827,SEM PEIXE,5102,5054,68.68,25.36,60.7,31.78,-7.97,6.41
MG,40835,ARCOS,48872,49664,41.19,48.92,33.86,56.49,-7.33,7.58
MG,40843,SENADOR AMARAL,8350,9178,41.58,52.48,29.9,63.15,-11.68,10.67
MG,40851,AREADO,17490,17168,38.88,52.59,33.78,57.77,-5.1,5.18
MG,40860,UBAPORANGA,15110,15804,43.08,51.74,40.31,54.83,-2.78,3.09
MG,40878,ARGIRITA,4478,4720,68.38,27.11,60.76,34.19,-7.62,7.08
MG,40886,URUCUIA,10438,11108,62.08,31.9,54.63,38.67,-7.45,6.77
MG,40894,ARINOS,18556,19790,59.87,34.6,51.69,42.16,-8.18,7.56
MG,40908,VARGEM ALEGRE,8196,7980,54.88,42.31,49.02,47.14,-5.86,4.83
MG,40916,ASTOLFO DUTRA,16708,16530,51.07,43.87,44.8,48.74,-6.26,4.86
MG,40924,JOSENÓPOLIS,4228,4424,73.51,22.47,64.38,31.51,-9.13,9.04
MG,40932,ATALÉIA,14640,14634,67.25,28.51,61.16,34.26,-6.1,5.75
MG,40940,JUVENÍLIA,7300,7522,66.79,28.74,59.59,35.28,-7.21,6.54
MG,40959,AUGUSTO DE LIMA,5686,5894,56.81,36.16,50.93,41.87,-5.87,5.71
MG,40967,LEME DO PRADO,5548,5852,71.38,22.35,64.9,27.99,-6.48,5.64
MG,40975,BAEPENDI,23288,23470,35.07,57.56,32.77,58.84,-2.3,1.28
MG,40983,LUISBURGO,8426,8900,39.09,52.86,36.67,55.98,-2.42,3.12
MG,40991,BALDIM,10654,10810,50.12,40.55,43.94,46.11,-6.18,5.56
MG,41009,LUISLÂNDIA,8938,9416,81.29,15.13,76.13,19.35,-5.17,4.22
MG,41017,BAMBUÍ,27554,26540,52.07,40.15,44.09,46.74,-7.97,6.58
MG,41025,MÁRIO CAMPOS,18732,18310,45.59,45.88,39.14,50.92,-6.45,5.04
MG,41033,BANDEIRA,5956,5964,78.21,17.29,75.02,21.13,-3.19,3.83
MG,41041,MARTINS SOARES,11634,12066,54.75,41.05,48.27,46.61,-6.49,5.56
MG,41050,BANDEIRA DO SUL,7926,7888,39.21,53.27,34.46,56.85,-4.76,3.58
MG,41068,MIRAVÂNIA,4920,5176,74.51,20.57,67.5,25.97,-7.01,5.4
MG,41076,BARÃO DE COCAIS,37002,35428,54.48,35.74,44.71,44.0,-9.77,8.26
MG,41084,MONTE FORMOSO,5348,5714,73.9,19.9,68.88,24.78,-5.01,4.89
MG,41092,BARÃO DE MONTE ALTO,8248,8232,64.57,31.45,58.16,37.29,-6.41,5.84
MG,41106,NATALÂNDIA,4662,5320,61.35,33.85,49.59,43.38,-11.76,9.54
MG,41114,BARBACENA,150482,146646,54.29,37.59,48.1,42.36,-6.19,4.78
MG,41122,NINHEIRA,10296,11618,64.22,26.83,59.22,32.78,-5.0,5.95
MG,41130,BARRA LONGA,8298,7730,71.61,22.7,65.02,29.62,-6.59,6.92
MG,41149,NOVA BELÉM,4952,5118,54.4,40.67,49.16,46.07,-5.24,5.4
MG,41157,TRÊS MARIAS,34796,34230,48.64,44.79,41.52,50.44,-7.11,5.65
MG,41165,NOVA PORTEIRINHA,9022,9640,63.62,31.72,56.78,37.95,-6.84,6.22
MG,41173,BARROSO,26244,25312,57.54,34.51,51.0,40.38,-6.54,5.86
MG,41181,NOVORIZONTE,6414,6950,59.9,33.8,54.01,41.32,-5.89,7.52
MG,41190,BELA VISTA DE MINAS,12444,12480,62.71,30.36,56.22,36.94,-6.5,6.58
MG,41203,OLHOS D ÁGUA,7526,7752,74.7,20.73,65.89,27.5,-8.81,6.77
MG,41211,BELMIRO BRAGA,4748,4994,64.53,29.23,58.87,35.08,-5.66,5.85
MG,41220,ORATÓRIOS,6566,6506,74.32,20.44,68.89,25.33,-5.43,4.89
MG,41238,BELO HORIZONTE,3000398,2860976,42.53,46.6,41.39,48.3,-1.14,1.7
MG,41246,ORIZÂNIA,9574,10000,55.32,39.29,49.78,44.94,-5.54,5.65
MG,41254,BELO ORIENTE,28376,29254,51.74,43.5,45.27,49.29,-6.48,5.78
MG,41262,PADRE CARVALHO,5982,6224,70.14,25.94,62.34,31.59,-7.8,5.64
MG,41270,BELO VALE,12286,12910,58.1,34.71,49.65,42.26,-8.45,7.56
MG,41289,PAI PEDRO,7388,7944,75.09,20.41,68.88,27.09,-6.21,6.68
MG,41297,BERILO,10912,11260,73.83,20.84,70.28,24.32,-3.54,3.48
MG,41300,PATIS,7450,7538,79.89,16.38,72.35,22.37,-7.54,5.99
MG,41319,BERTÓPOLIS,5848,5950,70.76,25.65,65.92,30.66,-4.84,5.01
MG,41327,PEDRA BONITA,9062,9698,47.41,47.74,44.79,50.22,-2.61,2.48
MG,41335,BETIM,466072,463950,45.78,45.43,41.21,48.72,-4.57,3.28
MG,41343,PIEDADE DE CARATINGA,11158,11372,45.81,49.69,39.24,56.14,-6.58,6.45
MG,41351,BIAS FORTES,5586,5320,70.18,22.41,63.53,30.71,-6.64,8.3
MG,41360,PINGO D ÁGUA,6062,5910,61.99,33.19,56.51,38.21,-5.48,5.02
MG,41378,BICAS,17178,16902,51.55,40.4,46.73,45.99,-4.83,5.59
MG,41386,PINTÓPOLIS,8190,8706,71.6,22.42,64.28,28.72,-7.32,6.3
MG,41394,BIQUINHAS,3738,3834,51.26,41.31,43.61,51.23,-7.65,9.92
MG,41408,PONTO CHIQUE,5022,5166,78.1,17.36,72.44,24.2,-5.66,6.83
MG,41416,BOA ESPERANÇA,46270,46230,46.58,45.81,39.03,53.72,-7.56,7.91
MG,41424,REDUTO,8656,8632,52.33,42.65,44.39,49.03,-7.94,6.37
MG,41432,BOCAINA DE MINAS,6676,6392,53.39,38.35,42.55,48.0,-10.83,9.65
MG,41440,SANTA BÁRBARA DO MONTE VERDE,5010,5338,60.76,32.69,53.28,40.58,-7.48,7.88
MG,41459,BOCAIÚVA,53752,53360,69.1,25.63,63.04,30.42,-6.06,4.8
MG,41467,SANTA CRUZ DE MINAS,9952,9934,42.95,47.79,37.87,52.51,-5.08,4.72
MG,41475,BOM DESPACHO,56660,56778,33.22,57.83,26.61,64.01,-6.61,6.19
MG,41483,SANTA CRUZ DE SALINAS,5584,5910,79.73,14.0,73.6,19.42,-6.12,5.42
MG,41491,BOM JARDIM DE MINAS,8754,9454,57.82,33.93,48.4,42.65,-9.42,8.72
MG,41505,SANTA HELENA DE MINAS,7102,7636,71.84,22.92,66.5,29.52,-5.34,6.59
MG,41513,BOM JESUS DA PENHA,5340,5614,36.48,54.57,31.42,59.17,-5.06,4.6
MG,41521,SANTO ANTÔNIO DO RETIRO,8516,9478,68.55,25.25,64.91,29.67,-3.65,4.42
MG,41530,BOM JESUS DO AMPARO,7472,7346,59.66,32.63,51.73,37.49,-7.93,4.86
MG,41548,SÃO DOMINGOS DAS DORES,7920,9118,46.19,47.63,42.31,52.25,-3.87,4.62
MG,41556,BOM JESUS DO GALHO,17890,17804,54.39,41.46,48.52,47.17,-5.87,5.7
MG,41564,SÃO FÉLIX DE MINAS,4632,5324,52.94,42.36,44.21,51.31,-8.72,8.96
MG,41572,BOM REPOUSO,14326,15648,47.9,44.76,38.57,54.17,-9.33,9.41
MG,41580,SÃO GERALDO DO BAIXIO,4386,4588,53.31,41.27,44.64,50.35,-8.67,9.08
MG,41599,BOM SUCESSO,21736,20596,52.12,39.54,46.83,45.51,-5.28,5.98
MG,41602,SÃO JOÃO DAS MISSÕES,13306,14240,75.27,21.66,68.78,28.67,-6.5,7.01
MG,41610,BONFIM,10356,10422,53.23,35.73,44.18,43.27,-9.05,7.55
MG,41629,SÃO JOAQUIM DE BICAS,31592,35906,52.13,40.48,45.33,45.34,-6.8,4.86
MG,41637,BONFINÓPOLIS DE MINAS,6928,7076,57.62,36.37,48.67,42.2,-8.95,5.82
MG,41645,SÃO JOSÉ DA BARRA,9834,10056,46.86,45.03,38.8,53.06,-8.06,8.04
MG,41653,BORDA DA MATA,19678,20178,37.51,52.15,32.46,58.48,-5.05,6.33
MG,41661,ALTO CAPARAÓ,7084,7396,28.74,67.33,27.31,67.93,-1.43,0.59
MG,41670,BOTELHOS,18726,18358,53.02,39.89,47.42,44.85,-5.59,4.96
MG,41688,ANGELÂNDIA,8856,9384,53.3,40.49,44.1,49.06,-9.2,8.57
MG,41696,BOTUMIRIM,7192,7522,76.2,17.91,70.62,24.43,-5.58,6.53
MG,41700,ARICANDUVA,6410,7128,67.77,26.49,56.57,35.44,-11.2,8.95
MG,41718,BRASÍLIA DE MINAS,37180,37596,68.72,25.79,64.59,30.07,-4.13,4.28
MG,41726,BERIZAL,5938,6398,67.06,24.92,61.02,31.54,-6.04,6.62
MG,41734,BRÁS PIRES,6138,6216,60.54,34.25,53.12,39.99,-7.42,5.75
MG,41742,BONITO DE MINAS,10882,11458,79.8,14.98,74.41,18.96,-5.39,3.98
MG,41750,BRAÚNAS,5758,5618,59.15,35.43,53.19,41.69,-5.97,6.26
MG,41769,BUGRE,6234,6272,49.09,45.36,41.36,53.28,-7.73,7.92
MG,41777,BRAZÓPOLIS,17980,17628,41.03,48.19,37.5,52.9,-3.54,4.72
MG,41785,CABECEIRA GRANDE,7890,8512,50.11,44.01,39.47,52.49,-10.64,8.49
MG,41793,BRUMADINHO,48910,52590,46.77,43.02,40.26,49.28,-6.51,6.27
MG,41807,CAMPO AZUL,5484,5982,77.86,17.8,69.64,25.41,-8.22,7.61
MG,41815,BUENO BRANDÃO,12792,12540,31.71,59.32,26.52,64.43,-5.18,5.12
MG,41823,CANTAGALO,4902,5060,71.03,22.97,60.63,32.89,-10.4,9.92
MG,41831,BUENÓPOLIS,10088,10336,60.75,31.8,53.44,38.41,-7.3,6.61
MG,41840,CATAS ALTAS,7316,7474,55.96,32.86,45.76,39.12,-10.2,6.26
MG,41858,BURITIS,27406,29658,46.11,48.08,37.58,56.64,-8.53,8.56
MG,41866,CATUTI,6270,6798,70.85,22.55,67.49,27.39,-3.35,4.84
MG,41874,BURITIZEIRO,27142,28260,56.31,37.3,49.14,44.42,-7.17,7.12
MG,41882,CHAPADA GAÚCHA,12518,13730,65.03,30.63,54.8,39.36,-10.23,8.73
MG,41890,CABO VERDE,14674,14226,50.76,42.77,45.27,47.7,-5.49,4.93
MG,41904,CÔNEGO MARINHO,8436,9044,80.39,13.37,75.74,17.38,-4.65,4.01
MG,41912,CACHOEIRA DA PRATA,5506,5414,50.16,40.28,42.63,46.8,-7.53,6.52
MG,41920,CONFINS,10696,11092,42.13,49.53,36.33,54.47,-5.8,4.94
MG,41939,CACHOEIRA DE MINAS,14984,15222,34.66,54.62,31.78,57.94,-2.88,3.32
MG,41947,CÓRREGO FUNDO,8026,8372,39.82,47.27,28.24,57.72,-11.58,10.44
MG,41955,CACHOEIRA DOURADA,3650,3936,66.08,28.93,50.25,40.7,-15.83,11.77
MG,41963,CRISÓLITA,6360,6228,73.27,22.2,61.88,33.01,-11.39,10.81
MG,41971,CAETANÓPOLIS,13218,13456,41.7,49.42,36.85,54.07,-4.85,4.66
MG,41980,CUPARAQUE,5558,5986,38.97,56.28,34.35,61.01,-4.62,4.73
MG,41998,CAETÉ,50940,48866,50.66,37.51,45.15,41.18,-5.51,3.66
MG,42005,CURRAL DE DENTRO,8788,9534,58.72,35.5,57.23,37.82,-1.49,2.32
MG,42013,CAIANA,6308,6686,56.44,37.82,48.91,44.45,-7.53,6.63
MG,42021,DELTA,10192,10960,61.32,33.97,49.58,43.8,-11.74,9.83
MG,42030,CAJURI,7062,7272,70.89,24.36,63.53,30.31,-7.36,5.95
MG,42048,DOM BOSCO,5284,5670,46.14,49.47,35.56,58.41,-10.58,8.94
MG,42056,CALDAS,16176,15888,38.18,52.91,33.62,57.99,-4.56,5.09
MG,42064,FREI LAGONEGRO,4864,5120,66.74,27.47,57.89,33.32,-8.84,5.85
MG,42072,CAMACHO,4776,4786,57.91,36.39,49.35,45.8,-8.56,9.41
MG,42080,FRUTA DE LEITE,5804,5966,77.67,17.47,70.9,21.25,-6.77,3.78
MG,42099,CAMANDUCAIA,26054,26236,42.15,51.32,34.73,58.54,-7.42,7.21
MG,42102,GAMELEIRAS,6702,7298,67.11,28.08,63.55,31.84,-3.56,3.76
MG,42110,CAMBUÍ,31684,31978,39.4,49.39,34.29,55.41,-5.12,6.02
MG,42129,GLAUCILÂNDIA,6048,6256,70.5,24.6,64.39,30.82,-6.12,6.22
MG,42137,CAMBUQUIRA,14710,13992,46.91,43.87,43.0,49.13,-3.91,5.25
MG,42145,GOIABEIRA,4330,4504,41.71,52.56,36.63,59.68,-5.07,7.12
MG,42153,CAMPANÁRIO,4318,4540,65.45,29.78,61.32,35.07,-4.13,5.28
MG,42161,GOIANÁ,6214,6590,53.14,39.78,46.62,44.89,-6.52,5.11
MG,42170,CAMPANHA,18162,17942,35.61,56.7,30.16,62.49,-5.45,5.79
MG,42188,GUARACIAMA,7628,8038,81.33,14.32,77.71,17.91,-3.63,3.6
MG,42196,CAMPESTRE,25018,24456,35.63,54.4,31.82,58.87,-3.81,4.47
MG,42200,IBIRACATU,7624,7912,76.5,18.63,75.1,21.74,-1.39,3.11
MG,42218,CAMPINA VERDE,21224,21206,47.28,47.57,39.63,53.98,-7.65,6.41
MG,42226,IMBÉ DE MINAS,8152,8654,58.46,36.97,52.09,43.1,-6.37,6.13
MG,42234,CAMPO BELO,56932,54976,40.66,51.4,35.39,56.87,-5.27,5.47
MG,42242,INDAIABIRA,7910,8722,55.42,39.47,52.28,43.84,-3.14,4.37
MG,42250,CAMPO DO MEIO,14730,15128,58.52,35.89,51.41,43.11,-7.11,7.23
MG,42269,JAPONVAR,11608,11962,77.86,17.04,70.59,25.08,-7.27,8.04
MG,42277,CAMPO FLORIDO,9622,9820,55.02,41.01,42.69,51.73,-12.33,10.72
MG,42285,JENIPAPO DE MINAS,6980,7136,73.24,21.98,64.07,29.04,-9.17,7.06
MG,42293,CAMPOS ALTOS,14058,13344,40.09,53.48,33.53,58.3,-6.56,4.82
MG,42307,JOSÉ GONÇALVES DE MINAS,4944,5080,70.39,22.78,62.17,30.43,-8.22,7.66
MG,42315,CAMPOS GERAIS,29732,28982,43.24,49.87,39.27,53.21,-3.97,3.34
MG,42323,JOSÉ RAYDAN,5256,5510,62.79,31.43,57.17,37.57,-5.62,6.14
MG,42331,CANAÃ,6746,6952,71.63,21.02,65.07,28.37,-6.55,7.35
MG,42340,SÃO SEBASTIÃO DA VARGEM ALEGRE,4410,4628,55.15,37.96,47.71,43.99,-7.44,6.03
MG,42358,CANÁPOLIS,12848,12524,61.04,34.17,52.16,41.46,-8.88,7.29
MG,42366,SÃO SEBASTIÃO DO ANTA,7346,8062,48.71,46.86,40.78,54.63,-7.92,7.77
MG,42374,CANA VERDE,7426,7590,49.82,45.0,44.66,48.19,-5.16,3.19
MG,42382,SERRANÓPOLIS DE MINAS,5790,6160,69.78,25.35,63.86,31.53,-5.91,6.17
MG,42390,CANDEIAS,16960,16658,47.41,45.85,40.95,51.22,-6.45,5.37
MG,42404,SETUBINHA,10692,11564,77.65,17.75,68.47,27.03,-9.18,9.28
MG,42412,CAPARAÓ,6558,6922,40.26,54.13,35.22,58.48,-5.04,4.35
MG,42420,TAPARUBA,5406,5814,58.71,36.63,53.11,42.76,-5.6,6.13
MG,42439,CAPELA NOVA,6738,6934,62.15,29.06,55.81,35.74,-6.34,6.68
MG,42447,UNIÃO DE MINAS,4796,4750,59.72,36.78,49.89,45.81,-9.82,9.03
MG,42455,CAPELINHA,40764,43734,56.28,37.37,44.39,48.2,-11.89,10.83
MG,42463,URUANA DE MINAS,4934,5238,51.4,43.29,41.96,51.09,-9.44,7.8
MG,42471,CAPETINGA,7966,7814,46.17,46.52,40.88,50.81,-5.3,4.28
MG,42480,VARGEM GRANDE DO RIO PARDO,6002,6274,46.68,45.42,44.6,47.85,-2.09,2.43
MG,42498,CAPIM BRANCO,12412,12866,41.72,49.68,37.48,52.53,-4.24,2.85
MG,42501,VARJÃO DE MINAS,9826,9986,51.76,42.34,40.02,52.27,-11.74,9.94
MG,42510,CAPINÓPOLIS,17230,17282,56.77,38.47,45.11,47.78,-11.66,9.32
MG,42528,VERDELÂNDIA,9286,9766,73.21,23.33,67.23,28.96,-5.97,5.63
MG,42536,CAPITÃO ENÉAS,17900,18572,70.04,25.21,64.02,30.16,-6.02,4.96
MG,42544,VEREDINHA,7064,7530,71.26,23.16,58.7,32.62,-12.56,9.46
MG,42552,CAPITÓLIO,11522,11868,38.71,55.04,30.74,60.97,-7.97,5.93
MG,42560,VERMELHO NOVO,7112,7314,55.48,38.1,50.62,42.9,-4.87,4.8
MG,42579,CAPUTIRA,11982,12262,59.11,35.69,53.56,41.92,-5.54,6.23
MG,42587,TOCOS DO MOJI,6302,6584,51.76,36.94,43.44,45.96,-8.32,9.02
MG,42595,CARAÍ,18080,19780,74.34,20.11,69.03,25.74,-5.31,5.63
MG,42617,CARANAÍBA,4898,5070,57.0,34.1,50.34,40.75,-6.67,6.65
MG,42633,CARANDAÍ,31724,31322,52.96,39.77,45.23,47.21,-7.74,7.44
MG,42650,CARANGOLA,36128,34710,52.16,40.91,46.89,45.73,-5.27,4.82
MG,42676,CARATINGA,91724,90070,45.26,48.26,41.55,51.99,-3.71,3.73
MG,42692,CARBONITA,10796,11116,64.06,30.68,50.18,40.9,-13.88,10.22
MG,42714,CAREAÇU,7756,8070,44.12,48.19,37.4,56.53,-6.72,8.34
MG,42730,CARLOS CHAGAS,21332,21208,60.09,34.39,55.22,39.28,-4.86,4.89
MG,42757,CARMÉSIA,3406,3688,60.36,33.29,54.61,36.33,-5.75,3.04
MG,42773,CARMO DA CACHOEIRA,13668,12984,55.43,35.22,50.99,41.99,-4.44,6.77
MG,42790,CARMO DA MATA,14864,14318,57.68,34.31,50.54,40.75,-7.15,6.43
MG,42811,CARMO DE MINAS,14950,14406,46.13,46.31,39.79,53.53,-6.34,7.22
MG,42838,CARMO DO CAJURU,29074,29290,44.14,46.41,35.6,54.05,-8.54,7.64
MG,42854,CARMO DO PARANAÍBA,31640,32342,35.01,59.14,27.88,65.68,-7.12,6.54
MG,42870,CARMO DO RIO CLARO,23624,23546,40.77,51.37,33.87,56.93,-6.91,5.56
MG,42897,CARMÓPOLIS DE MINAS,21880,22414,48.21,43.88,39.19,51.82,-9.02,7.93
MG,42919,CARRANCAS,5290,5028,51.98,39.02,43.16,48.25,-8.83,9.23
MG,42935,CARVALHÓPOLIS,5114,5084,42.78,52.56,37.29,56.06,-5.49,3.5
MG,42951,CARVALHOS,6036,5960,50.36,40.36,45.07,48.66,-5.3,8.3
MG,42978,CASA GRANDE,4186,4710,43.96,45.68,34.9,54.06,-9.05,8.38
MG,42994,CASCALHO RICO,5192,5646,43.14,51.16,36.66,56.75,-6.48,5.59
MG,43010,CÁSSIA,19900,18558,46.32,45.89,40.86,50.48,-5.47,4.59
MG,43036,CONCEIÇÃO DA BARRA DE MINAS,5780,5618,56.61,35.5,46.24,44.61,-10.36,9.1
MG,43052,CATAGUASES,79154,75264,58.87,34.15,54.69,37.99,-4.17,3.85
MG,43079,CATAS ALTAS DA NORUEGA,5732,5980,66.75,26.48,56.02,36.02,-10.73,9.54
MG,43095,CAXAMBU,24976,23898,48.89,42.01,45.5,45.92,-3.39,3.91
MG,43117,CEDRO DO ABAETÉ,1788,1980,48.32,43.62,39.7,53.43,-8.63,9.81
MG,43133,CENTRAL DE MINAS,8092,8492,48.34,46.84,44.14,51.48,-4.21,4.65
MG,43150,CENTRALINA,11264,11456,64.6,30.93,54.24,38.86,-10.35,7.93
MG,43176,CHÁCARA,5960,6652,57.89,35.91,46.06,44.92,-11.82,9.01
MG,43192,CHALÉ,8066,8322,52.89,43.74,46.67,49.17,-6.22,5.43
MG,43214,CHAPADA DO NORTE,10680,10918,81.54,14.03,77.07,17.75,-4.47,3.72
MG,43230,CHIADOR,4606,4930,51.19,41.95,42.43,49.37,-8.76,7.43
MG,43257,CIPOTÂNEA,7298,7298,64.73,27.43,54.4,37.41,-10.33,9.98
MG,43273,CLARAVAL,7208,7802,30.16,63.43,25.74,67.65,-4.42,4.22
MG,43290,CLARO DOS POÇÕES,11194,11030,56.71,36.54,52.4,40.42,-4.31,3.88
MG,43311,CLÁUDIO,33492,34692,31.99,57.31,26.5,64.18,-5.49,6.87
MG,43338,COIMBRA,9788,9964,61.28,30.79,55.28,35.71,-6.0,4.92
MG,43354,COLUNA,8842,8960,65.37,28.93,55.09,37.88,-10.28,8.95
MG,43370,COMENDADOR GOMES,4088,4364,42.76,52.25,38.86,55.73,-3.9,3.48
MG,43397,COMERCINHO,8818,8898,76.8,18.26,74.78,21.53,-2.02,3.27
MG,43419,CONCEIÇÃO DA APARECIDA,12332,12320,46.93,46.87,39.37,51.92,-7.57,5.05
MG,43435,CONCEIÇÃO DAS PEDRAS,4034,4140,46.26,41.1,37.58,53.04,-8.67,11.94
MG,43451,CONCEIÇÃO DAS ALAGOAS,29206,29762,55.99,39.67,46.8,48.1,-9.19,8.43
MG,43478,CONCEIÇÃO DE IPANEMA,6356,6712,57.58,38.96,49.73,46.01,-7.85,7.05
MG,43494,CONCEIÇÃO DO MATO DENTRO,24810,26082,67.45,26.24,57.18,34.07,-10.27,7.83
MG,43516,CONCEIÇÃO DO PARÁ,7736,8158,34.36,58.14,28.12,63.4,-6.24,5.25
MG,43532,CONCEIÇÃO DO RIO VERDE,15028,14616,56.97,36.74,51.94,41.53,-5.03,4.79
MG,43559,CONCEIÇÃO DOS OUROS,13856,14372,35.22,54.86,31.87,60.02,-3.35,5.16
MG,43575,CONGONHAL,14636,15042,35.56,55.75,30.38,62.28,-5.17,6.53
MG,43591,CONGONHAS,65878,64872,50.05,39.61,43.89,45.18,-6.16,5.56
MG,43613,CONGONHAS DO NORTE,5294,5598,73.74,21.19,64.02,28.3,-9.72,7.1
MG,43630,CONQUISTA,8416,8474,49.19,43.18,45.17,48.69,-4.02,5.51
MG,43656,CONSELHEIRO LAFAIETE,152472,146912,53.48,36.46,46.31,41.95,-7.17,5.49
MG,43672,CONSELHEIRO PENA,22604,23092,42.38,51.92,38.34,56.07,-4.04,4.15
MG,43699,CONSOLAÇÃO,2718,2896,44.15,45.99,35.64,56.49,-8.51,10.5
MG,43710,CONTAGEM,718882,710564,42.15,47.76,39.29,50.28,-2.86,2.52
MG,43737,COQUEIRAL,11368,11306,44.88,46.87,40.26,51.09,-4.62,4.22
MG,43753,CORAÇÃO DE JESUS,29852,30382,73.25,21.44,67.98,26.38,-5.27,4.94
MG,43770,CORDISBURGO,10778,10370,54.07,38.89,48.6,44.55,-5.47,5.66
MG,43796,CORDISLÂNDIA,4106,4372,54.07,38.92,50.27,45.11,-3.79,6.19
MG,43818,CORINTO,26948,26264,58.38,35.43,51.68,40.81,-6.7,5.38
MG,43834,COROACI,10718,11336,58.69,35.62,53.44,41.67,-5.25,6.05
MG,43850,COROMANDEL,35354,36318,40.05,51.91,31.65,60.58,-8.4,8.67
MG,43877,CORONEL FABRICIANO,119134,114866,40.41,53.41,36.92,55.8,-3.49,2.4
MG,43893,CORONEL MURTA,10092,10368,75.03,21.13,66.55,29.51,-8.48,8.39
MG,43915,CORONEL PACHECO,4460,4710,55.92,36.77,50.7,42.34,-5.22,5.56
MG,43931,CORONEL XAVIER CHAVES,4532,4766,61.61,29.52,51.91,39.11,-9.7,9.59
MG,43958,CÓRREGO DANTA,4386,4586,46.33,47.88,42.08,51.33,-4.24,3.45
MG,43974,CÓRREGO DO BOM JESUS,6172,6390,41.8,48.09,36.49,55.52,-5.31,7.44
MG,43990,CÓRREGO NOVO,5146,5544,64.4,31.6,57.79,38.35,-6.61,6.75
MG,44016,COUTO DE MAGALHÃES DE MINAS,5146,5212,75.32,18.54,70.03,22.91,-5.29,4.37
MG,44032,CRISTAIS,12502,12554,48.1,45.0,39.24,53.19,-8.87,8.19
MG,44059,CRISTÁLIA,6816,7000,72.39,22.56,67.51,27.89,-4.87,5.32
MG,44075,CRISTIANO OTONI,6714,6780,47.51,43.55,41.74,49.59,-5.77,6.04
MG,44091,CRISTINA,11906,11616,39.24,52.11,35.74,55.03,-3.5,2.92
MG,44113,CRUCILÂNDIA,7830,8052,46.13,45.44,38.13,51.86,-8.0,6.42
MG,44130,CRUZEIRO DA FORTALEZA,6176,6704,42.71,51.17,31.47,60.62,-11.24,9.45
MG,44156,CRUZÍLIA,19042,18610,54.68,38.04,48.66,43.06,-6.02,5.02
MG,44172,CURVELO,87198,87220,50.85,41.06,43.47,47.77,-7.37,6.71
MG,44199,DATAS,6978,6998,74.61,19.43,70.51,23.66,-4.1,4.23
MG,44210,DELFIM MOREIRA,10062,9660,41.88,49.35,37.6,54.6,-4.28,5.24
MG,44237,DELFINÓPOLIS,8766,9018,44.42,49.1,38.52,54.51,-5.9,5.41
MG,44253,DESCOBERTO,6822,6860,56.96,34.01,49.5,40.99,-7.46,6.98
MG,44270,DESTERRO DE ENTRE RIOS,9044,9408,37.99,51.66,32.59,58.72,-5.4,7.06
MG,44296,DESTERRO DO MELO,5662,6504,52.84,37.65,43.79,47.72,-9.06,10.07
MG,44318,DIAMANTINA,54168,53896,66.18,26.46,61.54,30.25,-4.64,3.79
MG,44334,DIOGO DE VASCONCELOS,5586,5358,74.79,18.76,67.71,26.47,-7.08,7.7
MG,44350,DIONÍSIO,9228,9178,58.21,36.87,55.26,39.42,-2.95,2.55
MG,44377,DIVINÉSIA,7052,7638,67.53,26.63,60.04,33.44,-7.49,6.81
MG,44393,DIVINO,22580,22348,57.5,37.98,52.47,42.72,-5.03,4.74
MG,44415,DIVINO DAS LARANJEIRAS,6068,6684,48.62,45.88,44.2,50.03,-4.42,4.15
MG,44431,DIVINOLÂNDIA DE MINAS,7806,8562,59.19,35.15,48.96,43.45,-10.22,8.3
MG,44458,DIVINÓPOLIS,267356,264798,42.31,49.12,37.31,53.99,-5.0,4.86
MG,44474,DIVISA NOVA,7480,7416,50.83,42.67,46.17,47.28,-4.66,4.6
MG,44490,DOM CAVATI,6344,6626,46.44,49.02,41.65,52.25,-4.78,3.23
MG,44512,DOM JOAQUIM,5644,5604,64.03,29.87,58.17,34.26,-5.86,4.39
MG,44539,DOM SILVÉRIO,6528,6392,65.07,26.72,57.45,35.58,-7.63,8.86
MG,44555,DOM VIÇOSO,4650,4882,44.69,47.27,41.38,52.07,-3.31,4.8
MG,44571,DONA EUSÉBIA,9040,9264,54.36,40.88,47.15,46.5,-7.21,5.62
MG,44598,DORES DE CAMPOS,12494,12678,47.25,43.14,40.07,50.91,-7.19,7.77
MG,44610,DORES DE GUANHÃES,6906,6960,62.96,31.94,56.38,38.39,-6.58,6.45
MG,44636,DORES DO INDAIÁ,15478,14444,39.22,53.56,33.87,59.11,-5.35,5.55
MG,44652,DORES DO TURVO,7586,7736,61.51,31.8,54.89,39.27,-6.62,7.48
MG,44679,DORESÓPOLIS,2992,2948,45.52,48.53,34.87,58.82,-10.65,10.29
MG,44695,DOURADOQUARA,3176,3242,55.73,35.71,44.48,47.07,-11.25,11.36
MG,44717,ELÓI MENDES,30490,29382,38.27,53.77,34.87,56.35,-3.4,2.59
MG,44733,ENGENHEIRO CALDAS,10298,11350,51.74,43.52,45.11,50.66,-6.63,7.14
MG,44750,ENGENHEIRO NAVARRO,8646,8946,71.83,23.27,65.28,28.41,-6.54,5.14
MG,44776,ENTRE RIOS DE MINAS,18954,18794,53.98,35.76,44.73,44.12,-9.26,8.36
MG,44792,ERVÁLIA,23556,24014,65.64,27.6,56.46,35.35,-9.18,7.74
MG,44814,ESMERALDAS,77650,81290,51.84,40.12,46.35,44.23,-5.49,4.11
MG,44830,ESPERA FELIZ,26396,26578,51.95,42.89,45.46,47.47,-6.5,4.57
MG,44857,ESPINOSA,34850,36036,65.06,30.09,58.99,35.63,-6.07,5.54
MG,44873,ESPÍRITO SANTO DO DOURADO,7848,8168,48.62,43.78,40.28,53.33,-8.34,9.55
MG,44890,ESTIVA,14516,14754,41.55,48.79,34.65,56.45,-6.91,7.66
MG,44911,ESTRELA DALVA,4148,4128,61.48,32.69,57.12,36.87,-4.35,4.18
MG,44938,ESTRELA DO INDAIÁ,4132,3864,47.82,44.97,42.96,51.04,-4.86,6.07
MG,44954,ESTRELA DO SUL,8518,8886,58.63,36.28,49.72,44.74,-8.91,8.47
MG,44970,EUGENÓPOLIS,13914,13432,50.05,44.85,42.84,51.85,-7.21,7.0
MG,44997,EWBANK DA CÂMARA,6648,6740,67.03,28.67,58.37,36.77,-8.66,8.1
MG,45012,EXTREMA,53506,61024,41.86,49.17,35.37,54.02,-6.49,4.86
MG,45039,FAMA,4578,4696,47.27,47.62,36.8,56.56,-10.47,8.94
MG,45055,FARIA LEMOS,4902,5058,60.95,33.41,54.76,39.46,-6.19,6.05
MG,45071,FELÍCIO DOS SANTOS,6266,6202,60.58,28.98,58.63,32.73,-1.95,3.75
MG,45098,SÃO GONÇALO DO RIO PRETO,3924,4072,75.43,17.28,69.55,23.67,-5.89,6.4
MG,45110,FELISBURGO,7104,7734,70.33,23.23,63.9,30.51,-6.43,7.29
MG,45136,FELIXLÂNDIA,16578,17538,56.53,34.87,51.03,41.44,-5.5,6.58
MG,45152,FERNANDES TOURINHO,3658,3782,48.66,45.38,43.31,51.82,-5.35,6.44
MG,45179,FERROS,11578,11216,66.45,27.17,60.75,33.27,-5.7,6.1
MG,45195,FLORESTAL,10050,10358,48.48,41.51,41.07,46.57,-7.41,5.06
MG,45217,FORMIGA,81160,79574,36.36,53.34,31.39,57.65,-4.96,4.31
MG,45233,FORMOSO,8548,9348,61.58,33.46,49.29,44.16,-12.29,10.7
MG,45250,FORTALEZA DE MINAS,4386,4454,41.95,49.61,37.49,52.85,-4.46,3.24
MG,45276,FORTUNA DE MINAS,4384,4772,60.68,32.8,49.79,40.99,-10.88,8.19
MG,45292,FRANCISCO BADARÓ,8634,8674,70.05,23.7,61.56,31.89,-8.49,8.19
MG,45314,FRANCISCO DUMONT,5960,6354,60.84,32.68,55.49,38.72,-5.35,6.03
MG,45330,FRANCISCO SÁ,27346,27914,71.59,23.56,65.63,28.85,-5.96,5.29
MG,45357,FREI GASPAR,7354,8234,67.31,28.61,58.49,37.04,-8.82,8.43
MG,45373,FREI INOCÊNCIO,9492,10226,56.76,37.84,52.22,43.03,-4.54,5.19
MG,45390,FRONTEIRA,15298,15600,53.59,42.07,46.87,48.08,-6.72,6.01
MG,45411,FRUTAL,59396,60344,43.1,50.9,35.99,57.62,-7.12,6.72
MG,45438,FUNILÂNDIA,7398,7970,44.47,46.07,37.97,52.4,-6.5,6.33
MG,45454,GALILÉIA,7242,7496,50.37,46.31,46.26,49.07,-4.11,2.75
MG,45470,GONÇALVES,5684,5850,34.73,53.59,30.6,59.73,-4.13,6.14
MG,45497,GONZAGA,5848,5992,58.69,33.76,51.97,41.49,-6.72,7.73
MG,45519,GOUVEIA,14858,14544,68.02,25.28,59.27,33.51,-8.75,8.23
MG,45535,GOVERNADOR VALADARES,293418,284566,36.36,57.62,34.27,59.59,-2.09,1.96
MG,45551,GRÃO MOGOL,15742,15610,72.38,22.35,66.6,28.88,-5.78,6.53
MG,45578,GRUPIARA,2492,2750,47.83,46.07,39.42,53.38,-8.41,7.31
MG,45594,GUANHÃES,32522,31808,53.89,38.95,47.6,44.09,-6.29,5.14
MG,45616,GUAPÉ,15750,15358,36.58,57.61,30.3,60.18,-6.28,2.56
MG,45632,GUARACIABA,11732,11414,68.22,24.39,62.01,29.56,-6.21,5.17
MG,45659,GUARANÉSIA,22278,21522,56.67,36.15,50.57,41.21,-6.09,5.06
MG,45675,GUARANI,10474,9886,65.02,29.37,58.53,34.76,-6.49,5.39
MG,45691,GUARARÁ,5312,5536,53.65,39.23,47.15,45.09,-6.51,5.85
MG,45713,GUARDA-MOR,8428,9050,48.05,46.44,34.92,59.05,-13.14,12.61
MG,45730,GUAXUPÉ,56622,55696,48.29,43.4,42.32,49.15,-5.97,5.75
MG,45756,GUIDOVAL,10002,10476,59.49,34.07,52.52,41.94,-6.97,7.87
MG,45772,GUIMARÂNIA,10116,10190,45.1,47.09,33.19,58.06,-11.91,10.96
MG,45799,GUIRICEMA,11124,11290,61.09,33.03,53.23,39.63,-7.86,6.6
MG,45810,GURINHATÃ,7066,7282,47.64,45.85,38.51,54.68,-9.13,8.83
MG,45837,HELIODORA,7960,8168,52.21,37.21,43.05,44.96,-9.17,7.74
MG,45853,IAPU,11906,11938,47.32,48.43,42.57,52.3,-4.75,3.87
MG,45870,IBERTIOGA,7392,7328,70.21,23.51,59.8,32.91,-10.41,9.4
MG,45896,IBIÁ,24188,24060,49.77,43.96,38.63,54.56,-11.14,10.59
MG,45918,IBIAÍ,8598,9070,75.2,20.05,68.8,26.28,-6.41,6.23
MG,45934,IBIRACI,13664,13874,41.51,53.23,37.09,56.65,-4.42,3.42
MG,45950,IBIRITÉ,191440,185048,48.13,43.21,42.53,46.67,-5.61,3.46
MG,45977,IBITIÚRA DE MINAS,5034,5446,28.25,65.51,22.77,71.28,-5.48,5.77
MG,45993,IBITURUNA,3808,3854,49.84,41.18,42.97,51.06,-6.87,9.89
MG,46019,IGARAPÉ,47650,50990,45.89,45.49,39.12,49.77,-6.77,4.28
MG,46035,IGARATINGA,12466,12658,42.96,51.2,33.35,59.01,-9.61,7.82
MG,46051,IGUATAMA,9584,8876,53.69,40.32,46.37,47.27,-7.32,6.96
MG,46078,IJACI,8410,8722,47.71,40.17,43.04,48.66,-4.66,8.49
MG,46094,ILICÍNEA,14896,14604,50.93,43.52,44.33,49.78,-6.6,6.27
MG,46116,INCONFIDENTES,9824,9706,42.41,50.04,37.13,55.86,-5.27,5.82
MG,46132,INDIANÓPOLIS,7504,7860,54.42,40.96,45.42,47.2,-9.0,6.24
MG,46159,INGAÍ,4070,4366,56.41,35.28,47.78,45.4,-8.63,10.11
MG,46175,INHAPIM,28688,28532,45.3,49.74,41.57,53.7,-3.73,3.97
MG,46191,INHAÚMA,8758,8512,50.58,42.09,41.61,50.4,-8.97,8.31
MG,46213,INIMUTABA,9190,9102,60.59,33.23,48.23,43.2,-12.36,9.97
MG,46230,IPANEMA,21876,22068,49.11,45.79,44.26,50.51,-4.85,4.72
MG,46256,IPATINGA,267428,257074,33.88,59.4,31.47,61.11,-2.41,1.71
MG,46272,IPIAÇU,5248,5372,61.2,33.99,49.55,44.86,-11.65,10.87
MG,46299,IPUIÚNA,12168,11752,43.41,49.36,33.93,58.66,-9.47,9.3
MG,46310,IRAÍ DE MINAS,9590,10482,46.26,49.91,34.36,59.8,-11.89,9.89
MG,46337,ITABIRA,139654,134926,50.16,38.96,45.78,43.86,-4.38,4.9
MG,46353,ITABIRINHA,11940,13572,50.4,44.62,45.76,49.56,-4.65,4.93
MG,46370,ITABIRITO,64352,65156,50.27,37.32,41.04,45.57,-9.23,8.24
MG,46396,ITACAMBIRA,6778,6988,77.43,17.14,72.15,22.78,-5.27,5.64
MG,46418,ITACARAMBI,17646,18784,69.89,25.98,64.24,30.96,-5.65,4.98
MG,46434,ITAGUARA,16152,16284,43.36,44.6,37.08,50.79,-6.28,6.18
MG,46450,ITAIPÉ,11266,12354,66.45,27.23,56.99,36.41,-9.46,9.18
MG,46477,ITAJUBÁ,108360,103892,32.66,57.81,30.7,60.56,-1.96,2.75
MG,46493,ITAMARANDIBA,35730,37516,60.45,33.02,47.04,41.32,-13.41,8.3
MG,46515,ITAMARATI DE MINAS,5618,5840,60.84,33.36,53.7,39.11,-7.14,5.75
MG,46531,ITAMBACURI,23032,23580,66.8,28.99,60.8,34.09,-6.01,5.1
MG,46558,ITAMBÉ DO MATO DENTRO,3796,3908,64.33,26.4,59.62,33.16,-4.71,6.77
MG,46574,ITAMOGI,13344,12904,44.69,48.34,39.21,53.72,-5.48,5.38
MG,46590,ITAMONTE,17970,18158,37.52,54.02,32.33,59.87,-5.19,5.85
MG,46612,ITANHANDU,18914,18982,43.06,46.85,37.32,52.27,-5.74,5.42
MG,46639,ITANHOMI,12940,13268,55.1,40.29,48.87,45.61,-6.23,5.32
MG,46655,ITAOBIM,22176,22434,58.68,36.77,53.8,41.62,-4.87,4.85
MG,46671,ITAPAGIPE,15286,15320,44.71,47.93,36.12,55.87,-8.58,7.95
MG,46698,ITAPECERICA,27242,26828,53.02,39.35,42.66,49.23,-10.36,9.88
MG,46710,ITAPEVA,12338,13220,36.55,56.23,29.91,63.51,-6.64,7.28
MG,46736,ITATIAIUÇU,15560,18124,38.66,54.11,30.6,60.96,-8.06,6.84
MG,46752,ITAÚNA,108090,105688,32.48,58.54,27.48,63.04,-5.0,4.5
MG,46779,ITAVERAVA,8638,8846,59.99,32.41,51.48,40.95,-8.51,8.53
MG,46795,ITINGA,14656,15658,77.33,19.72,71.55,25.43,-5.78,5.71
MG,46817,ITUETA,7224,7648,35.63,59.75,34.02,62.26,-1.61,2.52
MG,46833,ITUIUTABA,113422,110536,55.16,38.56,45.76,45.34,-9.4,6.78
MG,46850,ITUMIRIM,8842,8750,52.11,37.55,44.96,45.46,-7.15,7.91
MG,46876,ITURAMA,43780,42588,53.07,42.21,44.15,49.84,-8.92,7.63
MG,46892,ITUTINGA,5658,5294,60.66,32.06,47.37,45.26,-13.28,13.2
MG,46914,JABOTICATUBAS,22670,23584,50.42,40.19,44.45,45.41,-5.97,5.23
MG,46930,JACINTO,12354,11880,65.21,30.21,62.37,33.94,-2.84,3.73
MG,46957,JACUÍ,8858,9192,27.57,63.67,23.74,66.69,-3.83,3.02
MG,46973,JACUTINGA,28040,28328,26.26,66.28,22.4,70.83,-3.86,4.55
MG,46990,JAGUARAÇU,4800,4948,46.25,48.38,42.56,52.99,-3.69,4.62
MG,47015,JANAÚBA,77604,81746,54.51,40.02,49.31,44.44,-5.2,4.42
MG,47031,JANUÁRIA,67730,70142,73.43,21.26,70.65,24.12,-2.79,2.86
MG,47058,JAPARAÍBA,5552,5874,44.7,44.13,34.66,54.14,-10.04,10.01
MG,47074,JECEABA,9128,8982,59.33,32.14,45.89,41.93,-13.44,9.79
MG,47090,JEQUERI,14268,14006,67.24,27.05,61.59,32.66,-5.65,5.6
MG,47112,JEQUITAÍ,8518,8380,70.58,23.97,63.65,31.1,-6.93,7.13
MG,47139,JEQUITIBÁ,8762,9004,47.75,44.05,42.56,47.71,-5.19,3.66
MG,47155,JEQUITINHONHA,23538,23400,75.01,20.92,71.44,24.5,-3.57,3.58
MG,47171,JESUÂNIA,6290,6518,44.58,46.96,38.11,52.32,-6.47,5.35
MG,47198,JOAÍMA,13614,14278,74.97,21.05,70.33,25.69,-4.63,4.64
MG,47210,JOANÉSIA,6726,6858,55.22,38.27,49.4,45.03,-5.82,6.76
MG,47236,JOÃO MONLEVADE,90528,88380,47.72,43.08,43.0,48.1,-4.72,5.02
MG,47252,JOÃO PINHEIRO,54442,55002,46.99,47.89,36.4,56.95,-10.59,9.06
MG,47279,JOAQUIM FELÍCIO,4700,4878,55.74,36.34,50.23,43.83,-5.52,7.49
MG,47295,JORDÂNIA,10082,10250,62.05,33.6,56.84,38.28,-5.21,4.68
MG,47317,NOVA UNIÃO,8000,8182,57.73,33.85,46.79,42.12,-10.94,8.27
MG,47333,JUIZ DE FORA,634916,611380,52.62,38.41,49.58,41.53,-3.04,3.12
MG,47350,JURAMENTO,6958,7066,68.01,26.73,61.62,34.02,-6.39,7.29
MG,47376,JURUAIA,14192,14426,37.11,55.06,28.73,62.05,-8.38,7.0
MG,47392,LADAINHA,14430,14806,71.89,22.73,65.55,29.84,-6.34,7.11
MG,47414,LAGAMAR,9622,9612,44.17,49.24,36.75,57.3,-7.42,8.06
MG,47430,LAGOA DA PRATA,53910,54240,37.18,54.82,31.54,60.22,-5.64,5.4
MG,47457,LAGOA DOS PATOS,4970,5202,61.33,33.64,54.29,39.52,-7.04,5.88
MG,47473,LAGOA DOURADA,15878,16134,47.31,43.66,39.95,50.13,-7.36,6.47
MG,47490,LAGOA FORMOSA,22964,24808,43.21,48.75,34.67,57.72,-8.53,8.96
MG,47511,LAGOA SANTA,76256,83056,36.07,54.36,32.94,57.29,-3.13,2.93
MG,47538,LAJINHA,23158,24964,48.09,47.75,41.51,54.0,-6.58,6.25
MG,47554,LAMBARI,25348,25036,35.77,56.95,33.63,58.54,-2.13,1.59
MG,47570,LAMIM,5286,5154,72.15,21.94,60.88,29.88,-11.27,7.93
MG,47597,LARANJAL,8720,8988,49.98,45.78,44.44,50.87,-5.54,5.09
MG,47619,LASSANCE,8020,8334,64.26,30.52,54.81,37.01,-9.45,6.48
MG,47635,LAVRAS,110630,106552,45.63,44.2,40.31,50.15,-5.33,5.95
MG,47651,LEANDRO FERREIRA,5064,4944,41.98,50.75,34.18,59.14,-7.8,8.39
MG,47678,LEOPOLDINA,61200,58096,57.84,35.47,52.62,39.69,-5.21,4.21
MG,47694,LIBERDADE,6490,6530,60.18,29.46,52.86,40.18,-7.32,10.72
MG,47716,LIMA DUARTE,21376,20612,67.64,25.42,60.22,31.81,-7.42,6.39
MG,47732,LUMINÁRIAS,6824,6732,54.6,36.64,48.16,43.67,-6.44,7.04
MG,47759,LUZ,20558,20230,42.12,51.76,36.0,56.48,-6.13,4.72
MG,47775,MACHACALIS,8444,8584,62.86,32.8,56.36,37.95,-6.5,5.15
MG,47791,MACHADO,45096,43526,37.13,55.93,33.24,59.78,-3.89,3.85
MG,47813,MADRE DE DEUS DE MINAS,6806,6794,58.45,33.59,49.34,42.92,-9.11,9.33
MG,47830,MALACACHETA,19446,20064,64.5,30.17,57.45,37.64,-7.05,7.47
MG,47856,MANGA,21592,21998,64.79,31.1,61.01,35.3,-3.78,4.2
MG,47872,MANHUAÇU,89540,91376,43.24,50.26,38.72,54.88,-4.52,4.63
MG,47899,MANHUMIRIM,24686,24134,48.51,44.81,46.19,47.75,-2.32,2.94
MG,47910,MANTENA,28614,28632,39.58,54.73,36.13,58.68,-3.45,3.95
MG,47937,MARAVILHAS,10090,9960,42.56,49.57,32.45,57.71,-10.11,8.14
MG,47953,MAR DE ESPANHA,15768,15984,50.22,42.73,42.78,49.8,-7.44,7.07
MG,47970,MARIA DA FÉ,19070,18490,34.88,55.13,34.85,56.97,-0.03,1.84
MG,47996,MARIANA,76226,74012,65.79,26.1,58.21,31.78,-7.58,5.68
MG,48011,MARILAC,5898,6608,65.24,30.01,54.42,39.44,-10.82,9.43
MG,48038,MARIPÁ DE MINAS,4606,4730,48.33,45.55,43.38,49.18,-4.95,3.63
MG,48054,MARLIÉRIA,6500,6702,50.52,42.37,46.43,47.48,-4.09,5.11
MG,48070,MARMELÓPOLIS,4490,4552,45.39,44.77,43.45,47.89,-1.94,3.12
MG,48097,MARTINHO CAMPOS,16324,16164,38.8,53.71,29.44,62.74,-9.37,9.03
MG,48119,MATERLÂNDIA,5160,5320,75.78,19.5,70.19,23.87,-5.59,4.38
MG,48135,MATEUS LEME,39482,40286,45.82,45.37,38.31,50.25,-7.51,4.88
MG,48151,MATIAS BARBOSA,18340,17920,54.25,39.29,49.9,42.52,-4.35,3.23
MG,48178,MATIPÓ,21490,22602,54.82,40.98,49.36,46.57,-5.46,5.59
MG,48194,MATO VERDE,16418,16994,61.62,33.59,59.14,36.52,-2.48,2.93
MG,48216,MATOZINHOS,45120,43732,47.89,42.68,41.47,47.29,-6.41,4.61
MG,48232,MATUTINA,4778,4928,47.01,45.88,34.42,58.44,-12.59,12.56
MG,48259,MEDEIROS,4674,4918,38.38,54.6,34.65,59.13,-3.73,4.53
MG,48275,MEDINA,21840,22412,67.77,28.49,62.7,33.36,-5.07,4.87
MG,48291,MENDES PIMENTEL,7052,7028,53.49,39.22,49.15,45.45,-4.34,6.22
MG,48313,MERCÊS,12840,12114,64.88,28.41,56.07,35.46,-8.81,7.05
MG,48330,MESQUITA,7222,7040,52.17,41.87,47.67,46.68,-4.5,4.8
MG,48356,MINAS NOVAS,25952,27362,76.89,18.78,69.58,26.14,-7.31,7.36
MG,48372,MINDURI,4948,4716,50.77,42.36,47.29,46.95,-3.48,4.59
MG,48399,MIRABELA,16328,16770,70.08,24.98,63.57,30.07,-6.51,5.09
MG,48410,MIRADOURO,12436,12146,57.85,37.18,51.26,43.62,-6.59,6.44
MG,48437,MIRAÍ,15462,15800,47.29,46.82,41.75,51.8,-5.54,4.97
MG,48453,MOEDA,8026,8156,46.52,43.88,42.52,47.65,-4.0,3.76
MG,48470,MOEMA,9862,10392,44.47,47.76,35.49,55.81,-8.98,8.05
MG,48496,MONJOLOS,3074,3212,63.83,30.45,56.54,37.42,-7.29,6.97
MG,48518,MONSENHOR PAULO,10320,10072,48.51,44.21,42.61,51.81,-5.89,7.6
MG,48534,MONTALVÂNIA,17020,17786,68.61,26.83,63.27,31.89,-5.34,5.06
MG,48550,MONTE ALEGRE DE MINAS,21384,21356,52.9,40.66,43.8,49.52,-9.1,8.87
MG,48577,MONTE AZUL,26228,27190,59.72,35.51,57.8,37.61,-1.92,2.1
MG,48593,MONTE BELO,16132,16080,48.21,43.88,40.7,51.99,-7.52,8.11
MG,48615,MONTE CARMELO,53554,52620,51.14,42.29,41.98,50.12,-9.16,7.82
MG,48631,MONTE SANTO DE MINAS,23794,22742,44.02,47.14,36.93,54.89,-7.09,7.75
MG,48658,MONTES CLAROS,444764,442148,46.63,44.9,42.57,49.25,-4.06,4.34
MG,48674,MONTE SIÃO,27964,28270,23.22,70.26,19.77,74.66,-3.45,4.4
MG,48690,MORADA NOVA DE MINAS,10390,10754,45.43,49.37,37.23,57.73,-8.2,8.35
MG,48712,MORRO DA GARÇA,4092,4232,69.11,25.17,61.53,31.57,-7.58,6.4
MG,48739,MORRO DO PILAR,5116,5166,68.26,25.8,55.56,35.08,-12.7,9.27
MG,48755,MUNHOZ,8954,8988,45.19,48.76,35.31,59.06,-9.87,10.3
MG,48771,MURIAÉ,119564,119624,45.73,48.06,42.14,51.28,-3.6,3.22
MG,48798,MUTUM,31602,31772,47.29,48.18,40.55,54.49,-6.74,6.31
MG,48810,MUZAMBINHO,26766,26308,43.26,49.25,38.58,54.26,-4.67,5.02
MG,48836,NACIP RAYDAN,3410,3566,65.63,30.03,58.67,35.17,-6.97,5.14
MG,48852,NANUQUE,39382,39150,49.07,46.34,46.87,48.54,-2.2,2.2
MG,48879,NATÉRCIA,5994,6050,35.1,52.65,32.73,56.2,-2.37,3.55
MG,48895,NAZARENO,10060,9838,63.48,29.11,52.0,39.91,-11.48,10.8
MG,48917,NEPOMUCENO,30052,29012,46.09,45.71,40.73,50.12,-5.35,4.41
MG,48933,NOVA ERA,21836,21026,56.15,35.32,54.24,37.54,-1.91,2.23
MG,48950,NOVA LIMA,117452,120454,47.6,41.05,42.58,46.08,-5.03,5.02
MG,48976,NOVA MÓDICA,4960,5188,60.2,33.59,54.39,40.17,-5.81,6.58
MG,48992,NOVA PONTE,18336,19284,48.15,46.64,38.21,55.75,-9.94,9.11
MG,49018,NOVA RESENDE,19656,20376,39.8,52.59,32.32,60.22,-7.48,7.62
MG,49034,NOVA SERRANA,93086,107632,27.35,66.82,21.25,71.84,-6.1,5.02
MG,49050,NOVO CRUZEIRO,27974,29460,74.99,20.67,66.9,29.26,-8.09,8.59
MG,49077,OLARIA,3408,3426,65.49,27.58,54.23,36.43,-11.26,8.85
MG,49093,OLÍMPIO NORONHA,3952,4058,59.62,33.0,47.51,43.42,-12.1,10.42
MG,49115,OLIVEIRA,50326,48756,47.67,42.35,41.76,49.14,-5.91,6.79
MG,49131,OLIVEIRA FORTES,3878,4070,70.29,23.05,60.88,32.14,-9.41,9.08
MG,49158,ONÇA DE PITANGUI,5154,5202,39.35,53.47,31.83,59.63,-7.51,6.16
MG,49174,OURO BRANCO,48620,46968,49.35,41.35,43.38,46.38,-5.97,5.02
MG,49190,OURO FINO,36702,35812,31.0,59.32,26.95,64.17,-4.04,4.85
MG,49212,OURO PRETO,97958,94580,66.5,25.2,60.93,30.18,-5.58,4.98
MG,49239,OURO VERDE DE MINAS,9590,10058,60.1,35.7,53.87,42.22,-6.24,6.51
MG,49255,PADRE PARAÍSO,17562,18370,59.83,34.54,53.39,41.58,-6.44,7.04
MG,49271,PAINEIRAS,6248,5990,58.45,33.83,49.22,43.07,-9.24,9.24
MG,49298,PAINS,10484,10366,46.18,47.23,33.98,58.02,-12.21,10.78
MG,49310,PAIVA,2670,2838,63.82,27.87,54.83,35.66,-8.99,7.79
MG,49336,PALMA,8018,7716,63.13,32.13,56.4,38.49,-6.73,6.36
MG,49352,FRONTEIRA DOS VALES,5708,6078,75.54,18.85,70.58,23.4,-4.96,4.55
MG,49379,PAPAGAIOS,18386,18486,49.67,44.68,39.23,53.22,-10.44,8.54
MG,49395,PARACATU,97588,100272,41.77,51.65,32.24,60.15,-9.53,8.5
MG,49417,PARÁ DE MINAS,98822,99866,33.79,56.04,27.27,62.19,-6.52,6.15
MG,49433,PARAGUAÇU,25202,24656,44.11,48.69,38.08,54.31,-6.03,5.61
MG,49450,PARAISÓPOLIS,24324,23840,37.49,51.41,34.96,54.88,-2.54,3.48
MG,49476,PARAOPEBA,30982,30302,45.5,47.07,39.04,52.66,-6.46,5.58
MG,49492,PASSABÉM,2708,2772,60.04,30.72,52.96,39.18,-7.09,8.45
MG,49514,PASSA QUATRO,20156,19784,49.85,41.15,43.44,47.64,-6.41,6.5
MG,49530,PASSA TEMPO,10720,10764,56.51,35.82,45.89,44.44,-10.62,8.62
MG,49557,PASSA VINTE,3664,3890,50.66,39.79,43.65,47.56,-7.0,7.77
MG,49573,PASSOS,118294,118958,44.96,47.13,38.86,51.36,-6.11,4.23
MG,49590,PATOS DE MINAS,168264,173232,34.45,56.77,28.46,62.95,-5.98,6.19
MG,49611,PATROCÍNIO,100376,101372,37.87,53.83,30.44,61.18,-7.44,7.35
MG,49638,PATROCÍNIO DO MURIAÉ,7914,8046,55.24,39.27,49.34,44.99,-5.9,5.72
MG,49654,PAULA CÂNDIDO,11434,11446,69.46,23.95,64.11,28.48,-5.35,4.54
MG,49670,PAULISTAS,5646,5336,78.18,15.73,70.88,23.84,-7.3,8.11
MG,49697,PAVÃO,8420,8296,67.65,28.34,61.96,35.39,-5.69,7.05
MG,49719,PEÇANHA,16986,16292,64.41,29.82,54.82,37.59,-9.58,7.76
MG,49735,PEDRA AZUL,22896,23420,59.12,35.74,55.34,39.62,-3.78,3.88
MG,49751,PEDRA DO ANTA,5168,5256,69.39,23.84,63.51,31.01,-5.88,7.17
MG,49778,PEDRA DO INDAIÁ,5538,5908,40.52,51.07,32.67,58.94,-7.85,7.87
MG,49794,PEDRA DOURADA,4328,4200,58.32,34.2,52.24,41.81,-6.08,7.61
MG,49816,PEDRALVA,13968,13598,40.21,49.99,36.9,55.79,-3.3,5.8
MG,49832,PEDRINÓPOLIS,4864,5160,47.74,45.56,37.36,55.0,-10.37,9.44
MG,49859,PEDRO LEOPOLDO,74688,73532,42.5,47.47,38.06,51.02,-4.44,3.55
MG,49875,PEDRO TEIXEIRA,3862,3992,72.86,18.8,62.68,28.96,-10.19,10.16
MG,49891,PEQUERI,4876,5104,56.15,38.11,50.63,42.32,-5.53,4.21
MG,49913,PEQUI,5758,6428,47.76,45.19,38.99,49.91,-8.77,4.72
MG,49930,PERDIGÃO,12602,13320,24.52,69.04,20.99,70.93,-3.53,1.89
MG,49956,PERDIZES,19430,20322,41.52,51.17,31.7,60.86,-9.82,9.69
MG,49972,PERDÕES,25624,25454,43.3,49.2,36.62,54.33,-6.69,5.14
MG,49999,PESCADOR,4508,4676,63.58,31.28,60.52,34.9,-3.05,3.62
MG,50016,PIAU,4816,5062,62.13,31.77,55.27,37.46,-6.85,5.69
MG,50032,PIEDADE DE PONTE NOVA,5572,5514,68.88,26.74,63.44,30.9,-5.44,4.16
MG,50059,PIEDADE DO RIO GRANDE,5714,5808,56.42,34.69,48.52,41.6,-7.9,6.91
MG,50075,PIEDADE DOS GERAIS,7134,7302,49.43,43.34,39.66,50.75,-9.76,7.41
MG,50091,PIMENTA,10414,10778,43.13,49.18,32.99,60.35,-10.14,11.16
MG,50113,PIRACEMA,9050,9472,57.24,33.52,45.5,43.56,-11.74,10.04
MG,50130,PIRAJUBA,6480,7126,53.52,43.02,42.72,52.09,-10.8,9.07
MG,50156,PIRANGA,17984,17498,62.2,28.57,56.37,34.59,-5.83,6.02
MG,50172,PIRANGUÇU,7104,7266,36.68,53.66,34.52,57.09,-2.17,3.43
MG,50199,PIRANGUINHO,10932,11216,43.96,46.69,37.98,53.17,-5.98,6.49
MG,50210,PIRAPETINGA,15376,14476,54.58,40.86,48.89,45.65,-5.68,4.79
MG,50237,PIRAPORA,58776,58790,42.88,49.76,39.59,52.74,-3.29,2.99
MG,50253,PIRAÚBA,14486,14460,57.41,37.58,50.9,42.38,-6.51,4.8
MG,50270,PITANGUI,33340,32824,34.34,56.84,28.39,63.44,-5.95,6.6
MG,50296,PIUMHI,37146,37328,35.52,58.63,29.8,63.21,-5.73,4.58
MG,50318,PLANURA,11818,12142,49.16,45.85,43.29,51.41,-5.87,5.56
MG,50334,POÇO FUNDO,19800,19340,48.95,43.8,40.05,52.4,-8.9,8.6
MG,50350,POÇOS DE CALDAS,176090,171476,38.72,51.42,36.2,53.56,-2.53,2.15
MG,50377,POCRANE,10742,10798,51.42,43.55,48.55,48.18,-2.88,4.63
MG,50393,POMPÉU,34752,34066,56.0,38.05,45.31,46.87,-10.69,8.82
MG,50415,PONTE NOVA,69010,65902,64.15,28.82,59.77,32.2,-4.37,3.39
MG,50431,PORTEIRINHA,45192,46662,62.93,32.18,58.53,36.7,-4.4,4.52
MG,50458,PORTO FIRME,13232,12524,64.81,29.29,57.46,36.11,-7.35,6.81
MG,50474,POTÉ,15712,16644,58.15,37.22,53.11,42.37,-5.03,5.15
MG,50490,POUSO ALEGRE,166210,165760,38.04,51.9,34.2,56.4,-3.84,4.5
MG,50512,POUSO ALTO,8592,8518,40.88,49.19,38.04,54.87,-2.84,5.69
MG,50539,PRADOS,11368,11296,59.75,31.44,51.58,39.36,-8.17,7.92
MG,50555,PRATA,31488,31518,52.86,41.64,39.25,50.54,-13.62,8.89
MG,50571,PRATÁPOLIS,10896,10746,47.15,45.85,39.7,52.24,-7.46,6.39
MG,50598,PRATINHA,4478,4952,35.06,56.59,27.87,63.37,-7.19,6.78
MG,50610,PRESIDENTE BERNARDES,7946,7636,67.28,26.3,60.71,32.56,-6.57,6.25
MG,50636,PRESIDENTE JUSCELINO,5134,5220,66.23,27.58,56.9,36.74,-9.33,9.16
MG,50652,PRESIDENTE KUBITSCHEK,4340,4522,82.81,12.63,73.91,17.74,-8.91,5.11
MG,50679,PRESIDENTE OLEGÁRIO,22780,23156,47.6,44.65,37.62,53.89,-9.98,9.23
MG,50695,ALTO JEQUITIBÁ,10842,11042,34.99,60.27,32.01,62.91,-2.99,2.64
MG,50717,PRUDENTE DE MORAIS,12718,12788,47.07,44.3,40.84,50.64,-6.23,6.34
MG,50733,QUARTEL GERAL,5210,5502,57.47,34.59,46.75,46.64,-10.72,12.05
MG,50750,QUELUZITO,4026,4306,52.51,37.46,45.75,43.43,-6.76,5.97
MG,50776,RAPOSOS,21148,20328,58.11,30.45,51.12,35.7,-6.99,5.25
MG,50792,RAUL SOARES,26220,26068,58.31,35.46,53.66,40.05,-4.65,4.59
MG,50814,RECREIO,11726,11218,60.79,34.28,57.12,37.96,-3.67,3.67
MG,50830,RESENDE COSTA,14492,14618,51.52,36.94,42.85,46.08,-8.67,9.14
MG,50857,RESPLENDOR,17572,17586,35.33,60.14,33.75,61.98,-1.57,1.84
MG,50873,RESSAQUINHA,6854,7094,59.73,30.23,53.37,35.47,-6.36,5.24
MG,50890,RIACHO DOS MACHADOS,10786,11076,69.63,25.25,60.64,33.13,-8.99,7.88
MG,50911,RIBEIRÃO DAS NEVES,330834,323300,49.31,42.74,43.93,46.53,-5.38,3.79
MG,50938,RIBEIRÃO VERMELHO,5196,5238,55.62,35.3,50.78,41.24,-4.84,5.94
MG,50954,RIO ACIMA,13406,13002,52.93,37.33,45.59,43.45,-7.34,6.13
MG,50970,RIO CASCA,15066,14424,63.95,30.09,59.04,33.68,-4.9,3.59
MG,50997,RIO DOCE,3838,3912,64.88,29.03,62.58,32.11,-2.3,3.08
MG,51012,RIO DO PRADO,5672,5972,77.47,18.27,70.26,26.16,-7.21,7.89
MG,51039,RIO ESPERA,7906,7766,60.01,32.71,52.07,39.07,-7.93,6.36
MG,51055,RIO MANSO,7262,7528,54.72,36.63,44.42,43.94,-10.3,7.31
MG,51071,RIO NOVO,10832,10240,56.63,37.04,50.68,42.23,-5.94,5.19
MG,51098,RIO PARANAÍBA,15392,16104,51.08,43.02,38.59,55.07,-12.49,12.04
MG,51110,RIO PARDO DE MINAS,29400,32574,58.22,34.86,56.11,38.26,-2.11,3.4
MG,51136,RIO PIRACICABA,17882,17416,58.33,32.58,52.18,39.07,-6.14,6.49
MG,51152,RIO POMBA,21318,20306,55.86,37.37,51.17,41.8,-4.69,4.43
MG,51179,RIO PRETO,8022,8104,63.03,30.52,55.33,38.08,-7.7,7.56
MG,51195,RIO VERMELHO,11840,11274,67.87,25.25,60.07,32.93,-7.8,7.67
MG,51217,RITÁPOLIS,6992,7040,60.78,29.83,52.81,37.93,-7.97,8.09
MG,51233,ROCHEDO DE MINAS,3744,4198,48.45,44.87,44.12,48.88,-4.33,4.01
MG,51250,RODEIRO,10292,10494,52.0,43.1,43.51,50.3,-8.49,7.19
MG,51276,ROMARIA,5028,5376,63.33,32.06,52.16,41.29,-11.17,9.23
MG,51292,RUBELITA,9034,9240,80.72,14.88,72.79,22.29,-7.93,7.42
MG,51314,RUBIM,9252,9628,70.41,24.04,66.04,28.29,-4.37,4.25
MG,51330,SABARÁ,146064,142262,47.95,42.25,44.21,45.81,-3.74,3.56
MG,51357,SABINÓPOLIS,15438,15192,71.15,23.92,63.89,29.75,-7.26,5.84
MG,51373,SACRAMENTO,29682,30826,41.39,51.4,34.48,56.63,-6.9,5.23
MG,51390,SALINAS,45406,46544,60.28,33.81,54.75,39.2,-5.53,5.39
MG,51411,SALTO DA DIVISA,6788,6698,65.53,29.11,59.96,36.19,-5.57,7.08
MG,51438,SANTA BÁRBARA,36296,34866,59.36,31.36,52.97,36.07,-6.39,4.71
MG,51454,SANTA BÁRBARA DO TUGÚRIO,6656,6404,73.23,20.64,62.99,30.54,-10.24,9.9
MG,51470,SANTA CRUZ DO ESCALVADO,7292,7332,69.75,26.0,65.28,29.71,-4.47,3.7
MG,51497,SANTA EFIGÊNIA DE MINAS,4810,5262,64.62,29.44,54.62,38.31,-10.0,8.87
MG,51519,SANTA FÉ DE MINAS,4734,4752,73.68,21.38,68.43,26.39,-5.25,5.01
MG,51535,SANTA JULIANA,16342,17668,48.27,47.39,36.89,58.2,-11.38,10.81
MG,51551,SANTA LUZIA,258082,249064,46.12,44.66,41.45,47.94,-4.67,3.28
MG,51578,SANTA MARGARIDA,19742,20666,48.47,46.77,47.3,47.55,-1.16,0.77
MG,51594,SANTA MARIA DE ITABIRA,12844,12594,65.43,27.41,58.63,34.03,-6.8,6.63
MG,51616,SANTA MARIA DO SALTO,5670,5770,60.07,34.81,56.33,38.65,-3.74,3.83
MG,51632,SANTA MARIA DO SUAÇUÍ,14926,14400,64.77,31.17,57.65,36.82,-7.12,5.65
MG,51659,SANTANA DA VARGEM,9440,9248,51.0,41.14,41.98,49.16,-9.02,8.01
MG,51675,SANTANA DE CATAGUASES,5154,5338,49.51,43.58,44.14,49.87,-5.38,6.29
MG,51691,SANTANA DE PIRAPAMA,10918,10658,56.49,34.8,45.62,45.37,-10.88,10.57
MG,51713,SANTANA DO DESERTO,5300,5538,63.85,29.47,55.98,37.99,-7.87,8.52
MG,51730,SANTANA DO GARAMBÉU,3476,3428,69.51,24.74,60.33,32.85,-9.18,8.11
MG,51756,SANTANA DO JACARÉ,5828,5850,51.96,40.53,46.46,46.32,-5.49,5.8
MG,51772,SANTANA DO MANHUAÇU,11164,11520,58.94,36.47,50.94,43.91,-8.0,7.43
MG,51799,SANTANA DO RIACHO,8326,8560,61.11,32.07,53.48,38.43,-7.63,6.37
MG,51810,SANTANA DOS MONTES,5730,5692,58.81,33.23,51.19,41.5,-7.62,8.27
MG,51837,SANTA RITA DE CALDAS,10888,10666,35.32,57.02,28.73,62.65,-6.6,5.63
MG,51853,SANTA RITA DE JACUTINGA,6642,6768,60.4,33.42,51.24,42.14,-9.16,8.72
MG,51870,SANTA RITA DE IBITIPOCA,4976,4766,69.49,21.38,58.92,30.38,-10.58,9.0
MG,51896,SANTA RITA DO ITUETO,7146,7562,40.95,53.88,35.47,60.38,-5.48,6.5
MG,51918,SANTA RITA DO SAPUCAÍ,47464,46560,30.67,57.13,26.8,61.68,-3.87,4.55
MG,51934,SANTA ROSA DA SERRA,4666,4816,53.06,41.96,41.61,52.66,-11.45,10.69
MG,51950,SANTA VITÓRIA,25600,25252,57.66,37.2,49.0,44.24,-8.65,7.04
MG,51977,SANTO ANTÔNIO DO AMPARO,20818,20462,65.08,28.84,57.22,36.0,-7.86,7.16
MG,51993,SANTO ANTÔNIO DO AVENTUREIRO,5518,5820,54.37,37.95,47.49,44.23,-6.88,6.28
MG,52019,SANTO ANTÔNIO DO GRAMA,5786,5624,70.17,23.71,62.45,31.08,-7.72,7.37
MG,52035,SANTO ANTÔNIO DO ITAMBÉ,4340,4284,74.79,17.65,67.79,25.12,-7.01,7.47
MG,52051,SANTO ANTÔNIO DO JACINTO,11934,11864,60.32,35.03,53.24,42.99,-7.08,7.96
MG,52078,SANTO ANTÔNIO DO MONTE,30896,32130,26.37,67.23,23.01,70.95,-3.36,3.72
MG,52094,SANTO ANTÔNIO DO RIO ABAIXO,2838,3054,62.44,30.73,54.81,37.92,-7.62,7.19
MG,52116,SANTO HIPÓLITO,4008,4184,69.26,24.55,61.28,29.68,-7.98,5.13
MG,52132,SANTOS DUMONT,57200,54350,59.09,32.69,55.39,36.47,-3.69,3.79
MG,52159,SÃO BENTO ABADE,6124,6004,49.28,42.03,42.5,46.3,-6.78,4.27
MG,52175,SÃO BRÁS DO SUAÇUÍ,5310,5374,60.19,30.32,51.47,39.45,-8.72,9.13
MG,52191,SÃO DOMINGOS DO PRATA,20990,20050,60.31,32.42,53.56,38.69,-6.76,6.28
MG,52213,SÃO FRANCISCO,55046,57174,66.82,27.88,62.37,32.05,-4.44,4.16
MG,52230,SÃO FRANCISCO DE PAULA,9154,9176,60.13,31.46,53.79,38.27,-6.33,6.81
MG,52256,SÃO FRANCISCO DE SALES,7076,7150,60.06,36.29,52.17,41.43,-7.89,5.13
MG,52272,SÃO FRANCISCO DO GLÓRIA,6520,6458,64.05,30.95,55.99,38.93,-8.06,7.98
MG,52299,SÃO GERALDO,10796,10808,65.28,29.07,59.2,34.44,-6.09,5.37
MG,52310,SÃO GERALDO DA PIEDADE,4748,4856,63.48,28.81,57.41,36.99,-6.07,8.17
MG,52337,SÃO GONÇALO DO ABAETÉ,7748,8194,50.98,43.34,42.18,51.7,-8.8,8.36
MG,52353,SÃO GONÇALO DO PARÁ,13226,13682,43.76,46.92,34.37,56.28,-9.4,9.36
MG,52370,SÃO GONÇALO DO RIO ABAIXO,17102,18030,56.87,34.62,45.57,45.62,-11.3,11.01
MG,52396,SÃO GONÇALO DO SAPUCAÍ,27666,26414,45.15,46.03,40.97,50.72,-4.18,4.69
MG,52418,SÃO GOTARDO,40134,42642,37.96,56.56,27.29,66.26,-10.67,9.7
MG,52434,SÃO JOÃO BATISTA DO GLÓRIA,9464,9742,40.51,52.98,33.26,59.33,-7.25,6.35
MG,52450,SÃO JOÃO DA MATA,4524,4734,37.05,55.26,30.88,62.4,-6.16,7.14
MG,52477,SÃO JOÃO DA PONTE,28916,30618,79.72,16.06,74.7,21.03,-5.02,4.97
MG,52493,SÃO JOÃO DEL REI,106794,104660,44.84,45.04,41.94,48.95,-2.9,3.91
MG,52515,SÃO JOÃO DO ORIENTE,10136,10372,54.48,41.95,48.32,47.13,-6.16,5.18
MG,52531,SÃO JOÃO DO PARAÍSO,22732,25480,50.77,40.84,46.42,46.77,-4.34,5.92
MG,52558,SÃO JOÃO EVANGELISTA,17164,17374,70.41,24.55,61.99,31.53,-8.43,6.98
MG,52574,SÃO JOÃO NEPOMUCENO,30652,29768,49.18,42.15,44.21,46.39,-4.98,4.23
MG,52590,SÃO JOSÉ DA SAFIRA,5214,5718,60.45,34.29,57.33,38.41,-3.12,4.11
MG,52612,SÃO JOSÉ DA VARGINHA,5614,5992,48.63,43.21,39.09,52.77,-9.54,9.56
MG,52639,SÃO JOSÉ DO ALEGRE,5530,5520,37.47,52.48,30.94,61.85,-6.53,9.37
MG,52655,SÃO JOSÉ DO DIVINO,4554,4726,47.52,47.12,42.4,54.13,-5.11,7.0
MG,52671,SÃO JOSÉ DO GOIABAL,6534,6912,67.13,27.3,60.24,33.22,-6.88,5.91
MG,52698,SÃO JOSÉ DO JACURI,7150,7292,68.62,25.54,60.34,33.82,-8.28,8.28
MG,52710,SÃO JOSÉ DO MANTIMENTO,4288,4544,59.42,36.1,53.74,42.39,-5.68,6.28
MG,52736,SÃO LOURENÇO,51080,50442,34.1,57.07,32.33,59.59,-1.76,2.53
MG,52752,SÃO MIGUEL DO ANTA,9490,9408,66.22,25.86,60.95,32.4,-5.27,6.54
MG,52779,SÃO PEDRO DA UNIÃO,6272,6326,42.06,50.86,35.63,57.38,-6.43,6.52
MG,52795,SÃO PEDRO DOS FERROS,8810,8754,71.42,23.47,65.34,27.71,-6.08,4.24
MG,52817,SÃO PEDRO DO SUAÇUÍ,6596,6384,62.7,32.17,56.58,37.37,-6.13,5.2
MG,52833,SÃO ROMÃO,8788,9204,68.55,27.29,60.04,35.83,-8.51,8.55
MG,52850,SÃO ROQUE DE MINAS,8266,8696,24.75,69.39,22.52,70.95,-2.24,1.56
MG,52876,SÃO SEBASTIÃO DA BELA VISTA,8680,9462,46.08,46.54,37.07,55.53,-9.01,8.98
MG,52892,SÃO SEBASTIÃO DO MARANHÃO,10460,10798,62.03,32.43,56.7,37.93,-5.33,5.5
MG,52914,SÃO SEBASTIÃO DO OESTE,9944,11816,50.06,43.22,42.33,51.57,-7.73,8.35
MG,52930,SÃO SEBASTIÃO DO PARAÍSO,72404,71734,41.02,47.55,35.4,53.16,-5.63,5.61
MG,52957,SÃO SEBASTIÃO DO RIO PRETO,2584,2656,53.79,38.7,45.71,46.61,-8.08,7.91
MG,52973,SÃO SEBASTIÃO DO RIO VERDE,3302,3372,36.04,53.66,33.93,57.47,-2.11,3.81
MG,52990,SÃO TIAGO,13776,14110,48.94,36.44,41.29,46.39,-7.65,9.95
MG,53015,SÃO TOMÁS DE AQUINO,8594,8562,44.87,44.59,38.64,50.88,-6.23,6.29
MG,53031,SÃO THOMÉ DAS LETRAS,7596,7708,67.64,25.78,60.15,32.72,-7.5,6.94
MG,53058,SÃO VICENTE DE MINAS,8408,8004,51.88,40.63,48.48,45.13,-3.4,4.5
MG,53074,SAPUCAÍ-MIRIM,8218,8740,42.93,47.34,36.7,55.49,-6.23,8.16
MG,53090,SARDOÁ,6054,6696,57.35,36.54,48.66,44.18,-8.69,7.64
MG,53112,SENADOR CORTES,3782,3836,59.86,32.73,53.18,39.89,-6.68,7.15
MG,53139,SENADOR FIRMINO,9904,10362,66.74,26.05,58.44,33.37,-8.3,7.32
MG,53155,SENADOR JOSÉ BENTO,3404,3756,40.25,52.53,34.4,59.42,-5.85,6.9
MG,53171,SENADOR MODESTINO GONÇALVES,5654,5948,70.43,23.35,59.99,33.12,-10.44,9.77
MG,53198,SENHORA DE OLIVEIRA,8096,8214,70.73,23.2,60.04,31.8,-10.68,8.6
MG,53210,SENHORA DO PORTO,4220,4216,62.42,30.9,54.98,36.53,-7.44,5.63
MG,53236,SENHORA DOS REMÉDIOS,12640,12492,64.37,28.62,53.23,38.26,-11.13,9.64
MG,53252,SERICITA,10050,10862,46.81,49.63,44.69,50.78,-2.12,1.15
MG,53279,SERITINGA,2802,3018,58.17,35.97,47.85,45.66,-10.33,9.69
MG,53295,SERRA AZUL DE MINAS,4182,4152,72.21,20.8,60.6,31.17,-11.62,10.36
MG,53317,SERRA DA SAUDADE,1778,1926,44.43,47.13,37.38,55.14,-7.05,8.01
MG,53333,SERRA DOS AIMORÉS,7926,8820,62.15,32.7,58.1,37.37,-4.05,4.67
MG,53350,SERRA DO SALITRE,13446,14558,43.85,51.33,34.57,59.87,-9.28,8.54
MG,53376,SERRANIA,9350,9124,50.16,43.08,44.74,48.09,-5.42,5.01
MG,53392,SERRANOS,3182,3130,57.57,34.63,51.31,41.92,-6.26,7.28
MG,53414,SERRO,21808,21100,71.91,22.75,65.38,27.98,-6.53,5.23
MG,53430,SETE LAGOAS,261936,256148,39.28,50.12,34.54,54.89,-4.74,4.77
MG,53457,SILVEIRÂNIA,4240,4786,65.61,26.75,55.7,35.69,-9.91,8.94
MG,53473,SILVIANÓPOLIS,7314,7162,40.63,50.31,34.82,56.41,-5.81,6.09
MG,53490,SIMÃO PEREIRA,4854,4998,55.09,38.32,48.82,43.98,-6.27,5.66
MG,53511,SIMONÉSIA,22810,23954,50.41,43.49,44.78,48.89,-5.63,5.4
MG,53538,SOBRÁLIA,5980,6066,50.84,43.01,48.53,46.39,-2.3,3.38
MG,53554,SOLEDADE DE MINAS,7646,7430,45.64,46.35,41.27,51.04,-4.38,4.69
MG,53570,TABULEIRO,6122,5966,59.43,33.22,52.93,40.6,-6.49,7.37
MG,53597,TAIOBEIRAS,37694,39914,41.5,52.76,36.49,58.02,-5.01,5.27
MG,53619,TAPIRA,7074,7798,28.19,65.51,22.34,70.63,-5.85,5.13
MG,53635,TAPIRAÍ,2922,3030,52.77,39.9,44.62,47.39,-8.15,7.49
MG,53651,TAQUARAÇU DE MINAS,7014,8050,43.54,46.71,38.68,52.42,-4.86,5.72
MG,53678,TARUMIRIM,14262,15074,52.67,43.12,45.93,49.67,-6.74,6.55
MG,53694,TEIXEIRAS,15678,15192,64.04,29.76,56.7,35.57,-7.34,5.81
MG,53716,TEÓFILO OTONI,146584,146778,48.74,45.34,47.46,46.9,-1.29,1.56
MG,53732,TIMÓTEO,90620,87730,38.76,54.65,36.17,56.69,-2.59,2.04
MG,53759,TIRADENTES,10800,10672,50.43,41.26,44.96,47.9,-5.47,6.64
MG,53775,TIROS,8380,9046,33.29,61.15,23.88,70.64,-9.42,9.49
MG,53791,TOCANTINS,20238,19890,51.83,41.19,45.75,47.22,-6.08,6.03
MG,53813,TOLEDO,9418,10952,38.48,55.23,30.55,62.45,-7.93,7.22
MG,53830,TOMBOS,10636,10466,55.42,40.39,48.08,47.53,-7.34,7.13
MG,53856,TRÊS CORAÇÕES,83572,78374,37.22,51.8,34.96,55.49,-2.27,3.69
MG,53872,TRÊS PONTAS,68988,66776,50.04,40.36,43.56,46.22,-6.48,5.85
MG,53899,TUMIRITINGA,7414,7580,56.89,38.58,50.08,46.04,-6.81,7.47
MG,53910,TUPACIGUARA,29900,30520,54.49,40.62,46.56,47.58,-7.94,6.95
MG,53937,TURMALINA,23308,24672,69.38,25.54,59.77,33.94,-9.61,8.41
MG,53953,TURVOLÂNDIA,6856,7328,45.13,46.27,39.41,53.28,-5.72,7.01
MG,53970,UBÁ,108994,105332,49.9,42.75,44.61,47.54,-5.3,4.79
MG,53996,UBAÍ,12928,13680,74.85,20.28,71.67,24.59,-3.18,4.31
MG,54011,UBERABA,357812,356490,44.15,46.96,38.65,51.11,-5.5,4.15
MG,54038,UBERLÂNDIA,796906,819842,44.69,46.37,39.98,50.45,-4.71,4.08
MG,54054,UMBURATIBA,3486,3726,70.45,25.53,60.12,35.27,-10.34,9.74
MG,54070,UNAÍ,92528,95624,38.83,53.88,28.68,63.26,-10.14,9.37
MG,54097,URUCÂNIA,12598,12196,63.5,31.78,58.22,36.24,-5.29,4.46
MG,54119,VARGEM BONITA,3756,3596,39.78,54.85,33.98,60.01,-5.79,5.17
MG,54135,VARGINHA,158086,152420,36.45,52.72,33.53,56.36,-2.92,3.64
MG,54151,VÁRZEA DA PALMA,37266,38016,52.33,40.4,44.67,48.43,-7.66,8.03
MG,54178,VARZELÂNDIA,21020,23220,74.24,21.79,72.05,24.94,-2.19,3.15
MG,54194,VAZANTE,24200,24524,51.57,40.91,40.63,50.28,-10.94,9.37
MG,54216,WENCESLAU BRAZ,4024,4074,43.74,46.82,38.19,53.22,-5.54,6.4
MG,54232,VERÍSSIMO,4354,4614,56.22,37.44,47.85,45.12,-8.37,7.69
MG,54259,VESPASIANO,134546,132854,46.7,45.29,41.52,48.86,-5.18,3.57
MG,54275,VIÇOSA,91662,90676,64.44,27.49,59.71,31.04,-4.74,3.54
MG,54291,VIEIRAS,6036,6250,56.99,37.77,51.26,43.87,-5.73,6.1
MG,54313,MATHIAS LOBATO,4582,4748,61.55,35.4,55.35,42.17,-6.2,6.77
MG,54330,VIRGEM DA LAPA,12812,12902,69.97,24.88,64.7,31.14,-5.26,6.26
MG,54356,VIRGÍNIA,11270,11522,49.19,41.6,46.64,45.91,-2.55,4.32
MG,54372,VIRGINÓPOLIS,11272,11068,63.95,26.95,52.64,35.92,-11.31,8.97
MG,54399,VIRGOLÂNDIA,5960,6188,70.27,23.09,64.84,29.44,-5.43,6.36
MG,54410,VISCONDE DO RIO BRANCO,46234,45980,56.36,37.69,49.86,43.07,-6.5,5.38
MG,54437,VOLTA GRANDE,5946,5990,62.19,32.8,56.46,37.46,-5.73,4.67
MG,54453,ITAÚ DE MINAS,17768,17718,38.48,51.87,33.48,55.82,-5.0,3.95
MS,55000,NOVA ALVORADA DO SUL,21612,20744,44.72,49.81,38.59,56.06,-6.12,6.25
MS,55018,ALCINÓPOLIS,5260,5672,49.66,42.7,38.5,53.24,-11.15,10.54
MS,55026,LAGUNA CARAPÃ,8590,8364,38.84,55.72,32.47,63.77,-6.36,8.06
MS,55034,JAPORÃ,8714,9732,69.98,26.83,67.26,29.84,-2.72,3.01
MS,55042,NOVO HORIZONTE DO SUL,5804,5526,49.31,43.94,42.6,52.19,-6.71,8.25
MS,55050,PARAÍSO DAS ÁGUAS,5970,6174,29.75,63.82,22.71,72.98,-7.04,9.16
MS,55069,FIGUEIRÃO,3848,4176,45.53,45.95,37.93,55.12,-7.6,9.18
MS,90034,ÁGUA CLARA,16168,17390,42.4,51.72,32.95,61.76,-9.45,10.04
MS,90115,AMAMBAI,39056,36844,42.8,51.77,37.69,58.09,-5.11,6.32
MS,90131,ANASTÁCIO,26512,25908,45.52,48.01,39.0,55.77,-6.52,7.76
MS,90158,ANAURILÂNDIA,9146,9256,50.73,41.48,41.77,51.77,-8.97,10.29
MS,90174,ANTÔNIO JOÃO,11398,11644,46.46,47.9,34.88,60.84,-11.58,12.94
MS,90190,APARECIDA DO TABOADO,26602,27142,37.83,54.29,33.89,59.63,-3.94,5.35
MS,90212,AQUIDAUANA,51676,50254,47.45,46.2,44.01,50.63,-3.44,4.44
MS,90298,BANDEIRANTES,9344,9778,44.35,47.58,35.47,58.13,-8.88,10.55
MS,90379,BATAGUASSU,27202,27432,42.26,49.76,37.0,56.61,-5.26,6.85
MS,90395,BATAYPORÃ,12042,11880,45.72,46.75,39.73,55.67,-5.99,8.92
MS,90417,BELA VISTA,23334,23366,42.03,52.53,36.25,59.77,-5.78,7.24
MS,90433,BONITO,26474,27722,38.63,55.45,31.66,62.5,-6.97,7.05
MS,90450,BRASILÂNDIA,12474,12608,39.3,52.85,32.03,62.52,-7.27,9.67
MS,90492,CAMAPUÃ,16756,16006,42.48,50.76,34.05,61.05,-8.43,10.29
MS,90514,CAMPO GRANDE,1021496,987376,34.57,54.56,32.38,58.68,-2.19,4.12
MS,90530,CARACOL,6918,7158,44.81,51.2,34.67,61.86,-10.14,10.66
MS,90557,CAARAPÓ,31740,31690,38.67,56.73,32.57,63.42,-6.1,6.69
MS,90573,CASSILÂNDIA,21818,21402,32.98,57.31,27.67,64.96,-5.31,7.65
MS,90611,CORGUINHO,5964,6498,45.34,46.41,39.61,53.86,-5.73,7.45
MS,90638,CORUMBÁ,102766,99288,46.85,44.66,44.98,49.38,-1.87,4.71
MS,90654,COXIM,37372,37534,44.41,48.96,37.93,56.78,-6.47,7.82
MS,90735,DOURADOS,260408,257664,35.71,55.76,31.42,61.7,-4.29,5.94
MS,90751,FÁTIMA DO SUL,25322,25552,44.31,47.59,38.66,55.35,-5.65,7.77
MS,90794,GLÓRIA DE DOURADOS,11758,12022,44.74,48.34,37.9,57.01,-6.84,8.67
MS,90816,GUIA LOPES DA LAGUNA,11094,11208,43.86,49.74,37.33,58.08,-6.53,8.34
MS,90859,IGUATEMI,15204,14716,39.42,55.8,33.32,61.86,-6.1,6.06
MS,90875,INOCÊNCIA,8908,8982,40.28,51.48,33.71,60.59,-6.57,9.11
MS,90891,ITAPORÃ,21860,22578,35.26,59.03,29.67,65.72,-5.59,6.69
MS,90930,IVINHEMA,30806,30282,38.28,55.21,31.02,62.82,-7.26,7.61
MS,90972,JARAGUARI,7964,8774,47.44,44.48,42.63,50.4,-4.81,5.92
MS,90999,JARDIM,25900,26302,36.73,57.15,31.87,63.11,-4.87,5.95
MS,91014,JATEÍ,6636,6604,46.32,46.02,41.43,55.18,-4.89,9.16
MS,91030,LADÁRIO,20240,19830,46.76,45.12,44.89,50.12,-1.87,5.0
MS,91073,MARACAJU,43376,45048,32.61,62.17,23.78,71.86,-8.83,9.68
MS,91111,MIRANDA,28542,28242,58.72,36.4,54.0,42.04,-4.72,5.65
MS,91138,NAVIRAÍ,54004,53660,33.79,59.98,29.89,64.33,-3.9,4.36
MS,91154,NIOAQUE,15812,15626,46.7,48.23,42.2,54.24,-4.5,6.01
MS,91235,NOVA ANDRADINA,50614,48902,40.52,52.2,34.53,59.26,-5.99,7.05
MS,91251,PARANAÍBA,45246,44772,40.75,49.8,35.87,57.25,-4.88,7.45
MS,91278,PEDRO GOMES,8570,8924,46.72,48.14,39.98,56.21,-6.74,8.06
MS,91316,PONTA PORÃ,102242,100266,36.7,55.98,31.56,62.67,-5.14,6.69
MS,91375,PORTO MURTINHO,10990,11244,47.24,49.08,43.42,52.45,-3.82,3.37
MS,91413,RIBAS DO RIO PARDO,19886,21868,44.12,48.93,36.31,57.77,-7.81,8.85
MS,91430,RIO BRILHANTE,37946,38390,41.39,53.27,33.33,61.92,-8.06,8.65
MS,91456,RIO NEGRO,5936,6288,45.08,47.14,38.65,56.46,-6.44,9.32
MS,91472,RIO VERDE DE MATO GROSSO,21014,20324,42.47,52.28,35.26,59.93,-7.21,7.65
MS,91499,ROCHEDO,6618,7156,42.28,48.44,34.35,59.39,-7.93,10.95
MS,91570,SIDROLÂNDIA,49976,49566,43.4,50.44,38.5,55.93,-4.9,5.49
MS,91596,TERENOS,20310,20814,45.98,44.73,42.32,51.53,-3.66,6.81
MS,91650,TRÊS LAGOAS,126812,125152,38.85,52.67,34.11,58.63,-4.74,5.96
MS,91693,ANGÉLICA,12552,12228,48.18,44.42,40.12,53.09,-8.06,8.67
MS,91715,ARAL MOREIRA,12010,12470,46.83,49.33,40.16,57.15,-6.67,7.82
MS,91731,ELDORADO,12388,12174,38.39,55.42,33.2,61.75,-5.19,6.33
MS,91758,DEODÁPOLIS,15690,15764,44.0,49.06,38.67,55.96,-5.33,6.9
MS,91782,CHAPADÃO DO SUL,30264,33944,28.75,66.66,22.74,71.78,-6.0,5.12
MS,91790,MUNDO NOVO,20814,21140,37.12,57.89,32.74,62.37,-4.38,4.48
MS,91804,DOIS IRMÃOS DO BURITI,12406,12692,62.12,31.65,56.4,39.54,-5.72,7.89
MS,91820,JUTI,8086,8432,51.55,44.35,44.43,52.09,-7.12,7.74
MS,91847,PARANHOS,12108,11900,56.48,38.75,53.65,43.7,-2.83,4.95
MS,91863,SANTA RITA DO PARDO,7280,7068,44.31,47.28,34.49,58.32,-9.82,11.04
MS,91880,SONORA,16454,16802,43.36,51.89,36.5,58.89,-6.86,7.0
MS,91901,VICENTINA,9140,9348,55.32,35.71,47.86,46.3,-7.46,10.59
MS,98019,BODOQUENA,10000,9588,46.86,45.78,40.53,53.69,-6.33,7.91
MS,98035,COSTA RICA,31204,31130,38.67,55.15,29.64,64.46,-9.04,9.31
MS,98051,DOURADINA,7968,8040,38.98,55.77,33.78,62.34,-5.2,6.57
MS,98078,ITAQUIRAÍ,19874,19688,52.6,41.43,45.45,49.48,-7.15,8.05
MS,98094,SÃO GABRIEL DO OESTE,32242,33880,30.98,63.26,24.38,69.89,-6.6,6.63
MS,98116,SELVÍRIA,9936,9932,57.07,37.08,46.42,47.58,-10.65,10.51
MS,98132,SETE QUEDAS,10766,11088,36.54,58.26,30.56,66.0,-5.99,7.74
MS,98159,TACURU,9498,8980,63.89,31.04,57.82,37.75,-6.07,6.71
MS,98175,TAQUARUSSU,5512,5790,55.01,41.04,47.7,48.81,-7.3,7.77
MS,98590,CORONEL SAPUCAIA,17736,19158,47.97,47.97,44.84,52.07,-3.13,4.1
MT,89788,COLNIZA,24356,27664,24.67,71.08,19.37,76.7,-5.3,5.62
MT,89796,COLÍDER,35080,35824,18.97,76.0,15.55,79.86,-3.42,3.86
MT,89800,CURVELÂNDIA,6610,6946,36.4,58.52,32.05,63.75,-4.35,5.23
MT,89818,NOVA BRASILÂNDIA,5424,5782,49.63,42.63,41.85,51.89,-7.78,9.26
MT,89826,NOVA SANTA HELENA,4408,5030,28.36,68.01,23.34,72.76,-5.02,4.75
MT,89834,PARANATINGA,21956,24654,30.01,65.28,25.04,70.94,-4.97,5.67
MT,89843,SANTO ANTÔNIO DO LESTE,3548,3934,36.19,58.74,33.55,61.97,-2.64,3.24
MT,89850,SINOP,162062,192292,22.9,72.16,18.27,76.66,-4.63,4.49
MT,89877,ALTA FLORESTA,59864,64790,28.59,65.97,23.7,71.83,-4.89,5.87
MT,89893,ARAPUTANGA,16960,17444,27.7,66.24,22.99,72.52,-4.71,6.28
MT,89915,JAURU,9826,10250,28.35,66.8,22.54,73.66,-5.82,6.86
MT,89931,SÃO JOSÉ DOS QUATRO MARCOS,19742,19740,30.66,64.26,26.75,69.61,-3.91,5.36
MT,89958,RIO BRANCO,5846,5872,41.43,52.1,35.25,58.99,-6.18,6.89
MT,89960,RONDOLÂNDIA,3764,4466,42.72,51.43,38.56,57.99,-4.16,6.56
MT,89974,SALTO DO CÉU,4446,4652,33.15,61.58,29.23,67.33,-3.92,5.74
MT,89990,PONTES E LACERDA,45484,50222,23.6,70.77,18.29,77.06,-5.3,6.29
MT,90018,ACORIZAL,10942,11846,54.58,40.58,46.87,48.35,-7.71,7.78
MT,90026,SÃO JOSÉ DO POVO,4086,4584,43.22,49.93,37.17,57.02,-6.05,7.1
MT,90042,ALTO BOA VISTA,5770,6330,24.82,70.95,21.52,74.22,-3.3,3.26
MT,90050,ALTO ARAGUAIA,17336,17006,36.78,57.76,29.14,63.54,-7.64,5.78
MT,90069,QUERÊNCIA,21162,27970,26.33,70.63,21.39,74.51,-4.94,3.88
MT,90077,ALTO GARÇAS,12076,13186,38.49,56.97,30.52,64.8,-7.97,7.82
MT,90085,CANABRAVA DO NORTE,5126,5912,30.63,64.03,25.34,70.7,-5.29,6.68
MT,90093,ALTO PARAGUAI,9044,9148,58.56,35.36,53.06,42.76,-5.5,7.4
MT,90107,SANTA CARMEM,5626,6752,22.54,73.34,18.13,77.73,-4.41,4.39
MT,90123,NOVA MARINGÁ,5950,6514,29.41,67.63,22.75,74.67,-6.66,7.04
MT,90140,NOVA GUARITA,5628,6182,36.14,60.63,29.12,67.13,-7.02,6.5
MT,90166,NOVA MARILÂNDIA,4012,4486,38.83,55.63,33.79,62.06,-5.04,6.43
MT,90182,PORTO ESTRELA,4702,5156,62.4,32.75,55.97,40.65,-6.43,7.9
MT,90204,GLÓRIA D OESTE,3964,4156,32.85,63.07,26.76,69.63,-6.09,6.57
MT,90220,TABAPORÃ,9928,11592,23.27,72.0,18.86,77.64,-4.41,5.64
MT,90239,ARAGUAINHA,1628,1872,57.13,38.57,42.74,53.21,-14.39,14.63
MT,90247,SÃO JOSÉ DO XINGU,5720,7172,42.8,53.71,32.15,63.94,-10.64,10.24
MT,90255,ARENÁPOLIS,11924,12104,39.77,54.03,34.72,59.83,-5.05,5.81
MT,90263,APIACÁS,8330,9342,37.38,58.03,27.1,69.45,-10.28,11.42
MT,90271,ARIPUANÃ,18292,22966,24.75,71.18,19.09,76.58,-5.66,5.4
MT,90280,CONFRESA,31564,38920,30.43,65.71,21.9,73.59,-8.53,7.88
MT,90301,LAMBARI D OESTE,6136,6410,45.4,48.17,40.37,54.48,-5.03,6.3
MT,90310,BARÃO DE MELGAÇO,9794,10968,61.47,33.41,57.59,37.64,-3.88,4.23
MT,90328,SANTO AFONSO,3442,4022,41.66,52.35,32.42,62.21,-9.24,9.85
MT,90336,BARRA DO BUGRES,34734,33796,48.8,45.52,41.93,52.63,-6.87,7.11
MT,90344,PLANALTO DA SERRA,3970,4560,49.97,44.58,41.8,52.32,-8.18,7.74
MT,90352,BARRA DO GARÇAS,66402,70238,38.22,55.7,33.37,59.85,-4.84,4.15
MT,90360,NOVA MONTE VERDE,8662,9176,28.17,67.54,22.69,72.78,-5.48,5.24
MT,90387,NOVA BANDEIRANTES,12942,14764,19.39,76.62,15.17,82.12,-4.22,5.5
MT,90409,SÃO PEDRO DA CIPA,5360,6098,45.9,49.18,39.78,56.94,-6.11,7.76
MT,90425,COTRIGUAÇU,12090,11596,29.03,66.09,24.47,71.51,-4.56,5.42
MT,90441,RIBEIRÃOZINHO,3300,3852,46.67,46.73,36.66,55.24,-10.01,8.52
MT,90468,BRASNORTE,16348,17932,27.27,68.9,23.51,73.33,-3.76,4.43
MT,90476,CÁCERES,92908,91706,46.78,46.77,41.72,52.38,-5.06,5.61
MT,90484,CAMPO NOVO DO PARECIS,38998,46308,31.69,64.24,23.88,71.46,-7.81,7.23
MT,90506,CAMPO VERDE,47096,51394,30.4,64.53,24.14,70.15,-6.26,5.62
MT,90522,CLÁUDIA,12324,13366,24.89,71.16,20.22,76.27,-4.68,5.11
MT,90549,CASTANHEIRA,8312,8814,33.16,61.57,26.64,69.21,-6.52,7.63
MT,90565,JANGADA,10936,11828,59.07,35.9,50.17,45.35,-8.9,9.45
MT,90581,JURUENA,8906,10914,27.85,67.8,23.73,72.66,-4.12,4.86
MT,90590,CHAPADA DOS GUIMARÃES,25116,26950,48.79,45.56,44.29,50.26,-4.5,4.7
MT,90603,LUCAS DO RIO VERDE,72672,82796,25.53,70.37,20.86,74.18,-4.67,3.81
MT,90620,MATUPÁ,19144,22752,26.38,69.59,18.58,77.58,-7.8,7.99
MT,90646,NOVA MUTUM,48632,58448,25.49,70.49,19.4,75.39,-6.09,4.9
MT,90662,RIBEIRÃO CASCALHEIRA,10092,11302,32.86,62.56,26.24,70.09,-6.61,7.53
MT,90670,CUIABÁ,696618,723232,36.48,55.15,34.07,57.7,-2.41,2.54
MT,90689,TAPURAH,13008,14970,23.62,73.05,18.05,78.65,-5.57,5.6
MT,90697,DIAMANTINO,24322,24570,37.23,58.6,29.85,65.89,-7.38,7.3
MT,90700,PONTAL DO ARAGUAIA,7442,8454,41.55,52.73,33.31,59.03,-8.24,6.3
MT,90719,DOM AQUINO,9438,9680,42.13,51.49,32.69,61.96,-9.44,10.47
MT,90727,SAPEZAL,26002,29304,30.54,65.93,24.02,71.51,-6.52,5.57
MT,90743,CAMPOS DE JÚLIO,7668,9714,28.77,67.87,22.96,73.17,-5.81,5.31
MT,90760,CARLINDA,11330,12124,41.17,52.6,34.05,61.15,-7.12,8.55
MT,90778,GENERAL CARNEIRO,6096,6686,49.08,46.75,43.08,52.11,-6.01,5.36
MT,90786,FELIZ NATAL,9016,10606,34.58,62.44,27.32,69.3,-7.26,6.86
MT,90808,NOVO MUNDO,7586,8930,29.16,67.41,23.36,73.77,-5.8,6.36
MT,90824,GAÚCHA DO NORTE,7844,9884,31.39,65.48,30.53,66.19,-0.85,0.71
MT,90832,GUIRATINGA,12508,12340,44.9,48.27,37.63,55.88,-7.27,7.61
MT,90840,UNIÃO DO SUL,4472,5280,33.14,63.33,25.11,72.65,-8.03,9.32
MT,90867,NOVA LACERDA,6106,6710,37.47,57.65,29.15,65.6,-8.32,7.96
MT,90883,NOVA UBIRATÃ,11030,11074,31.6,64.44,21.42,74.43,-10.19,9.98
MT,90905,BOM JESUS DO ARAGUAIA,6866,8106,38.68,57.09,28.65,65.09,-10.04,7.99
MT,90913,ITIQUIRA,12940,13478,38.21,55.21,31.33,62.92,-6.88,7.71
MT,90921,SERRA NOVA DOURADA,2280,2312,32.81,63.51,23.44,72.32,-9.36,8.81
MT,90948,NOVO SANTO ANTÔNIO,2546,2804,37.08,56.79,26.82,67.76,-10.26,10.97
MT,90956,JACIARA,30390,31020,30.85,63.13,26.17,68.46,-4.68,5.33
MT,90964,NOVA NAZARÉ,3436,4632,42.9,52.04,43.65,51.42,0.75,-0.61
MT,90980,SANTA CRUZ DO XINGU,2582,3220,32.46,63.59,22.98,72.98,-9.47,9.39
MT,91006,CONQUISTA D OESTE,4234,4756,27.87,68.12,22.67,73.63,-5.2,5.52
MT,91022,VALE DE SÃO DOMINGOS,3794,4176,24.67,71.96,19.88,77.11,-4.8,5.15
MT,91049,SANTA RITA DO TRIVELATO,3282,3962,31.81,62.89,24.13,69.31,-7.68,6.42
MT,91057,LUCIARA,3304,3690,44.73,50.61,40.54,55.12,-4.19,4.52
MT,91081,IPIRANGA DO NORTE,7264,9406,26.51,70.18,22.18,73.44,-4.34,3.26
MT,91090,VILA BELA DA SANTÍSSIMA TRINDADE,15100,16162,43.07,51.17,34.54,61.56,-8.54,10.4
MT,91103,ITANHANGÁ,7594,8166,21.1,76.96,15.14,82.61,-5.96,5.66
MT,91170,NOBRES,17928,19278,31.6,63.13,27.36,68.49,-4.25,5.36
MT,91197,NORTELÂNDIA,7236,7408,49.06,44.22,44.9,48.54,-4.16,4.32
MT,91219,NOSSA SENHORA DO LIVRAMENTO,19274,21558,65.78,28.87,60.58,34.69,-5.2,5.82
MT,91294,POCONÉ,35610,37654,63.13,32.74,55.85,39.76,-7.28,7.02
MT,91332,PONTE BRANCA,2864,2968,58.87,35.2,47.44,45.82,-11.43,10.63
MT,91359,PORTO DOS GAÚCHOS,5886,6688,26.2,69.62,19.14,77.24,-7.06,7.62
MT,91391,POXORÉU,19386,20852,47.24,46.08,38.92,55.42,-8.32,9.33
MT,91510,RONDONÓPOLIS,250428,265232,34.47,59.56,28.69,64.77,-5.78,5.21
MT,91537,ROSÁRIO OESTE,19100,19714,51.82,42.67,43.15,52.99,-8.67,10.32
MT,91553,SANTO ANTÔNIO DO LEVERGER,25744,26650,52.46,41.51,47.56,47.17,-4.91,5.66
MT,91618,TESOURO,4222,4070,50.92,40.22,43.19,50.32,-7.73,10.1
MT,91634,TORIXORÉU,5278,5818,45.47,48.43,36.34,57.17,-9.14,8.74
MT,91677,VÁRZEA GRANDE,285718,303368,40.19,52.96,36.48,56.42,-3.71,3.46
MT,91774,MIRASSOL D OESTE,28390,29554,30.48,64.0,25.59,69.55,-4.89,5.55
MT,91812,PEDRA PRETA,20672,21264,43.0,51.32,35.28,59.1,-7.72,7.78
MT,91839,SÃO FÉLIX DO ARAGUAIA,10136,11538,37.69,57.26,33.3,62.4,-4.39,5.14
MT,91855,TANGARÁ DA SERRA,102742,105510,25.86,67.69,22.37,72.08,-3.5,4.39
MT,91898,JUSCIMEIRA,13424,13952,40.23,54.63,34.89,61.08,-5.34,6.45
MT,91910,ÁGUA BOA,28064,31482,21.96,74.63,16.19,79.02,-5.76,4.39
MT,91936,CANARANA,23116,26712,21.8,74.84,17.51,78.73,-4.29,3.89
MT,91952,NOVA XAVANTINA,22092,23392,30.88,64.27,24.52,70.48,-6.36,6.21
MT,91979,SANTA TEREZINHA,6816,7576,54.4,39.88,44.69,50.4,-9.71,10.52
MT,91995,SÃO JOSÉ DO RIO CLARO,16618,17192,23.31,72.38,20.25,76.43,-3.06,4.05
MT,98191,JUARA,34554,37444,23.49,71.55,19.85,76.02,-3.64,4.47
MT,98310,JUÍNA,46622,48540,29.66,65.6,24.19,71.38,-5.47,5.79
MT,98337,DENISE,8818,8932,44.23,50.87,39.34,56.49,-4.89,5.62
MT,98612,ALTO TAQUARI,10650,11650,33.07,62.01,26.64,67.83,-6.43,5.82
MT,98639,ARAGUAIANA,4600,4728,48.57,45.04,35.91,54.78,-12.65,9.74
MT,98655,CAMPINÁPOLIS,14490,16370,56.51,40.1,54.45,42.41,-2.05,2.31
MT,98671,COCALINHO,6358,7380,43.82,53.26,31.73,60.51,-12.08,7.26
MT,98698,ITAÚBA,5836,6396,31.46,63.26,21.76,74.7,-9.7,11.44
MT,98710,MARCELÂNDIA,12146,13422,23.0,73.88,18.85,78.86,-4.15,4.97
MT,98736,NOVA OLÍMPIA,18060,19508,51.83,43.34,44.12,50.59,-7.71,7.25
MT,98752,NOVA CANAÃ DO NORTE,14080,15066,26.35,67.74,19.9,76.44,-6.45,8.7
MT,98779,NOVO SÃO JOAQUIM,7678,8060,31.6,64.16,25.68,69.38,-5.91,5.22
MT,98795,NOVO HORIZONTE DO NORTE,4526,5092,31.51,61.16,25.45,69.87,-6.06,8.72
MT,98817,PEIXOTO DE AZEVEDO,32726,34386,42.13,53.29,32.02,63.29,-10.1,10.0
MT,98833,PARANAÍTA,13464,14094,30.39,64.32,23.13,73.08,-7.26,8.76
MT,98850,PORTO ALEGRE DO NORTE,11150,11754,39.37,56.77,30.27,65.73,-9.1,8.96
MT,98876,PORTO ESPERIDIÃO,10896,11478,45.41,51.01,35.81,60.78,-9.6,9.77
MT,98892,PRIMAVERA DO LESTE,76074,86436,24.19,71.32,18.99,75.84,-5.2,4.52
MT,98914,RESERVA DO CABAÇAL,2694,2830,41.13,51.15,37.03,57.39,-4.1,6.23
MT,98930,SORRISO,102348,116916,26.3,70.16,20.24,75.25,-6.06,5.09
MT,98957,TERRA NOVA DO NORTE,12356,13546,34.01,60.94,27.65,67.78,-6.35,6.84
MT,98973,VERA,10294,11994,28.25,67.24,22.29,73.32,-5.95,6.08
MT,98990,VILA RICA,19246,20048,30.92,64.92,22.08,74.03,-8.84,9.11
MT,99015,COMODORO,19586,20310,31.47,64.34,26.91,68.96,-4.56,4.62
MT,99031,FIGUEIRÓPOLIS D OESTE,4232,4498,23.3,71.46,18.5,78.17,-4.8,6.71
MT,99058,GUARANTÃ DO NORTE,31972,34470,18.92,77.63,15.64,81.09,-3.27,3.45
MT,99074,INDIAVAÍ,2976,3224,41.94,53.43,31.51,63.96,-10.42,10.53
PA,4006,GOIANÉSIA DO PARÁ,31930,32380,56.42,38.11,48.36,47.36,-8.06,9.24
PA,4014,ABAETETUBA,196598,205752,71.99,22.65,71.97,24.07,-0.03,1.42
PA,4022,TAILÂNDIA,78794,83746,52.33,42.25,39.88,54.91,-12.45,12.67
PA,4030,ACARÁ,73880,78396,65.36,27.05,65.45,30.5,0.09,3.44
PA,4049,BOM JESUS DO TOCANTINS,16978,18512,53.49,40.96,47.1,48.84,-6.39,7.89
PA,4057,AFUÁ,41480,44486,61.62,27.89,63.49,31.55,1.87,3.66
PA,4065,SÃO JOÃO DE PIRABAS,26912,28532,67.29,26.31,68.06,28.01,0.78,1.7
PA,4073,ALENQUER,65166,71694,48.41,44.3,44.91,51.08,-3.5,6.78
PA,4081,TUCUMÃ,40106,40628,34.22,61.61,24.84,70.1,-9.38,8.49
PA,4090,ALMEIRIM,34736,34416,67.83,27.63,64.44,32.16,-3.39,4.53
PA,4103,MÃE DO RIO,38186,39916,52.39,40.53,48.65,47.08,-3.74,6.55
PA,4111,ALTAMIRA,126858,129660,36.9,57.77,31.49,63.25,-5.4,5.48
PA,4120,ELDORADO DOS CARAJÁS,29292,31242,49.2,45.58,44.14,51.83,-5.06,6.25
PA,4138,ANAJÁS,30738,34082,46.59,44.42,49.32,43.49,2.72,-0.93
PA,4146,SANTA LUZIA DO PARÁ,26936,28340,71.01,22.79,66.25,30.25,-4.76,7.45
PA,4154,ANANINDEUA,557750,567298,45.34,43.59,44.98,46.17,-0.36,2.57
PA,4162,PALESTINA DO PARÁ,9054,8860,58.56,37.27,49.84,47.11,-8.72,9.85
PA,4170,AUGUSTO CORRÊA,56426,59994,67.66,23.51,67.67,27.24,0.02,3.73
PA,4189,IPIXUNA DO PARÁ,34736,36700,63.78,30.45,59.01,37.23,-4.76,6.78
PA,4197,AVEIRO,16270,17632,58.27,36.3,51.02,45.86,-7.25,9.56
PA,4200,JACAREACANGA,17624,19416,49.73,45.23,48.35,49.87,-1.38,4.63
PA,4219,BAGRE,23382,25250,75.41,19.81,74.67,22.57,-0.74,2.76
PA,4227,BRASIL NOVO,23848,26058,32.5,62.65,26.32,70.34,-6.18,7.69
PA,4235,BAIÃO,41622,44236,72.53,22.36,69.89,27.15,-2.64,4.8
PA,4243,SANTA BÁRBARA DO PARÁ,26944,28782,52.9,38.43,54.57,40.05,1.67,1.62
PA,4251,BARCARENA,152004,160356,61.09,30.81,58.94,33.92,-2.15,3.11
PA,4260,ÁGUA AZUL DO NORTE,15014,16250,41.02,54.68,29.94,65.43,-11.07,10.75
PA,4278,BELÉM,1715014,1652436,45.74,43.21,48.0,43.74,2.26,0.52
PA,4286,TRAIRÃO,16782,17760,32.44,63.73,20.81,75.42,-11.63,11.68
PA,4294,BENEVIDES,74416,78922,51.79,40.25,50.51,43.45,-1.28,3.2
PA,4308,PAU D ARCO,10888,12920,45.04,48.99,37.32,58.85,-7.72,9.86
PA,4316,BONITO,19808,20160,67.75,24.52,64.0,31.34,-3.75,6.82
PA,4324,ULIANÓPOLIS,29336,31100,50.51,45.7,41.84,54.36,-8.67,8.66
PA,4332,BRAGANÇA,137948,146928,58.35,32.87,57.01,36.3,-1.34,3.43
PA,4340,AURORA DO PARÁ,27704,27896,68.72,25.12,64.38,32.02,-4.34,6.9
PA,4359,BREVES,107526,118610,60.26,33.14,60.46,35.2,0.19,2.06
PA,4367,TERRA SANTA,21504,23850,56.86,37.91,47.65,46.88,-9.22,8.98
PA,4375,BUJARU,35336,36512,67.23,26.3,67.63,28.79,0.4,2.48
PA,4383,NOVO PROGRESSO,32222,35178,17.57,79.6,13.4,84.13,-4.17,4.53
PA,4391,CACHOEIRA DO ARARI,28196,29222,75.8,17.87,77.03,20.41,1.23,2.53
PA,4405,VITÓRIA DO XINGU,22800,25394,47.84,46.6,40.43,55.34,-7.41,8.74
PA,4413,CAMETÁ,165624,178658,73.81,20.88,75.45,21.7,1.64,0.82
PA,4421,NOVO REPARTIMENTO,65424,69326,43.23,52.23,36.15,59.84,-7.07,7.61
PA,4430,CAPANEMA,84056,86212,57.84,35.24,54.78,39.38,-3.06,4.15
PA,4448,BREU BRANCO,45216,46656,55.85,38.62,50.86,44.94,-4.99,6.32
PA,4456,CAPITÃO POÇO,66886,68598,61.26,32.35,58.33,37.23,-2.93,4.89
PA,4464,SÃO DOMINGOS DO ARAGUAIA,23724,23532,56.21,38.53,49.62,46.97,-6.6,8.43
PA,4472,CASTANHAL,224944,231684,44.29,46.53,42.35,50.03,-1.94,3.51
PA,4480,NOVA ESPERANÇA DO PIRIÁ,24060,23738,55.22,38.98,48.14,48.52,-7.08,9.54
PA,4499,CHAVES,19902,21652,63.52,27.85,65.56,30.53,2.04,2.68
PA,4502,ABEL FIGUEIREDO,8288,8808,57.36,37.72,49.55,47.25,-7.81,9.54
PA,4510,COLARES,18004,20060,71.22,20.71,71.05,24.55,-0.17,3.84
PA,4529,CUMARU DO NORTE,10696,11860,36.69,59.95,32.53,65.16,-4.16,5.21
PA,4537,CONCEIÇÃO DO ARAGUAIA,48034,47922,42.92,50.42,37.17,57.41,-5.74,6.99
PA,4545,TERRA ALTA,16754,19068,63.65,29.84,62.07,33.94,-1.58,4.1
PA,4553,CURRALINHO,36506,41300,75.99,19.48,76.97,20.37,0.98,0.89
PA,4561,FLORESTA DO ARAGUAIA,21330,20834,45.25,50.16,39.21,56.89,-6.05,6.72
PA,4570,CURUÇÁ,51620,55824,69.6,24.2,69.53,26.57,-0.07,2.37
PA,4588,BANNACH,4360,4644,38.9,56.79,29.72,65.68,-9.18,8.89
PA,4596,FARO,10066,10560,79.24,17.54,73.75,23.52,-5.49,5.98
PA,4600,NOVA IPIXUNA,16290,17482,51.63,41.31,45.22,49.75,-6.4,8.44
PA,4618,GURUPÁ,34672,39926,69.42,25.46,68.19,29.09,-1.23,3.63
PA,4626,PLACAS,20610,23002,35.0,59.81,24.15,72.65,-10.86,12.85
PA,4634,IGARAPÉ-AÇU,49178,50048,68.96,24.09,66.75,29.08,-2.21,4.99
PA,4642,MARITUBA,135868,143454,50.21,40.56,49.58,42.52,-0.63,1.96
PA,4650,IGARAPÉ-MIRI,81950,88436,61.3,32.05,62.29,33.43,0.99,1.38
PA,4669,TRACUATEUA,38178,40110,75.05,19.18,74.8,21.95,-0.24,2.77
PA,4677,INHANGAPI,15084,15350,58.46,33.27,57.72,37.26,-0.74,4.0
PA,4685,QUATIPURU,14808,14992,71.03,22.6,70.46,24.81,-0.56,2.22
PA,4693,IRITUIA,41530,42630,70.48,22.21,68.43,26.84,-2.06,4.63
PA,4707,CANAÃ DOS CARAJÁS,71654,106814,36.45,58.97,31.22,62.81,-5.23,3.84
PA,4715,ITAITUBA,117898,122488,36.88,57.78,26.53,69.07,-10.35,11.28
PA,4723,ANAPU,32638,36906,38.8,57.2,25.85,71.06,-12.95,13.86
PA,4731,ITUPIRANGA,47852,49290,59.86,35.41,50.79,45.19,-9.07,9.78
PA,4740,CURUÁ,17436,18616,73.58,20.52,71.64,24.62,-1.95,4.1
PA,4758,JACUNDÁ,48768,46788,54.58,39.48,46.27,49.0,-8.31,9.52
PA,4766,CACHOEIRA DO PIRIÁ,21330,22374,70.65,23.59,64.28,32.09,-6.37,8.5
PA,4774,JURUTI,57548,61804,56.92,37.48,57.66,38.64,0.74,1.16
PA,4782,PIÇARRA,14434,14576,46.03,49.16,42.03,54.62,-4.0,5.46
PA,4790,LIMOEIRO DO AJURU,35952,37680,69.59,23.79,73.83,23.36,4.25,-0.43
PA,4804,BELTERRA,23984,27666,50.5,43.1,43.54,51.87,-6.96,8.76
PA,4812,MAGALHÃES BARATA,13220,13916,65.9,27.47,65.81,30.18,-0.09,2.71
PA,4820,SÃO JOÃO DA PONTA,9636,9774,66.04,26.69,64.95,30.12,-1.1,3.43
PA,4839,MARABÁ,278956,280612,44.78,49.03,40.16,54.42,-4.62,5.39
PA,4847,SAPUCAIA,7316,7726,52.3,43.08,41.81,54.34,-10.49,11.25
PA,4855,MARACANÃ,41196,44450,65.45,28.05,65.44,30.53,-0.01,2.48
PA,4863,MOJUÍ DOS CAMPOS,31582,36908,39.33,54.55,31.1,64.61,-8.23,10.06
PA,4871,MARAPANIM,37560,40008,63.99,28.48,64.56,31.53,0.57,3.06
PA,4898,MELGAÇO,25114,29296,64.04,30.72,63.09,33.81,-0.96,3.09
PA,4910,MOCAJUBA,43154,46720,71.78,22.75,71.01,25.26,-0.77,2.51
PA,4936,MOJU,87120,90914,69.45,24.93,65.78,29.68,-3.67,4.76
PA,4952,MONTE ALEGRE,77416,83246,46.79,46.25,44.64,51.5,-2.15,5.26
PA,4979,MUANÁ,43386,47606,72.42,21.93,74.13,22.66,1.71,0.73
PA,4995,NOVA TIMBOTEUA,18244,18666,69.63,24.29,65.98,29.58,-3.65,5.29
PA,5010,ÓBIDOS,58624,62762,67.42,26.61,64.35,31.31,-3.07,4.7
PA,5037,OEIRAS DO PARÁ,38064,41186,77.31,17.45,77.7,19.56,0.39,2.12
PA,5053,ORIXIMINÁ,71964,75642,55.17,37.72,49.15,46.74,-6.02,9.02
PA,5070,OURÉM,25230,25912,70.86,22.27,69.06,26.67,-1.8,4.4
PA,5096,PARAGOMINAS,110500,117024,40.47,53.77,35.87,59.4,-4.6,5.63
PA,5118,PEIXE-BOI,14056,15020,66.32,27.63,63.69,32.34,-2.63,4.71
PA,5134,PONTA DE PEDRAS,34160,35396,71.99,21.47,73.64,22.6,1.64,1.13
PA,5150,PORTEL,52772,60914,63.76,29.81,61.83,35.06,-1.93,5.26
PA,5177,PORTO DE MOZ,34138,35996,64.11,31.41,54.36,42.18,-9.75,10.77
PA,5193,PRAINHA,40008,42526,56.38,39.72,50.64,47.11,-5.74,7.38
PA,5215,PRIMAVERA,16432,16644,70.73,22.19,69.67,25.67,-1.06,3.48
PA,5231,SALINÓPOLIS,54150,59384,61.93,31.18,58.0,36.41,-3.93,5.24
PA,5258,SALVATERRA,30312,31610,67.23,25.63,70.38,25.62,3.15,-0.01
PA,5274,SANTA CRUZ DO ARARI,9174,9570,69.76,25.31,69.11,29.26,-0.65,3.95
PA,5290,SANTA IZABEL DO PARÁ,76450,79498,50.92,40.19,49.83,44.57,-1.09,4.39
PA,5312,SANTA MARIA DO PARÁ,33770,35076,53.17,39.73,48.85,45.96,-4.32,6.24
PA,5339,SANTANA DO ARAGUAIA,33470,36270,36.88,59.01,28.64,67.93,-8.25,8.92
PA,5355,SANTARÉM,375486,397314,41.75,49.4,39.46,54.4,-2.29,5.01
PA,5371,SANTARÉM NOVO,10382,11078,72.57,22.33,71.62,25.22,-0.95,2.89
PA,5398,SANTO ANTÔNIO DO TAUÁ,39618,42604,60.71,32.11,59.15,35.53,-1.56,3.42
PA,5410,SÃO CAETANO DE ODIVELAS,24250,25454,69.92,22.38,69.08,25.39,-0.84,3.01
PA,5436,SÃO DOMINGOS DO CAPIM,37588,39664,71.44,21.01,70.6,25.34,-0.84,4.34
PA,5452,SÃO FÉLIX DO XINGU,59308,63826,32.97,63.08,23.55,72.29,-9.43,9.21
PA,5479,SÃO FRANCISCO DO PARÁ,24586,26140,60.21,33.49,57.41,38.48,-2.81,4.99
PA,5495,SÃO JOÃO DO ARAGUAIA,17076,19680,58.84,36.14,54.23,42.65,-4.62,6.51
PA,5517,SÃO MIGUEL DO GUAMÁ,64972,67790,62.96,28.18,60.61,33.74,-2.34,5.57
PA,5533,SÃO SEBASTIÃO DA BOA VISTA,35020,37672,72.78,22.52,73.29,23.36,0.51,0.84
PA,5550,SENADOR JOSÉ PORFÍRIO,18852,21946,51.78,43.16,35.27,61.32,-16.51,18.17
PA,5576,SOURE,33472,34806,72.31,20.9,74.22,22.19,1.92,1.28
PA,5592,TOMÉ-AÇU,77352,78914,58.34,35.8,52.14,43.01,-6.2,7.21
PA,5614,TUCURUÍ,108306,107750,55.1,38.61,49.63,44.58,-5.47,5.98
PA,5630,VIGIA,59880,60984,66.59,26.53,63.63,30.47,-2.96,3.94
PA,5657,VISEU,65440,66834,78.07,17.61,76.38,20.67,-1.69,3.06
PA,5673,REDENÇÃO,93946,97220,31.05,63.95,24.12,71.51,-6.93,7.56
PA,5690,RIO MARIA,20950,20666,41.47,53.63,32.67,62.53,-8.8,8.9
PA,5711,XINGUARA,52626,53632,36.53,58.47,29.44,65.65,-7.1,7.18
PA,5738,RONDON DO PARÁ,40830,40226,46.09,49.26,38.55,57.93,-7.54,8.67
PA,5754,URUARÁ,43728,48640,26.21,69.03,19.51,77.04,-6.7,8.02
PA,5770,MEDICILÂNDIA,30122,31572,31.66,62.51,24.11,71.7,-7.55,9.18
PA,5797,SÃO GERALDO DO ARAGUAIA,29758,30122,43.03,52.63,37.39,58.54,-5.65,5.9
PA,5819,CONCÓRDIA DO PARÁ,37642,38862,61.1,33.95,57.42,39.82,-3.68,5.87
PA,5835,PARAUAPEBAS,280016,302798,39.03,55.28,34.11,58.95,-4.92,3.67
PA,5851,CURIONÓPOLIS,24854,25068,46.27,48.93,38.02,57.54,-8.25,8.61
PA,5878,GARRAFÃO DO NORTE,33650,34332,68.96,23.54,62.47,32.99,-6.5,9.45
PA,5894,RURÓPOLIS,27868,30768,38.46,55.78,25.65,70.37,-12.81,14.59
PA,5916,PACAJÁ,41626,44412,39.22,55.31,27.92,68.51,-11.29,13.21
PA,5932,BREJO GRANDE DO ARAGUAIA,10326,10464,56.13,39.42,50.61,46.5,-5.52,7.09
PA,5959,OURILÂNDIA DO NORTE,33586,37816,38.68,57.2,32.07,63.41,-6.62,6.21
PA,5975,DOM ELISEU,45278,46714,52.4,42.87,42.98,52.95,-9.42,10.08
PA,5991,SANTA MARIA DAS BARREIRAS,18404,19434,37.68,58.01,28.29,67.79,-9.39,9.78
PB,19003,RIACHÃO DO POÇO,6926,7646,68.61,26.05,64.22,31.68,-4.39,5.63
PB,19011,ÁGUA BRANCA,11716,12564,84.43,11.47,77.59,17.7,-6.84,6.23
PB,19020,SOBRADO,11232,12408,68.54,24.96,65.3,30.85,-3.24,5.89
PB,19038,AGUIAR,7366,7432,80.51,15.5,77.02,19.35,-3.49,3.85
PB,19046,SÃO JOSÉ DOS RAMOS,8384,8774,75.21,19.9,70.75,25.48,-4.46,5.59
PB,19054,ALAGOA GRANDE,32414,33858,73.18,22.05,70.4,25.54,-2.78,3.49
PB,19062,CAPIM,9796,10320,71.85,22.15,68.47,27.6,-3.38,5.45
PB,19070,ALAGOA NOVA,23744,24376,73.46,18.89,71.25,22.85,-2.21,3.96
PB,19089,CUITÉ DE MAMANGUAPE,10396,11216,79.59,16.04,72.81,23.61,-6.78,7.56
PB,19097,ALAGOINHA,17650,18648,79.61,15.69,76.63,19.34,-2.98,3.64
PB,19100,CURRAL DE CIMA,8646,9228,78.7,15.04,72.28,22.69,-6.42,7.66
PB,19119,ALHANDRA,29372,31844,59.44,35.92,54.82,40.44,-4.61,4.52
PB,19127,RIACHÃO DO BACAMARTE,6930,7618,74.14,20.78,67.63,28.07,-6.51,7.29
PB,19135,SÃO JOÃO DO RIO DO PEIXE,22062,22804,79.97,15.38,76.91,18.9,-3.07,3.52
PB,19143,MATINHAS,6650,7076,77.17,18.14,75.75,20.41,-1.42,2.27
PB,19151,ARAÇAGI,20758,21582,80.4,15.0,76.65,19.44,-3.76,4.44
PB,19160,LOGRADOURO,6338,7474,66.33,28.31,62.03,33.32,-4.3,5.01
PB,19178,ARARA,12768,13568,74.01,19.66,71.51,23.13,-2.51,3.47
PB,19186,SERTÃOZINHO,6702,7948,75.56,19.84,69.43,24.94,-6.13,5.09
PB,19194,ARARUNA,19570,20924,71.84,22.23,66.35,29.72,-5.49,7.49
PB,19208,RIACHÃO,4760,5274,77.39,18.45,74.9,22.3,-2.5,3.85
PB,19216,AREIA,27396,28570,74.92,19.48,75.06,20.2,0.13,0.71
PB,19224,SÃO DOMINGOS DO CARIRI,4548,4710,70.05,23.18,67.6,27.35,-2.45,4.17
PB,19232,AREIAL,9270,10084,71.2,22.2,66.9,27.13,-4.3,4.93
PB,19240,CARAÚBAS,6882,7370,77.83,17.35,72.92,23.07,-4.91,5.72
PB,19259,AROEIRAS,24118,24902,77.93,17.67,74.02,21.16,-3.92,3.49
PB,19267,SANTO ANDRÉ,4484,4644,79.35,15.79,72.7,23.51,-6.65,7.72
PB,19275,DAMIÃO,6594,7114,81.98,13.04,78.07,17.15,-3.91,4.11
PB,19283,SOSSÊGO,5264,5980,83.17,11.59,78.49,17.86,-4.67,6.27
PB,19291,BAÍA DA TRAIÇÃO,11762,12920,81.19,15.17,77.01,20.05,-4.18,4.88
PB,19305,BARAÚNA,6866,7288,79.9,15.15,73.57,20.88,-6.33,5.74
PB,19313,BANANEIRAS,27084,28572,76.75,17.11,70.1,24.97,-6.66,7.86
PB,19321,ASSUNÇÃO,6286,6284,75.69,20.3,68.01,28.26,-7.68,7.96
PB,19330,BARRA DE SANTA ROSA,16610,17792,79.51,16.46,76.38,19.78,-3.12,3.32
PB,19348,ZABELÊ,3660,4004,83.33,12.51,80.72,15.88,-2.61,3.37
PB,19356,BARRA DE SÃO MIGUEL,9424,9840,70.69,24.6,67.76,28.21,-2.93,3.61
PB,19364,CACIMBAS,8726,9072,84.64,11.76,79.63,16.4,-5.01,4.64
PB,19372,BAYEUX,118620,118314,50.96,42.42,47.18,46.31,-3.78,3.89
PB,19380,CAJAZEIRINHAS,5858,5706,80.33,15.84,74.9,22.29,-5.43,6.45
PB,19399,BELÉM,19366,19498,68.55,26.08,65.35,30.54,-3.2,4.46
PB,19402,SÃO BENTINHO,5756,5632,82.63,13.06,78.69,17.54,-3.93,4.48
PB,19410,BELÉM DO BREJO DO CRUZ,9636,9926,72.69,22.35,69.05,27.14,-3.63,4.79
PB,19429,SÃO DOMINGOS,4866,4896,73.98,19.65,71.81,25.16,-2.17,5.52
PB,19437,BOA VENTURA,7682,7406,79.67,15.28,78.15,17.77,-1.51,2.49
PB,19445,SÃO JOSÉ DE PRINCESA,4930,4752,86.45,9.29,83.75,13.34,-2.7,4.05
PB,19453,BOM JESUS,4760,4998,86.51,9.66,81.67,14.01,-4.84,4.34
PB,19461,MARIZÓPOLIS,9790,9838,70.44,24.54,62.59,31.14,-7.85,6.61
PB,19470,BOM SUCESSO,7316,7556,85.07,9.4,82.37,15.14,-2.7,5.74
PB,19488,MATO GROSSO,4438,4202,88.73,7.93,77.82,19.23,-10.91,11.3
PB,19496,BONITO DE SANTA FÉ,11458,12092,73.71,22.15,72.05,24.38,-1.67,2.23
PB,19500,BERNARDINO BATISTA,4686,4692,82.07,13.79,79.84,17.35,-2.24,3.56
PB,19518,BOQUEIRÃO,23374,25304,66.92,27.85,63.46,31.47,-3.46,3.61
PB,19526,POÇO DE JOSÉ DE MOURA,6092,6990,81.78,13.85,79.71,16.05,-2.07,2.2
PB,19534,IGARACY,8192,8602,77.44,16.16,70.45,23.76,-6.99,7.6
PB,19542,SÃO JOSÉ DO BREJO DO CRUZ,3624,4030,70.25,23.68,64.17,30.77,-6.09,7.09
PB,19550,BORBOREMA,6734,7392,76.51,18.3,70.97,24.86,-5.54,6.57
PB,19569,SANTA INÊS,5710,5756,89.11,7.6,84.82,12.54,-4.29,4.94
PB,19577,BREJO DO CRUZ,15892,16800,69.39,24.96,63.83,31.43,-5.56,6.47
PB,19585,AMPARO,4094,4346,86.17,11.04,83.02,14.27,-3.16,3.23
PB,19593,BREJO DOS SANTOS,9304,9548,71.69,24.1,70.84,25.87,-0.85,1.77
PB,19607,CASSERENGUE,8776,9274,80.47,13.72,75.76,19.86,-4.71,6.14
PB,19615,CAAPORÃ,25912,26538,66.63,28.89,63.67,31.76,-2.97,2.87
PB,19623,GADO BRAVO,11632,12506,79.54,15.32,76.94,18.62,-2.6,3.3
PB,19631,CABACEIRAS,7942,8446,64.34,28.48,63.01,31.42,-1.33,2.94
PB,19640,POÇO DANTAS,5948,6188,85.51,10.63,83.71,12.06,-1.8,1.43
PB,19658,CABEDELO,78064,80964,49.84,42.61,47.06,45.7,-2.78,3.09
PB,19666,JOCA CLAUDINO,3814,3754,81.28,13.11,79.7,15.82,-1.58,2.71
PB,19674,CACHOEIRA DOS ÍNDIOS,11684,12086,83.36,12.7,81.45,13.93,-1.91,1.23
PB,19682,TENÓRIO,4664,5186,79.16,16.38,72.85,23.99,-6.31,7.61
PB,19690,CACIMBA DE AREIA,6094,6754,80.57,16.21,76.25,20.4,-4.32,4.19
PB,19704,COXIXOLA,3058,3216,78.22,16.87,74.81,20.71,-3.41,3.84
PB,19712,CACIMBA DE DENTRO,19840,20358,74.52,20.73,68.54,27.04,-5.97,6.31
PB,19720,PARARI,3436,3850,78.29,17.87,74.49,21.97,-3.8,4.1
PB,19739,CAIÇARA,9178,9560,69.47,25.45,64.33,31.03,-5.14,5.57
PB,19747,PEDRO RÉGIS,7410,7868,71.28,22.35,62.23,32.36,-9.06,10.01
PB,19755,CAJAZEIRAS,73090,75386,78.49,16.71,74.96,19.92,-3.54,3.21
PB,19763,ALCANTIL,7720,8062,58.58,33.91,56.88,36.79,-1.69,2.88
PB,19771,CALDAS BRANDÃO,8384,8560,74.81,20.73,70.19,26.31,-4.62,5.58
PB,19780,BARRA DE SANTANA,11498,12070,72.1,22.06,69.3,25.98,-2.8,3.93
PB,19798,CAMALAÚ,9274,9814,87.28,9.51,85.71,11.98,-1.56,2.47
PB,19801,CATURITÉ,8044,8828,74.54,19.22,70.93,23.33,-3.61,4.12
PB,19810,CAMPINA GRANDE,483246,490872,49.2,42.48,48.4,44.41,-0.8,1.93
PB,19828,RIACHO DE SANTO ANTÔNIO,3966,4540,68.58,27.08,61.19,35.2,-7.39,8.12
PB,19836,CARRAPATEIRA,3460,3728,82.2,13.41,81.65,14.65,-0.54,1.24
PB,19844,APARECIDA,10996,11258,74.39,21.06,71.54,24.44,-2.85,3.38
PB,19852,CATINGUEIRA,7764,7810,73.21,21.15,70.22,26.5,-2.99,5.36
PB,19860,SÃO FRANCISCO,6486,6574,75.82,19.15,70.12,24.64,-5.7,5.49
PB,19879,CATOLÉ DO ROCHA,34196,35740,73.81,21.44,70.51,25.3,-3.29,3.86
PB,19887,VIEIRÓPOLIS,7680,8434,79.09,16.22,75.62,20.8,-3.47,4.57
PB,19895,CONCEIÇÃO,21800,22618,77.29,18.23,73.06,23.38,-4.24,5.15
PB,19909,AREIA DE BARAÚNAS,3406,3626,80.92,13.98,71.43,24.38,-9.49,10.4
PB,19917,CONDADO,8492,8656,79.6,15.71,76.41,19.99,-3.19,4.28
PB,19925,ALGODÃO DE JANDAÍRA,4558,4730,84.16,12.59,83.21,13.78,-0.95,1.19
PB,19933,CONDE,35234,40416,60.45,34.59,56.61,38.12,-3.84,3.53
PB,19941,BOA VISTA,9912,10118,66.87,27.14,64.1,30.95,-2.76,3.82
PB,19950,CONGO,8508,8624,79.81,15.4,76.69,19.69,-3.11,4.29
PB,19968,MARCAÇÃO,11070,12072,82.57,13.91,77.2,19.78,-5.36,5.87
PB,19976,COREMAS,17780,18850,75.77,20.11,67.71,28.35,-8.06,8.24
PB,19984,MATURÉIA,8128,8736,82.55,13.09,78.62,18.41,-3.94,5.32
PB,19992,CRUZ DO ESPÍRITO SANTO,25082,25322,70.8,24.53,66.42,29.94,-4.38,5.41
PB,20001,SANTA CECÍLIA,11042,11570,72.45,22.01,68.78,26.57,-3.67,4.56
PB,20010,CUBATI,10044,10484,73.22,21.59,68.9,26.25,-4.31,4.66
PB,20036,CUITÉ,25660,26016,79.69,15.31,76.13,19.82,-3.56,4.51
PB,20052,CUITEGI,8436,9002,74.51,19.89,71.45,24.77,-3.06,4.88
PB,20079,CURRAL VELHO,3526,3476,73.85,18.15,71.52,21.52,-2.33,3.37
PB,20095,DESTERRO,11198,11658,79.05,16.9,72.81,24.02,-6.24,7.12
PB,20117,VISTA SERRANA,4706,5146,73.18,20.48,75.17,20.25,1.98,-0.24
PB,20133,DIAMANTE,7974,8494,78.86,16.33,78.17,17.99,-0.68,1.66
PB,20150,DONA INÊS,13402,14034,84.36,12.18,78.27,18.11,-6.09,5.94
PB,20176,DUAS ESTRADAS,5494,5844,74.66,20.53,66.12,29.6,-8.54,9.07
PB,20192,EMAS,4996,5420,75.06,19.46,67.75,27.6,-7.31,8.15
PB,20214,ESPERANÇA,38076,40066,65.71,27.67,62.38,31.58,-3.33,3.91
PB,20230,FAGUNDES,14738,15826,77.92,17.14,75.05,20.33,-2.87,3.19
PB,20257,FREI MARTINHO,4518,4606,71.67,22.58,66.04,27.53,-5.62,4.95
PB,20273,GUARABIRA,67062,68630,60.09,33.21,57.6,35.95,-2.49,2.75
PB,20290,GURINHÉM,17242,17092,73.61,22.18,71.5,24.53,-2.12,2.35
PB,20311,GURJÃO,5004,5158,82.13,13.55,79.29,17.25,-2.84,3.71
PB,20338,IBIARA,7956,8330,81.55,14.33,77.91,17.65,-3.64,3.32
PB,20354,IMACULADA,12422,13442,84.91,11.62,79.66,17.26,-5.25,5.63
PB,20370,INGÁ,22638,23808,68.53,26.74,65.52,30.8,-3.01,4.05
PB,20397,ITABAIANA,29828,30604,61.53,33.9,58.99,36.1,-2.53,2.2
PB,20419,ITAPORANGA,25626,26286,74.51,19.67,70.31,24.5,-4.2,4.83
PB,20435,ITAPOROROCA,20408,22218,73.17,21.42,68.92,26.4,-4.25,4.98
PB,20451,ITATUBA,13032,14112,72.79,23.1,68.18,28.5,-4.61,5.4
PB,20478,JACARAÚ,20072,20884,69.02,25.18,60.83,33.45,-8.19,8.27
PB,20494,JERICÓ,10542,10122,82.11,13.89,73.03,23.95,-9.08,10.06
PB,20516,JOÃO PESSOA,917036,941940,47.38,44.48,46.5,45.67,-0.87,1.18
PB,20532,JUAREZ TÁVORA,11592,12180,74.55,21.29,71.82,24.75,-2.73,3.45
PB,20559,JUAZEIRINHO,20368,21260,74.56,21.02,70.4,26.37,-4.15,5.35
PB,20575,JUNCO DO SERIDÓ,8906,9242,74.22,19.54,68.25,25.69,-5.97,6.15
PB,20591,JURIPIRANGA,15276,14944,71.76,24.44,65.77,30.15,-5.99,5.71
PB,20613,JURU,11370,11996,84.77,11.06,79.46,17.34,-5.31,6.27
PB,20630,LAGOA,7090,7080,82.74,13.0,78.45,16.81,-4.29,3.8
PB,20656,LAGOA DE DENTRO,10672,11226,74.93,20.0,67.95,27.06,-6.98,7.07
PB,20672,LAGOA SECA,32226,34298,60.44,32.76,58.69,36.04,-1.74,3.28
PB,20699,LASTRO,6732,6932,81.85,14.65,75.56,20.69,-6.29,6.04
PB,20710,LIVRAMENTO,8622,8792,75.02,20.16,71.97,23.52,-3.04,3.36
PB,20737,LUCENA,19114,19746,64.12,30.19,62.1,32.9,-2.02,2.71
PB,20753,MÃE D ÁGUA,5900,6158,80.1,15.42,75.15,20.59,-4.95,5.17
PB,20770,MALTA,7792,7958,83.44,12.6,79.17,17.24,-4.28,4.64
PB,20796,MAMANGUAPE,50438,52170,65.95,28.39,58.71,35.4,-7.23,7.01
PB,20818,MANAÍRA,12766,13292,84.79,10.36,82.86,13.87,-1.93,3.52
PB,20834,MARI,27482,28994,70.29,24.85,67.11,28.34,-3.18,3.49
PB,20850,MASSARANDUBA,17940,18512,69.58,24.7,67.24,28.2,-2.33,3.49
PB,20877,MATARACA,12276,12660,69.57,26.23,64.5,31.04,-5.06,4.81
PB,20893,MOGEIRO,16532,17640,68.72,27.52,65.07,31.19,-3.65,3.67
PB,20915,MONTADAS,7642,8298,70.11,24.44,66.57,27.79,-3.54,3.35
PB,20931,MONTE HOREBE,5864,6304,81.82,11.56,76.08,19.19,-5.74,7.63
PB,20958,MONTEIRO,40200,41814,76.78,18.57,73.32,22.23,-3.46,3.66
PB,20974,MULUNGU,14168,14412,73.36,20.89,70.69,24.44,-2.67,3.55
PB,20990,NATUBA,9740,10108,71.83,21.75,70.26,24.95,-1.57,3.21
PB,21016,NAZAREZINHO,10940,11064,83.16,12.8,77.82,18.78,-5.34,5.98
PB,21032,NOVA FLORESTA,11832,12444,75.57,18.12,69.25,24.94,-6.32,6.82
PB,21059,NOVA OLINDA,7346,7884,81.98,13.37,78.44,17.99,-3.54,4.62
PB,21075,NOVA PALMEIRA,5596,6138,81.56,12.33,77.32,17.37,-4.24,5.04
PB,21091,OLHO D ÁGUA,9984,10564,77.28,16.57,71.98,23.97,-5.3,7.4
PB,21113,OLIVEDOS,6240,6338,70.99,21.89,66.36,28.24,-4.63,6.35
PB,21130,OURO VELHO,4840,5054,78.72,17.85,78.16,18.84,-0.56,0.99
PB,21156,PASSAGEM,4014,4354,75.83,19.03,68.21,27.74,-7.62,8.71
PB,21172,PATOS,104918,104644,64.01,29.5,60.07,33.79,-3.94,4.29
PB,21199,PAULISTA,15418,17090,71.81,23.66,65.23,29.68,-6.58,6.02
PB,21210,PEDRA BRANCA,5594,6008,71.9,21.49,67.41,27.5,-4.49,6.01
PB,21237,PEDRA LAVRADA,9612,9584,76.24,17.25,73.87,20.87,-2.36,3.62
PB,21253,PEDRAS DE FOGO,36690,38708,65.37,29.16,62.89,32.9,-2.48,3.74
PB,21270,PIANCÓ,18858,19054,71.69,22.26,68.3,27.04,-3.39,4.78
PB,21296,PICUÍ,23312,23438,71.6,21.77,66.69,28.23,-4.92,6.45
PB,21318,PILAR,15892,16960,70.82,24.57,63.73,31.36,-7.09,6.79
PB,21334,PILÕES,10162,10686,76.09,18.93,72.92,22.68,-3.17,3.75
PB,21350,PILÕEZINHOS,7910,8958,78.48,16.08,73.39,22.21,-5.1,6.13
PB,21377,PIRPIRITUBA,11564,12776,72.35,21.1,68.49,25.38,-3.86,4.28
PB,21393,PITIMBU,18912,19806,67.49,28.86,64.58,31.19,-2.92,2.33
PB,21415,POCINHOS,21464,23636,63.85,29.92,61.36,33.12,-2.49,3.2
PB,21431,POMBAL,38176,39724,65.21,29.14,62.14,32.77,-3.07,3.63
PB,21458,PRATA,6388,6556,72.32,23.29,69.34,27.58,-2.98,4.28
PB,21474,PRINCESA ISABEL,23860,24728,82.23,13.54,77.03,18.46,-5.2,4.93
PB,21490,PUXINANÃ,19242,20172,65.94,27.65,61.69,31.77,-4.25,4.12
PB,21512,QUEIMADAS,54680,56712,70.04,24.69,67.34,27.76,-2.69,3.08
PB,21539,QUIXABA,3694,3916,70.44,25.39,65.68,30.13,-4.76,4.74
PB,21555,REMÍGIO,21520,23020,75.99,19.11,72.85,22.49,-3.14,3.39
PB,21571,RIACHO DOS CAVALOS,12396,13496,82.03,14.34,76.07,20.79,-5.96,6.45
PB,21598,RIO TINTO,29736,29904,68.44,26.67,64.13,31.35,-4.31,4.69
PB,21610,SALGADINHO,4886,5052,75.36,18.38,65.12,29.22,-10.24,10.84
PB,21636,SALGADO DE SÃO FÉLIX,14744,15558,71.41,23.32,69.02,26.61,-2.39,3.29
PB,21652,SANTA CRUZ,8956,9006,81.93,14.47,79.32,17.32,-2.61,2.85
PB,21679,SANTA HELENA,8752,9206,85.99,10.37,82.62,13.47,-3.37,3.09
PB,21695,SANTA LUZIA,18820,19518,69.54,24.63,63.25,30.97,-6.29,6.33
PB,21717,SANTANA DE MANGUEIRA,6646,6666,86.01,9.78,82.72,13.32,-3.29,3.54
PB,21733,SANTANA DOS GARROTES,8786,9184,73.98,19.44,72.45,22.63,-1.53,3.19
PB,21750,SANTA RITA,153776,161180,56.49,37.09,53.0,40.84,-3.49,3.75
PB,21776,SANTA TERESINHA,8708,8788,73.24,21.54,68.12,27.29,-5.13,5.74
PB,21792,SÃO BENTO,42514,46494,54.71,39.32,48.41,44.65,-6.3,5.33
PB,21814,SÃO JOÃO DO CARIRI,6746,7434,79.42,15.71,76.84,20.23,-2.59,4.52
PB,21830,SÃO JOÃO DO TIGRE,5992,6104,80.31,15.62,78.51,18.61,-1.8,2.99
PB,21857,SÃO JOSÉ DA LAGOA TAPADA,10252,10796,81.19,15.2,77.14,19.4,-4.05,4.2
PB,21873,SÃO JOSÉ DE CAIANA,7404,7798,79.42,16.26,75.87,19.95,-3.55,3.69
PB,21890,SÃO JOSÉ DE ESPINHARAS,6778,7128,78.61,17.53,74.64,21.69,-3.97,4.16
PB,21911,SÃO JOSÉ DE PIRANHAS,23242,23734,82.71,13.51,78.04,17.43,-4.67,3.92
PB,21938,SÃO JOSÉ DO BONFIM,6438,7010,73.41,22.21,67.48,28.39,-5.93,6.18
PB,21954,SÃO JOSÉ DO SABUGI,6946,7264,72.39,22.08,67.73,28.17,-4.66,6.08
PB,21970,SÃO JOSÉ DOS CORDEIROS,5314,5872,80.92,15.24,78.24,18.97,-2.68,3.73
PB,21997,SÃO MAMEDE,10700,10696,70.13,23.85,64.62,30.42,-5.51,6.57
PB,22012,SÃO MIGUEL DE TAIPU,9468,10096,57.94,37.98,55.92,40.08,-2.02,2.09
PB,22039,SÃO SEBASTIÃO DE LAGOA DE ROÇA,12804,13678,67.4,25.23,65.38,28.7,-2.03,3.48
PB,22055,SÃO SEBASTIÃO DO UMBUZEIRO,4826,5034,84.38,11.23,82.84,14.18,-1.54,2.95
PB,22071,SAPÉ,56468,58008,66.22,28.0,63.1,32.29,-3.12,4.29
PB,22098,SÃO VICENTE DO SERIDÓ,13288,14126,75.98,18.48,75.78,19.4,-0.2,0.91
PB,22110,SERRA BRANCA,16134,16836,69.78,24.09,68.6,27.22,-1.18,3.13
PB,22136,SERRA DA RAIZ,4612,4848,69.3,23.63,65.35,30.45,-3.95,6.81
PB,22152,SERRA GRANDE,4656,4676,81.36,13.02,81.91,13.86,0.55,0.84
PB,22179,SERRA REDONDA,9840,10302,73.03,20.73,72.26,23.39,-0.77,2.66
PB,22195,SERRARIA,6240,6658,73.27,20.58,70.47,23.82,-2.8,3.24
PB,22217,SOLÂNEA,31922,33378,69.88,23.88,65.99,28.68,-3.89,4.8
PB,22233,SOLEDADE,17174,18320,69.09,25.21,67.15,28.16,-1.94,2.94
PB,22250,SOUSA,75470,77046,68.67,25.49,64.06,30.09,-4.61,4.6
PB,22276,SUMÉ,21248,21910,78.34,17.74,74.15,22.2,-4.19,4.46
PB,22292,TACIMA,11298,12046,74.14,21.6,68.72,27.15,-5.42,5.55
PB,22314,TAPEROÁ,15692,16440,77.67,17.3,74.23,22.2,-3.44,4.91
PB,22330,TAVARES,16296,16980,86.62,9.95,83.52,13.8,-3.1,3.85
PB,22357,TEIXEIRA,17962,18308,79.5,16.17,76.0,20.77,-3.5,4.6
PB,22373,TRIUNFO,11156,11820,85.16,10.54,82.03,13.93,-3.13,3.38
PB,22390,UIRAÚNA,19168,20138,78.9,16.77,73.8,21.28,-5.1,4.52
PB,22411,UMBUZEIRO,10204,11920,76.73,19.07,72.38,22.92,-4.35,3.85
PB,22438,VÁRZEA,4316,4742,82.16,13.9,74.02,21.17,-8.14,7.27
PE,23000,QUIXABA,9640,10008,88.96,8.9,85.33,11.87,-3.63,2.97
PE,23019,AFOGADOS DA INGAZEIRA,42918,46118,76.73,20.2,73.01,22.98,-3.72,2.79
PE,23027,LAGOA DO CARRO,23560,25392,69.51,27.28,66.45,29.06,-3.06,1.78
PE,23035,AFRÂNIO,25996,25784,74.48,20.13,65.13,29.24,-9.35,9.12
PE,23043,SANTA CRUZ DA BAIXA VERDE,14378,15456,84.35,12.77,76.63,17.35,-7.72,4.58
PE,23051,AGRESTINA,31002,32482,75.41,21.28,70.89,24.58,-4.52,3.3
PE,23060,XEXÉU,14718,16148,68.81,26.47,69.15,26.47,0.33,-0.0
PE,23078,ÁGUA PRETA,29596,29562,73.14,23.95,73.12,23.22,-0.02,-0.73
PE,23086,VERTENTE DO LÉRIO,11892,13010,78.93,17.04,73.97,21.43,-4.95,4.39
PE,23094,ÁGUAS BELAS,45576,48398,77.83,19.28,73.26,21.65,-4.58,2.37
PE,23108,SANTA CRUZ,19666,20616,85.72,11.59,79.38,15.83,-6.34,4.24
PE,23116,ALAGOINHA,18848,19268,87.09,10.32,83.39,12.82,-3.69,2.49
PE,23124,JUCATI,15116,15646,83.37,13.05,80.9,15.75,-2.47,2.7
PE,23132,ALIANÇA,41614,42854,70.41,26.34,67.99,27.19,-2.42,0.85
PE,23140,DORMENTES,24632,25174,76.88,18.8,67.02,26.42,-9.86,7.61
PE,23159,ALTINHO,25958,26912,75.98,20.45,72.93,22.5,-3.04,2.05
PE,23167,CARNAUBEIRA DA PENHA,17520,19308,91.26,7.02,88.33,8.69,-2.93,1.67
PE,23175,AMARAJI,25482,26270,66.91,29.13,66.49,29.69,-0.42,0.57
PE,23183,LAGOA GRANDE,30864,31546,78.98,16.76,73.66,20.62,-5.32,3.85
PE,23191,ANGELIM,13164,13774,76.63,19.57,74.21,21.94,-2.42,2.37
PE,23205,ARAÇOIABA,26192,27054,69.0,27.12,67.21,27.2,-1.78,0.08
PE,23213,ARARIPINA,87748,90550,76.72,18.44,71.03,23.9,-5.68,5.46
PE,23221,CASINHAS,17412,18082,79.84,15.63,76.01,19.53,-3.83,3.9
PE,23230,ARCOVERDE,77240,80924,73.15,22.69,69.83,25.24,-3.33,2.55
PE,23248,MANARI,18466,20468,88.45,9.23,85.04,11.05,-3.41,1.82
PE,23256,BARRA DE GUABIRABA,15826,16188,63.5,33.08,61.63,35.03,-1.88,1.94
PE,23264,JATOBÁ,16014,17090,83.76,13.39,82.12,13.54,-1.65,0.15
PE,23272,BARREIROS,44484,44212,63.5,32.74,63.24,32.55,-0.26,-0.19
PE,23280,TAMANDARÉ,28010,30496,66.08,30.69,64.27,32.1,-1.81,1.41
PE,23299,BELÉM DE MARIA,14448,14650,73.57,23.13,69.8,25.45,-3.77,2.32
PE,23302,JAQUEIRA,13320,13564,71.67,25.23,70.35,25.82,-1.32,0.59
PE,23310,BELÉM DO SÃO FRANCISCO,23494,23572,82.84,13.54,78.96,16.35,-3.88,2.81
PE,23329,SANTA FILOMENA,18422,18936,84.53,10.89,78.74,16.63,-5.79,5.75
PE,23337,BELO JARDIM,91622,93042,68.25,26.3,64.84,29.14,-3.41,2.84
PE,23353,BETÂNIA,14034,15068,87.33,10.28,84.52,11.59,-2.81,1.31
PE,23370,BEZERROS,74132,75882,71.06,24.99,67.23,27.74,-3.84,2.75
PE,23396,BODOCÓ,39240,42990,86.79,9.26,82.52,13.4,-4.28,4.14
PE,23418,BOM CONSELHO,49634,51208,78.47,17.96,75.56,20.13,-2.92,2.17
PE,23434,BOM JARDIM,45304,46582,75.4,21.27,72.97,22.96,-2.43,1.69
PE,23450,BONITO,45862,46278,66.71,30.51,62.77,32.06,-3.94,1.55
PE,23477,BREJÃO,13914,15298,81.13,16.67,74.79,20.76,-6.33,4.09
PE,23493,BREJINHO,10816,11260,83.39,13.24,77.26,17.92,-6.13,4.68
PE,23515,BREJO DA MADRE DE DEUS,50048,53648,67.49,28.54,61.81,32.62,-5.67,4.08
PE,23531,BUENOS AIRES,17420,18400,76.21,20.8,74.15,22.71,-2.06,1.9
PE,23558,BUÍQUE,52434,58116,85.49,11.56,81.85,14.17,-3.63,2.61
PE,23574,CABO DE SANTO AGOSTINHO,256382,268074,66.56,28.72,65.94,28.09,-0.62,-0.63
PE,23590,CABROBÓ,38632,40302,81.82,14.81,77.65,17.57,-4.17,2.76
PE,23612,CACHOEIRINHA,24234,25094,74.0,22.13,71.12,24.2,-2.87,2.07
PE,23639,CAETÉS,27798,29188,89.7,7.86,86.98,10.09,-2.72,2.23
PE,23655,CALÇADO,11882,12248,85.36,10.89,80.63,14.66,-4.72,3.77
PE,23671,CALUMBI,10094,11548,87.64,11.0,83.55,12.73,-4.09,1.73
PE,23698,CAMOCIM DE SÃO FÉLIX,23220,24198,72.73,24.4,67.32,27.99,-5.41,3.58
PE,23710,CAMUTANGA,11118,10990,70.89,25.63,66.52,28.79,-4.38,3.16
PE,23736,CANHOTINHO,25338,25814,71.36,25.32,70.12,27.01,-1.25,1.69
PE,23752,CAPOEIRAS,22264,23702,86.19,10.8,82.97,12.73,-3.22,1.94
PE,23779,CARNAÍBA,23462,24910,86.11,11.38,81.3,15.22,-4.8,3.84
PE,23795,CARPINA,91538,95990,54.55,40.86,53.45,40.97,-1.1,0.11
PE,23817,CARUARU,390572,411428,56.02,38.49,53.32,40.23,-2.7,1.75
PE,23833,CATENDE,37278,38762,72.27,24.13,70.04,25.6,-2.23,1.48
PE,23850,CEDRO,14410,14708,85.5,10.2,78.35,16.05,-7.14,5.84
PE,23876,CHÃ DE ALEGRIA,17402,18122,71.19,25.85,68.34,28.29,-2.85,2.44
PE,23892,CHÃ GRANDE,28960,29836,67.11,29.05,63.13,31.75,-3.98,2.69
PE,23914,CONDADO,29884,30518,69.7,26.7,66.85,28.75,-2.85,2.05
PE,23930,CORRENTES,18622,19616,83.78,13.0,77.5,18.43,-6.28,5.44
PE,23957,CORTÊS,15954,16734,71.03,24.72,69.87,24.96,-1.16,0.23
PE,23973,CUMARU,22150,22898,76.29,20.9,73.12,22.92,-3.17,2.02
PE,23990,CUPIRA,29830,30778,64.02,32.16,61.97,33.03,-2.04,0.87
PE,24015,CUSTÓDIA,40632,43120,87.04,10.94,80.44,14.85,-6.6,3.91
PE,24031,ESCADA,74652,75264,68.88,26.88,67.1,27.55,-1.78,0.67
PE,24058,EXU,40322,43182,85.48,10.83,80.28,15.55,-5.19,4.72
PE,24074,FEIRA NOVA,27344,28198,63.71,31.93,62.54,32.52,-1.17,0.59
PE,24090,FERREIROS,15172,15582,71.47,25.11,68.18,26.9,-3.29,1.79
PE,24112,FLORES,23692,24084,85.89,11.84,81.02,14.96,-4.87,3.12
PE,24139,FLORESTA,36236,37920,84.24,12.98,80.85,15.05,-3.39,2.08
PE,24155,FREI MIGUELINHO,19580,21448,72.08,25.08,65.54,29.6,-6.55,4.52
PE,24171,GAMELEIRA,22364,21662,67.94,28.54,66.38,29.24,-1.56,0.7
PE,24198,GARANHUNS,150496,153460,72.12,23.51,69.18,25.48,-2.95,1.97
PE,24210,GLÓRIA DO GOITÁ,34582,35972,74.36,22.44,71.12,24.5,-3.23,2.06
PE,24236,GOIANA,99818,107748,63.41,32.83,61.23,33.74,-2.18,0.91
PE,24252,GRANITO,10770,11152,84.44,11.29,79.23,16.45,-5.21,5.15
PE,24279,GRAVATÁ,101878,104442,62.19,33.15,58.93,35.17,-3.26,2.03
PE,24295,IATI,20830,21918,84.45,12.6,81.03,15.1,-3.42,2.5
PE,24317,IBIMIRIM,29602,31952,88.05,9.96,84.8,11.84,-3.25,1.88
PE,24333,IBIRAJUBA,10230,10450,79.94,16.97,76.15,19.83,-3.79,2.86
PE,24350,IGARASSU,137366,141272,63.95,31.58,61.39,32.66,-2.56,1.08
PE,24376,IGUARACY,13410,13796,84.18,12.54,80.33,16.08,-3.85,3.53
PE,24392,INAJÁ,21266,23748,89.41,8.84,87.5,10.18,-1.91,1.34
PE,24414,INGAZEIRA,6514,6792,87.29,10.84,83.3,13.6,-3.99,2.77
PE,24430,IPOJUCA,127548,138334,71.02,25.31,68.89,25.91,-2.13,0.6
PE,24457,IPUBI,31824,34944,81.4,14.82,72.77,21.06,-8.63,6.24
PE,24473,ITACURUBA,6960,7376,85.2,11.81,83.54,13.75,-1.66,1.94
PE,24490,ITAÍBA,27770,31192,82.3,14.24,76.8,17.68,-5.5,3.45
PE,24511,ILHA DE ITAMARACÁ,26898,28788,71.19,25.23,69.38,25.83,-1.82,0.6
PE,24538,ITAPETIM,17722,18170,81.85,15.99,77.16,18.6,-4.69,2.61
PE,24554,ITAQUITINGA,20550,20512,67.48,28.82,66.39,29.15,-1.09,0.34
PE,24570,JABOATÃO DOS GUARARAPES,734500,744096,54.25,40.12,53.75,39.66,-0.5,-0.47
PE,24597,JATAÚBA,21932,23384,79.32,17.47,74.3,21.08,-5.02,3.61
PE,24619,JOÃO ALFREDO,35406,36536,76.99,18.52,72.7,22.15,-4.29,3.63
PE,24635,JOAQUIM NABUCO,19130,21066,70.57,25.93,67.6,28.24,-2.97,2.32
PE,24651,JUPI,19210,20900,82.8,13.49,78.64,16.21,-4.16,2.72
PE,24678,JUREMA,17304,18292,76.76,18.47,76.37,19.78,-0.38,1.31
PE,24694,LAGOA DE ITAENGA,27668,28872,65.88,29.32,66.23,28.84,0.35,-0.47
PE,24716,LAGOA DO OURO,15894,17352,84.18,13.38,78.63,16.92,-5.55,3.54
PE,24732,LAGOA DOS GATOS,17296,17678,77.8,19.15,75.64,20.91,-2.16,1.76
PE,24759,LAJEDO,46902,49530,68.39,26.78,63.88,30.56,-4.5,3.78
PE,24775,LIMOEIRO,70272,72776,70.61,25.2,68.42,26.78,-2.19,1.58
PE,24791,MACAPARANA,28428,29486,65.1,30.58,61.64,32.85,-3.45,2.27
PE,24813,MACHADOS,16072,17048,76.17,19.85,72.96,22.92,-3.21,3.08
PE,24830,MARAIAL,12022,11832,70.35,26.53,68.54,28.01,-1.81,1.47
PE,24856,MIRANDIBA,17064,17306,80.77,16.71,77.37,19.36,-3.39,2.64
PE,24872,MORENO,74974,74544,63.44,31.7,62.7,31.71,-0.73,0.01
PE,24899,NAZARÉ DA MATA,39782,39698,61.48,34.65,62.31,32.78,0.83,-1.88
PE,24910,OLINDA,494046,486414,57.02,37.19,57.24,36.66,0.21,-0.53
PE,24937,OROBÓ,27888,27946,77.27,17.39,76.57,19.07,-0.7,1.68
PE,24953,OROCÓ,18598,20124,79.34,16.5,75.34,19.63,-4.0,3.13
PE,24970,OURICURI,70754,73888,83.67,12.59,79.79,15.94,-3.88,3.35
PE,24996,PALMARES,60342,61560,68.3,27.47,67.59,27.59,-0.71,0.13
PE,25011,PALMEIRINA,8386,8632,81.73,14.6,77.57,17.61,-4.16,3.01
PE,25038,PANELAS,29242,30248,76.25,20.41,73.47,21.71,-2.78,1.3
PE,25054,PARANATAMA,16584,18504,84.03,12.83,79.04,16.23,-4.99,3.4
PE,25070,PARNAMIRIM,28142,28824,89.01,8.53,85.85,11.23,-3.17,2.7
PE,25097,PASSIRA,39002,40078,74.0,22.61,70.6,25.19,-3.4,2.58
PE,25119,PAUDALHO,69564,72448,59.55,36.49,57.79,36.89,-1.76,0.4
PE,25135,PAULISTA,374040,378944,56.44,37.78,56.08,37.35,-0.37,-0.43
PE,25151,PEDRA,27572,28446,81.46,14.88,78.46,18.43,-3.0,3.55
PE,25178,PESQUEIRA,73316,77294,81.82,14.86,78.26,17.82,-3.56,2.96
PE,25194,PETROLÂNDIA,37364,38432,80.34,17.01,74.89,20.83,-5.46,3.82
PE,25216,PETROLINA,367738,387858,65.31,28.42,60.18,32.77,-5.13,4.34
PE,25232,POÇÃO,14752,14898,83.51,13.38,78.76,16.82,-4.75,3.44
PE,25259,POMBOS,31246,32358,64.39,31.85,61.1,34.45,-3.29,2.6
PE,25275,PRIMAVERA,16580,16972,70.92,25.49,68.68,26.75,-2.24,1.26
PE,25291,QUIPAPÁ,21552,21540,80.01,16.86,77.39,18.59,-2.62,1.73
PE,25313,RECIFE,1993392,1966276,54.03,39.22,55.29,38.37,1.25,-0.85
PE,25330,RIACHO DAS ALMAS,32128,34306,70.7,25.57,65.2,30.06,-5.51,4.49
PE,25356,RIBEIRÃO,42574,42168,68.37,28.05,67.69,28.04,-0.68,-0.01
PE,25372,RIO FORMOSO,24292,25368,70.49,26.13,69.56,26.51,-0.93,0.38
PE,25399,SAIRÉ,17734,17904,69.58,26.06,64.28,30.22,-5.31,4.15
PE,25410,SALGADINHO,10354,10510,75.16,21.15,73.42,22.26,-1.74,1.11
PE,25437,SALGUEIRO,64882,67602,78.96,17.23,74.17,20.91,-4.79,3.69
PE,25453,SALOÁ,17590,18354,86.83,10.56,82.58,13.49,-4.26,2.93
PE,25470,SANHARÓ,24232,24592,78.38,18.33,74.69,21.41,-3.68,3.08
PE,25496,SANTA CRUZ DO CAPIBARIBE,101996,109442,46.11,48.31,40.11,52.71,-6.0,4.4
PE,25518,SANTA MARIA DA BOA VISTA,46538,48782,80.95,14.96,76.65,19.22,-4.3,4.26
PE,25534,SANTA MARIA DO CAMBUCÁ,16846,17694,69.73,26.48,66.41,28.86,-3.32,2.38
PE,25550,SANTA TEREZINHA,12144,12146,82.18,14.15,76.5,18.66,-5.68,4.51
PE,25577,SÃO BENEDITO DO SUL,10702,11110,76.94,19.53,74.82,20.88,-2.12,1.35
PE,25593,SÃO BENTO DO UNA,52788,54892,73.77,22.46,70.58,24.7,-3.2,2.24
PE,25615,SÃO CAITANO,47410,48914,76.17,19.76,73.29,22.06,-2.88,2.31
PE,25631,SÃO JOÃO,26656,26922,84.87,12.23,81.3,14.49,-3.56,2.26
PE,25658,SÃO JOAQUIM DO MONTE,26266,27050,72.57,23.51,70.91,24.72,-1.66,1.2
PE,25674,SÃO JOSÉ DA COROA GRANDE,23222,25320,57.91,39.33,57.68,38.27,-0.23,-1.06
PE,25690,SÃO JOSÉ DO BELMONTE,38362,41132,86.12,10.99,81.34,14.98,-4.78,3.99
PE,25712,SÃO JOSÉ DO EGITO,35300,37040,78.84,18.2,74.61,21.06,-4.23,2.86
PE,25739,SÃO LOURENÇO DA MATA,127120,132682,60.49,34.35,59.7,34.24,-0.79,-0.12
PE,25755,SÃO VICENTE FÉRRER,21306,22084,75.28,20.99,70.27,25.53,-5.02,4.54
PE,25771,SERRA TALHADA,93066,98970,76.61,20.25,70.29,23.84,-6.32,3.59
PE,25798,SERRITA,23444,24574,87.46,8.73,80.92,15.02,-6.54,6.3
PE,25810,SERTÂNIA,36870,40160,84.19,12.81,81.04,15.29,-3.15,2.48
PE,25836,SIRINHAÉM,42136,42844,65.54,31.02,64.23,31.01,-1.3,-0.02
PE,25852,MOREILÂNDIA,14320,14992,86.05,10.22,83.71,12.59,-2.34,2.37
PE,25879,SOLIDÃO,8438,8568,88.01,10.45,84.52,12.77,-3.48,2.32
PE,25895,SURUBIM,72204,76372,67.96,28.24,62.57,32.1,-5.39,3.86
PE,25917,TABIRA,31654,33364,82.47,14.96,74.43,21.14,-8.04,6.18
PE,25933,TACAIMBÓ,15786,16910,75.83,19.4,70.23,24.21,-5.6,4.81
PE,25950,TACARATU,26000,27724,85.92,11.38,82.8,13.92,-3.11,2.54
PE,25976,ITAMBÉ,36158,37108,71.01,25.63,67.85,27.72,-3.15,2.09
PE,25992,TAQUARITINGA DO NORTE,33516,36258,56.24,40.44,50.37,44.88,-5.87,4.44
PE,26018,TEREZINHA,9388,10044,82.45,14.83,77.86,17.88,-4.59,3.05
PE,26034,TERRA NOVA,13472,14134,90.28,6.83,87.24,8.97,-3.04,2.14
PE,26050,TIMBAÚBA,64020,64192,65.67,29.78,63.65,30.66,-2.02,0.87
PE,26077,TORITAMA,53114,58214,54.58,41.95,50.2,44.81,-4.38,2.86
PE,26093,TRACUNHAÉM,17688,18912,68.89,27.77,67.62,28.05,-1.28,0.28
PE,26115,TRINDADE,33408,36200,73.32,21.95,67.07,28.14,-6.25,6.2
PE,26131,TRIUNFO,17980,19214,83.15,12.94,77.26,17.03,-5.89,4.09
PE,26158,TUPANATINGA,23412,24222,81.29,14.63,76.53,19.24,-4.77,4.61
PE,26174,TUPARETAMA,12536,12606,85.31,12.01,82.04,15.1,-3.27,3.09
PE,26190,VENTUROSA,21374,22740,80.61,15.51,75.3,20.26,-5.31,4.74
PE,26212,VERDEJANTE,12174,13038,86.56,9.92,82.71,13.25,-3.85,3.33
PE,26239,VERTENTES,24986,27516,69.34,27.18,63.9,31.42,-5.44,4.25
PE,26255,VICÊNCIA,32538,33066,66.37,29.79,64.42,30.52,-1.94,0.73
PE,26271,VITÓRIA DE SANTO ANTÃO,160426,165172,57.16,37.97,54.99,39.28,-2.17,1.31
PE,26298,CAMARAGIBE,198344,203960,54.64,39.74,53.9,39.54,-0.73,-0.2
PE,26310,ABREU E LIMA,131212,128392,57.45,37.72,56.6,37.85,-0.85,0.14
PE,26336,ITAPISSUMA,30880,34546,70.95,25.58,67.5,27.43,-3.45,1.85
PE,30015,FERNANDO DE NORONHA,4348,4708,52.44,41.49,48.98,43.29,-3.46,1.8
PI,10006,BRASILEIRA,11546,12872,81.69,14.05,78.53,17.43,-3.16,3.39
PI,10014,AGRICOLÂNDIA,7734,8650,81.07,14.02,77.99,18.31,-3.08,4.3
PI,10022,ALEGRETE DO PIAUÍ,6780,7022,78.61,17.32,71.55,24.61,-7.07,7.29
PI,10030,ÁGUA BRANCA,24698,25508,71.54,24.63,66.31,29.95,-5.24,5.33
PI,10049,BAIXA GRANDE DO RIBEIRO,16434,18564,69.06,26.9,53.82,40.55,-15.24,13.66
PI,10057,ALTO LONGÁ,20512,21512,80.47,14.06,78.64,17.44,-1.83,3.38
PI,10065,BOM PRINCÍPIO DO PIAUÍ,9904,10942,77.75,18.34,71.39,24.95,-6.35,6.61
PI,10073,ALTOS,56388,61032,80.76,14.13,75.46,19.5,-5.31,5.37
PI,10081,BONFIM DO PIAUÍ,7864,8000,89.67,6.46,88.72,8.6,-0.95,2.14
PI,10090,AMARANTE,23470,24676,82.51,13.1,81.78,15.44,-0.73,2.34
PI,10103,BURITI DOS MONTES,10852,11688,85.51,9.82,81.26,15.69,-4.25,5.87
PI,10111,ANGICAL DO PIAUÍ,10330,10466,79.23,16.52,76.92,19.22,-2.31,2.71
PI,10120,CABECEIRAS DO PIAUÍ,13986,14806,84.91,9.74,81.18,14.32,-3.73,4.58
PI,10138,ANÍSIO DE ABREU,11206,11706,85.92,10.39,84.69,13.07,-1.23,2.68
PI,10146,CALDEIRÃO GRANDE DO PIAUÍ,8500,8618,81.13,12.92,76.35,18.24,-4.78,5.32
PI,10154,ANTÔNIO ALMEIDA,4632,4846,70.21,25.3,62.61,34.54,-7.6,9.24
PI,10162,CANAVIEIRA,5184,5260,82.41,13.43,74.83,22.66,-7.58,9.24
PI,10170,AROAZES,8662,8620,83.54,13.02,79.93,17.05,-3.61,4.03
PI,10189,COIVARAS,8746,9706,78.55,16.14,75.25,20.42,-3.3,4.28
PI,10197,ARRAIAL,6586,7052,81.87,12.42,81.06,15.14,-0.82,2.72
PI,10200,COLÔNIA DO GURGUÉIA,8174,8568,78.47,17.91,74.28,22.41,-4.19,4.5
PI,10219,AVELINO LOPES,14000,14410,73.79,19.89,70.37,24.3,-3.42,4.42
PI,10227,COLÔNIA DO PIAUÍ,9252,9252,84.46,11.82,83.46,14.46,-0.99,2.64
PI,10235,BARRAS,55096,59252,75.94,18.98,72.65,22.97,-3.29,3.99
PI,10243,CORONEL JOSÉ DIAS,8010,9052,89.36,7.12,83.36,12.99,-6.0,5.88
PI,10251,BARREIRAS DO PIAUÍ,5148,5068,77.2,17.48,71.67,22.3,-5.53,4.81
PI,10260,FARTURA DO PIAUÍ,7240,7714,91.44,6.33,88.23,9.36,-3.21,3.03
PI,10278,BARRO DURO,8944,10028,72.2,23.21,68.63,27.42,-3.58,4.21
PI,10286,JACOBINA DO PIAUÍ,8492,8948,83.33,12.29,72.91,19.85,-10.42,7.55
PI,10294,BATALHA,31798,32414,73.64,21.05,71.11,24.88,-2.53,3.83
PI,10308,JARDIM DO MULATO,6846,7420,77.56,17.56,74.18,21.97,-3.39,4.41
PI,10316,BENEDITINOS,14948,15316,83.98,10.89,80.39,15.3,-3.6,4.41
PI,10324,LAGOA ALEGRE,13042,14386,84.27,11.41,81.4,14.47,-2.87,3.06
PI,10332,BERTOLÍNIA,7372,7976,74.34,20.05,68.15,26.43,-6.18,6.38
PI,10340,LAGOA DO BARRO DO PIAUÍ,6974,7536,87.55,9.29,79.62,16.64,-7.94,7.35
PI,10359,BOCAINA,8896,9308,77.29,18.14,76.09,19.12,-1.21,0.98
PI,10367,MARCOLÂNDIA,12158,14194,73.8,20.74,63.93,30.15,-9.87,9.41
PI,10375,BOM JESUS,30656,32214,67.59,27.17,58.04,37.39,-9.55,10.22
PI,10383,PATOS DO PIAUÍ,8356,8588,85.11,9.89,81.02,14.86,-4.09,4.97
PI,10391,BURITI DOS LOPES,26462,28360,72.5,23.35,70.45,25.06,-2.05,1.71
PI,10405,PASSAGEM FRANCA DO PIAUÍ,5770,5996,76.92,20.83,72.35,24.32,-4.57,3.48
PI,10413,CAMPINAS DO PIAUÍ,7996,8090,90.92,6.63,87.1,10.61,-3.83,3.98
PI,10421,QUEIMADA NOVA,11262,10784,85.1,10.78,73.41,20.68,-11.7,9.9
PI,10430,CAMPO MAIOR,56366,58116,72.86,21.06,70.95,24.0,-1.91,2.94
PI,10448,SANTA CRUZ DOS MILAGRES,5316,6386,80.62,14.26,77.2,18.73,-3.42,4.47
PI,10456,CANTO DO BURITI,23332,24004,77.77,17.13,72.81,23.35,-4.96,6.23
PI,10464,SANTA ROSA DO PIAUÍ,6732,7418,75.19,20.53,74.66,22.03,-0.54,1.5
PI,10472,CAPITÃO DE CAMPOS,15352,15912,80.18,13.94,76.76,17.84,-3.43,3.9
PI,10480,SANTANA DO PIAUÍ,6528,6996,81.83,13.54,81.73,14.84,-0.1,1.3
PI,10499,CARACOL,12666,13222,83.99,11.62,80.53,16.44,-3.46,4.82
PI,10502,SÃO BRAZ DO PIAUÍ,6446,6706,90.07,6.7,87.18,9.48,-2.9,2.78
PI,10510,CASTELO DO PIAUÍ,23892,24744,74.62,20.37,69.27,26.09,-5.35,5.72
PI,10529,SÃO JOSÉ DO DIVINO,8120,8174,81.97,12.34,76.0,17.93,-5.97,5.6
PI,10537,COCAL,33058,37076,76.48,18.83,67.8,28.14,-8.68,9.31
PI,10545,SIGEFREDO PACHECO,14158,15490,82.09,13.66,77.56,17.84,-4.53,4.18
PI,10553,CONCEIÇÃO DO CANINDÉ,7292,7934,81.4,12.73,74.34,20.65,-7.07,7.92
PI,10561,SÃO LOURENÇO DO PIAUÍ,8032,7878,88.52,7.12,84.01,12.19,-4.51,5.06
PI,10570,CORRENTE,30884,32098,71.31,23.12,65.9,29.05,-5.41,5.94
PI,10588,VÁRZEA BRANCA,7308,7558,88.1,8.29,84.97,12.04,-3.13,3.75
PI,10596,CRISTALÂNDIA DO PIAUÍ,8462,9362,82.2,13.07,76.48,19.48,-5.72,6.41
PI,10600,BARRA D ALCÂNTARA,5078,5398,83.14,12.92,80.47,17.34,-2.67,4.42
PI,10618,CRISTINO CASTRO,12012,13672,79.47,17.08,71.59,24.56,-7.88,7.48
PI,10626,BELA VISTA DO PIAUÍ,5836,5834,79.16,11.0,75.25,17.62,-3.92,6.62
PI,10634,CURIMATÁ,13678,14702,74.5,21.29,68.56,26.77,-5.94,5.48
PI,10642,BREJO DO PIAUÍ,6104,6070,89.88,8.26,85.83,12.49,-4.04,4.23
PI,10650,DEMERVAL LOBÃO,19530,22838,75.63,19.24,73.09,22.72,-2.54,3.47
PI,10669,BOA HORA,9736,10702,78.41,15.8,76.23,19.72,-2.18,3.92
PI,10677,DOM EXPEDITO LOPES,10512,11066,79.47,15.92,75.67,20.53,-3.8,4.61
PI,10685,DOM INOCÊNCIO,11874,12470,88.82,7.53,82.37,13.66,-6.44,6.14
PI,10693,ELESBÃO VELOSO,19056,20356,83.69,11.54,79.37,16.82,-4.32,5.28
PI,10707,CAPITÃO GERVÁSIO OLIVEIRA,6028,6672,90.58,7.03,83.21,12.47,-7.36,5.44
PI,10715,ELISEU MARTINS,5584,5890,79.41,15.9,76.91,19.46,-2.5,3.55
PI,10723,CAMPO GRANDE DO PIAUÍ,7730,8472,84.84,10.25,82.11,13.48,-2.73,3.23
PI,10731,ESPERANTINA,45958,49200,72.1,23.07,68.47,27.81,-3.62,4.74
PI,10740,CAMPO LARGO DO PIAUÍ,8170,9000,79.12,15.89,74.42,22.38,-4.7,6.49
PI,10758,FLORES DO PIAUÍ,6208,6278,81.35,14.37,78.15,18.67,-3.2,4.3
PI,10766,CURRAIS,8562,10436,81.57,15.04,72.56,23.63,-9.01,8.59
PI,10774,FLORIANO,69606,70682,73.23,20.83,68.63,25.9,-4.6,5.07
PI,10782,GEMINIANO,9944,10884,83.23,12.41,79.55,16.63,-3.68,4.22
PI,10790,FRANCINÓPOLIS,6512,7044,85.47,10.5,85.55,11.87,0.08,1.36
PI,10804,GUARIBAS,6438,6720,92.14,5.59,87.59,10.48,-4.55,4.88
PI,10812,FRANCISCO AYRES,7054,7720,81.17,12.48,77.95,17.38,-3.22,4.91
PI,10820,ILHA GRANDE,13522,15024,79.13,16.03,76.36,19.64,-2.77,3.6
PI,10839,FRANCISCO SANTOS,11166,11280,80.57,13.61,77.94,17.15,-2.62,3.53
PI,10847,JUREMA,7498,8068,86.42,9.71,82.75,14.2,-3.68,4.5
PI,10855,FRONTEIRAS,14958,15064,78.31,17.06,73.98,21.88,-4.33,4.82
PI,10863,LAGOA DE SÃO FRANCISCO,8878,9000,81.84,13.31,74.56,20.69,-7.29,7.38
PI,10871,GILBUÉS,12550,13412,79.63,16.25,74.08,21.35,-5.55,5.1
PI,10880,MORRO CABEÇA NO TEMPO,5508,6418,80.79,14.23,79.5,16.83,-1.3,2.59
PI,10898,GUADALUPE,12356,12286,78.15,17.22,72.34,23.1,-5.81,5.88
PI,10901,NOVO SANTO ANTÔNIO,7274,7754,84.85,10.83,81.74,14.16,-3.11,3.33
PI,10910,HUGO NAPOLEÃO,6792,6972,79.53,16.02,73.32,23.12,-6.21,7.1
PI,10928,NOSSA SENHORA DE NAZARÉ,9032,10246,85.36,11.03,82.96,13.06,-2.4,2.03
PI,10936,INHUMA,19236,20264,81.29,14.16,78.06,17.34,-3.23,3.18
PI,10944,PAQUETÁ,6634,7190,81.88,13.69,80.22,16.77,-1.66,3.09
PI,10952,IPIRANGA DO PIAUÍ,11660,12400,85.88,10.24,81.5,14.77,-4.38,4.53
PI,10960,NOVA SANTA RITA,6550,6838,89.83,6.78,83.27,12.4,-6.56,5.62
PI,10979,ISAÍAS COELHO,9724,10176,88.89,7.16,85.69,11.44,-3.2,4.28
PI,10987,SÃO JOÃO DO ARRAIAL,10954,12086,72.38,24.43,68.05,30.35,-4.33,5.92
PI,10995,ITAINÓPOLIS,14832,15070,81.35,14.54,78.13,18.87,-3.22,4.34
PI,11010,ITAUEIRA,13266,13694,77.33,17.2,73.45,23.12,-3.88,5.92
PI,11037,JAICÓS,19318,20544,80.17,14.51,75.92,19.8,-4.25,5.29
PI,11053,JERUMENHA,7204,7438,79.59,16.77,75.21,21.59,-4.39,4.82
PI,11070,JOAQUIM PIRES,17846,17956,76.08,20.56,71.3,25.79,-4.79,5.22
PI,11088,SÃO JOÃO DA CANABRAVA,7612,7222,85.18,11.09,83.8,12.91,-1.38,1.82
PI,11096,JOSÉ DE FREITAS,55036,58788,83.24,11.92,80.98,14.92,-2.27,3.01
PI,11118,LANDRI SALES,6804,7524,83.66,12.7,75.41,21.48,-8.24,8.78
PI,11134,LUIS CORREIA,40108,42932,76.06,18.63,71.02,24.22,-5.04,5.59
PI,11150,LUZILÂNDIA,30116,30820,76.89,19.31,72.61,24.04,-4.28,4.74
PI,11177,MANOEL EMÍDIO,7248,7866,83.08,12.75,78.18,18.2,-4.9,5.46
PI,11193,MARCOS PARENTE,6194,6760,70.2,24.96,67.43,28.76,-2.77,3.8
PI,11215,MATIAS OLÍMPIO,12680,13624,77.73,18.03,72.23,24.41,-5.5,6.38
PI,11231,MIGUEL ALVES,37132,40900,80.86,13.63,79.61,16.81,-1.25,3.18
PI,11258,MIGUEL LEÃO,2648,3124,68.2,26.44,64.08,32.91,-4.12,6.47
PI,11274,MONSENHOR GIL,16470,17254,79.48,15.81,76.01,19.68,-3.47,3.87
PI,11290,MONSENHOR HIPÓLITO,11220,12220,83.94,11.16,80.38,16.28,-3.56,5.13
PI,11312,MONTE ALEGRE DO PIAUÍ,13706,14390,82.88,12.93,76.9,19.26,-5.98,6.33
PI,11339,NAZARÉ DO PIAUÍ,10014,10392,88.12,8.59,84.64,11.99,-3.47,3.4
PI,11355,NOSSA SENHORA DOS REMÉDIOS,13090,13736,78.7,16.9,74.08,22.58,-4.62,5.68
PI,11371,NOVO ORIENTE DO PIAUÍ,7712,8008,87.11,8.95,82.82,13.46,-4.29,4.51
PI,11398,OEIRAS,46636,48670,76.07,19.58,75.57,21.1,-0.5,1.52
PI,11410,DOMINGOS MOURÃO,6518,6638,86.04,10.13,81.56,15.19,-4.48,5.06
PI,11436,PADRE MARCOS,9504,9470,80.85,14.44,79.18,17.82,-1.67,3.39
PI,11452,PAES LANDIM,6214,6730,70.26,22.85,71.53,25.74,1.27,2.88
PI,11479,PALMEIRA DO PIAUÍ,7110,7906,74.66,19.61,63.04,31.19,-11.61,11.59
PI,11495,PALMEIRAIS,19682,21322,84.01,12.34,81.87,15.37,-2.14,3.04
PI,11517,PARNAGUÁ,10988,11542,83.31,13.03,76.47,19.88,-6.84,6.84
PI,11533,PARNAÍBA,176774,191890,62.78,29.83,60.78,33.23,-2.0,3.4
PI,11550,PAULISTANA,25462,27222,82.4,13.44,75.54,19.4,-6.86,5.96
PI,11576,PEDRO II,47980,51772,73.66,20.43,70.78,24.7,-2.88,4.28
PI,11592,PICOS,87224,90824,71.5,23.24,69.0,26.24,-2.5,3.01
PI,11614,PIMENTEIRAS,14020,14348,79.73,15.56,77.39,19.19,-2.34,3.63
PI,11630,PIO IX,22406,24182,83.68,11.79,79.26,16.95,-4.43,5.16
PI,11657,PIRACURUCA,37726,40026,76.47,19.35,68.92,26.06,-7.56,6.71
PI,11673,PIRIPIRI,74844,77084,73.09,21.6,68.95,26.18,-4.14,4.58
PI,11690,PORTO,13504,15050,78.36,17.88,69.85,27.23,-8.51,9.35
PI,11711,PRATA DO PIAUÍ,5240,5814,84.31,11.83,82.63,14.52,-1.68,2.68
PI,11738,REDENÇÃO DO GURGUÉIA,10062,10984,70.72,23.45,66.5,29.75,-4.22,6.3
PI,11754,REGENERAÇÃO,20272,21712,84.12,11.8,82.06,15.06,-2.06,3.26
PI,11770,RIBEIRO GONÇALVES,8210,8870,74.62,21.34,65.61,28.79,-9.0,7.45
PI,11797,RIO GRANDE DO PIAUÍ,8084,8448,84.27,12.25,80.66,16.69,-3.61,4.44
PI,11819,SANTA CRUZ DO PIAUÍ,8882,9970,84.89,11.66,80.24,16.95,-4.65,5.29
PI,11835,SANTA FILOMENA,8008,8670,73.95,21.3,64.18,30.61,-9.78,9.31
PI,11851,SANTA LUZ,7956,8656,73.05,22.5,66.4,30.24,-6.65,7.75
PI,11878,SANTO ANTÔNIO DE LISBOA,9442,10460,78.33,16.8,73.94,22.98,-4.39,6.19
PI,11894,SANTO INÁCIO DO PIAUÍ,5468,6022,85.22,12.58,79.94,17.4,-5.28,4.82
PI,11916,SÃO FÉLIX DO PIAUÍ,5874,6326,73.65,19.27,69.87,25.58,-3.78,6.31
PI,11932,SÃO FRANCISCO DO PIAUÍ,8812,8936,70.45,24.74,68.29,28.22,-2.16,3.48
PI,11959,SÃO GONÇALO DO PIAUÍ,7130,8366,73.24,20.48,70.21,25.82,-3.03,5.34
PI,11975,SÃO JOÃO DA SERRA,10166,10970,79.21,15.38,74.99,20.27,-4.22,4.89
PI,11991,SÃO JOÃO DO PIAUÍ,23716,23888,77.75,17.5,75.14,20.71,-2.61,3.21
PI,12009,SÃO JOÃO DA FRONTEIRA,7700,8314,81.22,14.0,72.31,23.02,-8.91,9.02
PI,12017,SÃO JOSÉ DO PEIXE,4766,4856,83.21,12.72,77.97,19.32,-5.25,6.6
PI,12025,SÃO JOÃO DA VARJOTA,6120,6626,82.68,13.79,83.91,14.1,1.23,0.31
PI,12033,SÃO JOSÉ DO PIAUÍ,9194,9326,84.45,13.1,82.03,15.25,-2.42,2.15
PI,12041,SEBASTIÃO BARROS,6750,7346,80.8,14.79,69.53,25.43,-11.27,10.64
PI,12050,SÃO JULIÃO,8520,9262,67.72,27.46,75.51,20.77,7.79,-6.69
PI,12068,SEBASTIÃO LEAL,6588,7222,66.06,30.9,57.88,39.3,-8.18,8.39
PI,12076,SÃO MIGUEL DO TAPUIO,22268,22360,83.63,12.14,79.02,17.36,-4.61,5.22
PI,12084,ALVORADA DO GURGUÉIA,7022,7386,80.49,15.52,73.79,22.31,-6.7,6.79
PI,12092,SÃO PEDRO DO PIAUÍ,17472,18356,75.95,18.92,72.44,23.71,-3.51,4.79
PI,12106,ASSUNÇÃO DO PIAUÍ,10004,10322,86.29,8.86,81.86,14.05,-4.42,5.19
PI,12114,SÃO RAIMUNDO NONATO,41944,45070,82.75,13.49,77.39,18.97,-5.37,5.48
PI,12122,BETÂNIA DO PIAUÍ,8738,9716,88.83,7.26,81.7,12.45,-7.13,5.2
PI,12130,SIMÕES,17948,19400,83.31,12.56,77.82,18.09,-5.48,5.53
PI,12149,BOQUEIRÃO DO PIAUÍ,8184,9180,83.38,12.1,80.63,15.21,-2.75,3.11
PI,12157,SIMPLÍCIO MENDES,15846,16836,81.42,13.0,77.06,18.32,-4.36,5.32
PI,12165,CARIDADE DO PIAUÍ,7558,8174,86.19,9.39,79.15,15.1,-7.03,5.7
PI,12173,SOCORRO DO PIAUÍ,6472,6570,77.97,15.76,77.56,18.39,-0.4,2.63
PI,12181,CURRAL NOVO DO PIAUÍ,7486,8992,90.06,7.43,84.45,11.74,-5.61,4.32
PI,12190,TERESINA,966272,968380,62.37,28.63,61.17,31.46,-1.19,2.84
PI,12203,JÚLIO BORGES,7106,7736,84.35,9.65,82.16,13.31,-2.19,3.66
PI,12211,UNIÃO,58052,62506,76.51,18.4,74.08,22.07,-2.43,3.67
PI,12220,LAGOA DO SÍTIO,7062,7752,82.33,12.66,81.4,15.92,-0.93,3.26
PI,12238,URUÇUÍ,27882,30502,68.73,26.41,60.0,34.99,-8.73,8.58
PI,12246,MILTON BRANDÃO,9566,10138,68.35,26.32,65.58,30.95,-2.77,4.63
PI,12254,VALENÇA DO PIAUÍ,25896,27822,76.87,17.93,75.1,21.08,-1.77,3.16
PI,12262,PAJEÚ DO PIAUÍ,5108,5112,80.54,14.02,77.93,19.13,-2.61,5.11
PI,12270,VÁRZEA GRANDE,5850,6034,79.15,15.52,75.6,20.42,-3.54,4.9
PI,12289,PAVUSSU,5688,5988,87.62,8.51,84.24,13.13,-3.39,4.62
PI,12297,DIRCEU ARCOVERDE,9670,10778,87.16,8.71,85.64,12.23,-1.52,3.52
PI,12300,RIACHO FRIO,6534,7092,87.11,9.15,82.8,13.85,-4.32,4.69
PI,12319,ALAGOINHA DO PIAUÍ,9756,10068,74.78,20.07,70.26,24.81,-4.52,4.74
PI,12327,ACAUÃ,10600,10886,87.68,8.45,79.28,14.57,-8.4,6.12
PI,12335,BELÉM DO PIAUÍ,4998,5698,81.55,13.17,75.85,20.01,-5.7,6.84
PI,12343,CAJAZEIRAS DO PIAUÍ,5498,5590,82.94,11.39,84.04,13.85,1.1,2.46
PI,12351,CAMPO ALEGRE DO FIDALGO,7244,7584,87.63,9.06,78.53,17.25,-9.1,8.19
PI,12360,COCAL DE TELHA,6658,6740,87.17,9.31,81.22,14.39,-5.96,5.08
PI,12378,FRANCISCO MACEDO,4350,4660,81.01,12.78,77.0,18.07,-4.02,5.29
PI,12386,JOÃO COSTA,5406,6176,82.72,12.25,79.99,16.97,-2.74,4.72
PI,12394,JATOBÁ DO PIAUÍ,10358,11374,83.65,12.42,80.15,16.58,-3.5,4.17
PI,12408,JOCA MARQUES,7518,8896,80.74,14.98,76.06,21.2,-4.68,6.22
PI,12416,JUAZEIRO DO PIAUÍ,8830,8972,78.32,15.7,73.7,20.49,-4.63,4.79
PI,12424,LAGOA DO PIAUÍ,7344,8872,77.29,17.05,72.72,22.72,-4.56,5.68
PI,12432,LAGOINHA DO PIAUÍ,4864,4932,80.8,15.13,76.36,20.24,-4.44,5.1
PI,12440,MADEIRO,9238,10012,81.06,15.5,78.81,18.42,-2.25,2.92
PI,12459,MORRO DO CHAPÉU DO PIAUÍ,8138,9010,81.13,15.36,78.89,18.31,-2.24,2.95
PI,12467,MASSAPÊ DO PIAUÍ,9088,9258,86.82,6.34,82.63,12.77,-4.19,6.43
PI,12475,MURICI DOS PORTELAS,9050,9302,77.9,16.2,76.09,18.86,-1.81,2.66
PI,12483,OLHO D ÁGUA DO PIAUÍ,3660,4354,79.07,15.3,78.59,18.19,-0.48,2.89
PI,12491,PEDRO LAURENTINO,4552,5302,68.19,28.03,72.99,23.95,4.8,-4.08
PI,12505,SÃO FRANCISCO DE ASSIS DO PIAUÍ,7518,7706,74.81,17.03,65.27,24.86,-9.53,7.84
PI,12513,SUSSUAPARA,10312,11248,82.37,13.52,78.02,17.69,-4.35,4.17
PI,12521,TANQUE DO PIAUÍ,3806,4320,79.77,14.4,77.04,17.08,-2.73,2.69
PI,12530,TAMBORIL DO PIAUÍ,4096,4688,82.71,12.55,76.96,18.69,-5.75,6.14
PI,12548,VILA NOVA DO PIAUÍ,4782,5160,78.34,15.43,73.1,20.39,-5.23,4.95
PI,12556,VERA MENDES,5124,5616,84.86,10.89,80.84,14.46,-4.02,3.57
PI,12564,WALL FERRAZ,6722,7382,79.29,17.08,76.92,19.8,-2.38,2.73
PI,12572,CAJUEIRO DA PRAIA,11168,12454,78.22,17.73,73.15,23.33,-5.07,5.6
PI,12580,CURRALINHOS,8036,8796,84.37,12.05,81.61,15.3,-2.77,3.26
PI,12599,PORTO ALEGRE DO PIAUÍ,3166,3294,76.37,17.62,69.1,27.69,-7.28,10.06
PI,12602,RIBEIRA DO PIAUÍ,5548,6062,84.03,12.04,80.04,16.43,-3.99,4.39
PI,12610,SÃO GONÇALO DO GURGUÉIA,4064,4380,78.2,17.13,72.1,23.84,-6.1,6.71
PI,12629,SÃO LUIS DO PIAUÍ,4556,5530,83.76,11.72,78.48,17.0,-5.28,5.28
PI,12637,FLORESTA DO PIAUÍ,3784,3896,85.73,10.31,82.44,13.24,-3.29,2.94
PI,12653,SANTO ANTÔNIO DOS MILAGRES,3034,3136,83.19,14.24,78.83,18.94,-4.36,4.7
PI,12661,SÃO MIGUEL DA BAIXA GRANDE,3866,4378,76.56,19.56,67.29,27.73,-9.27,8.17
PI,12670,CARAÚBAS DO PIAUÍ,7906,8340,75.84,19.25,68.61,26.74,-7.23,7.49
PI,12688,CAXINGÓ,8800,9440,80.91,12.98,76.95,18.73,-3.96,5.75
PI,12696,COCAL DOS ALVES,8448,8682,88.97,7.2,81.78,13.75,-7.19,6.56
PI,12700,SÃO MIGUEL DO FIDALGO,4546,4628,88.12,9.06,83.54,14.74,-4.59,5.67
PI,12718,PAU D ARCO DO PIAUÍ,8026,9068,82.16,12.83,77.19,17.95,-4.96,5.12
PI,12726,NAZÁRIA,18104,19074,78.84,16.98,76.11,20.12,-2.73,3.14
PI,12734,AROEIRAS DO ITAIM,6422,7562,82.0,14.2,77.68,18.04,-4.32,3.84
PR,74004,GODOY MOREIRA,4130,4300,58.93,34.82,53.53,40.79,-5.4,5.97
PR,74012,ABATIÁ,8822,8612,42.33,52.8,33.53,61.19,-8.79,8.39
PR,74020,IBEMA,7698,7694,49.57,44.45,42.37,51.0,-7.2,6.55
PR,74039,ADRIANÓPOLIS,7902,8402,61.1,34.9,52.96,41.09,-8.13,6.18
PR,74047,LINDOESTE,7798,7858,55.73,39.22,48.31,45.43,-7.42,6.22
PR,74055,AGUDOS DO SUL,12726,13874,37.36,56.7,28.86,65.5,-8.5,8.8
PR,74063,OURO VERDE DO OESTE,7840,8522,36.22,58.01,31.0,62.71,-5.22,4.7
PR,74071,ALMIRANTE TAMANDARÉ,114034,113682,40.43,49.81,34.55,54.87,-5.88,5.06
PR,74080,SANTA TEREZA DO OESTE,14690,16080,40.16,53.83,32.56,60.1,-7.6,6.27
PR,74098,ALTO PARANÁ,16064,15286,43.69,50.17,35.38,58.31,-8.31,8.14
PR,74101,ANAHY,4258,4580,49.27,43.31,40.48,52.4,-8.79,9.1
PR,74110,ALTO PIQUIRI,11102,10856,50.37,44.15,44.12,49.98,-6.25,5.83
PR,74128,ÂNGULO,4290,4482,33.24,60.33,26.86,66.0,-6.38,5.67
PR,74136,ALVORADA DO SUL,10776,11304,39.42,56.55,34.15,61.45,-5.27,4.9
PR,74144,BOA ESPERANÇA DO IGUAÇU,3880,3792,61.86,32.78,47.2,45.04,-14.65,12.26
PR,74152,AMAPORÃ,6218,6088,50.5,44.23,43.0,50.82,-7.5,6.59
PR,74160,BOM SUCESSO DO SUL,4916,5028,37.18,58.1,24.62,70.37,-12.56,12.27
PR,74179,AMPÉRE,23774,23478,56.25,38.77,45.7,47.84,-10.55,9.07
PR,74187,BRASILÂNDIA DO SUL,4854,5160,53.85,41.57,45.5,48.76,-8.35,7.19
PR,74195,ANDIRÁ,24594,23752,40.43,53.58,35.56,58.03,-4.87,4.45
PR,74209,CAFEZAL DO SUL,6364,6390,38.78,55.28,31.92,61.66,-6.86,6.38
PR,74217,ANTONINA,22862,22524,33.39,59.18,32.18,61.62,-1.21,2.44
PR,74225,CANDÓI,18146,18820,55.49,39.76,42.77,50.37,-12.72,10.62
PR,74233,ANTÔNIO OLINTO,10246,10452,46.91,43.76,35.06,55.38,-11.85,11.61
PR,74241,CRUZEIRO DO IGUAÇU,5852,5680,54.61,40.81,41.73,51.55,-12.89,10.74
PR,74250,APUCARANA,143612,140948,28.09,63.22,23.99,66.78,-4.1,3.55
PR,74268,DIAMANTE DO SUL,4870,5144,49.32,46.69,42.07,54.47,-7.25,7.78
PR,74276,ARAPONGAS,128022,128692,22.5,70.35,20.02,71.91,-2.48,1.56
PR,74284,ENTRE RIOS DO OESTE,6076,6170,25.38,71.07,20.88,73.16,-4.5,2.09
PR,74292,ARAPOTI,28724,27506,32.04,61.72,25.33,68.54,-6.71,6.82
PR,74306,FAROL,4400,4344,48.45,46.64,41.3,53.27,-7.16,6.63
PR,74314,ARARUNA,17316,17028,39.54,54.05,33.2,59.65,-6.33,5.6
PR,74322,FAZENDA RIO GRANDE,124618,137230,38.6,52.23,31.89,57.37,-6.71,5.13
PR,74330,MARILÂNDIA DO SUL,11104,10706,33.38,59.38,27.31,65.23,-6.06,5.85
PR,74349,FLOR DA SERRA DO SUL,7296,6816,52.55,42.74,41.46,51.97,-11.09,9.23
PR,74357,ARAUCÁRIA,163672,169614,43.26,46.43,36.37,52.59,-6.89,6.16
PR,74365,HONÓRIO SERPA,6944,6846,59.33,36.98,48.79,46.3,-10.54,9.32
PR,74373,ASSAÍ,18752,17962,27.7,64.7,24.94,68.68,-2.76,3.98
PR,74381,IGUATU,3248,3432,51.6,44.58,45.86,48.72,-5.74,4.14
PR,74390,ASTORGA,30996,30402,26.48,67.94,23.22,71.46,-3.26,3.52
PR,74403,IRACEMA DO OESTE,3662,3770,50.41,45.11,42.97,51.78,-7.44,6.67
PR,74411,ATALAIA,5710,5558,39.51,54.08,33.54,60.71,-5.97,6.62
PR,74420,NOVO ITACOLOMI,4626,4748,37.31,53.74,29.32,62.93,-7.99,9.19
PR,74438,BALSA NOVA,18218,18956,36.73,55.74,29.96,61.73,-6.77,6.0
PR,74446,ITAPERUÇU,33502,34914,59.53,34.64,49.82,42.79,-9.71,8.14
PR,74454,BANDEIRANTES,37698,36156,28.32,66.54,25.36,69.32,-2.96,2.78
PR,74462,IVATÉ,8788,8452,44.58,49.57,39.73,53.86,-4.85,4.29
PR,74470,BARBOSA FERRAZ,12880,12754,43.82,49.92,38.54,54.26,-5.28,4.34
PR,74489,LIDIANÓPOLIS,5140,5568,36.54,57.86,31.39,63.11,-5.14,5.25
PR,74497,BARRACÃO,11828,11902,45.21,50.56,39.14,54.81,-6.08,4.26
PR,74500,MARIPÁ,8336,8608,18.28,77.11,15.66,79.93,-2.62,2.81
PR,74519,BARRA DO JACARÉ,4172,4308,47.22,46.5,40.58,52.69,-6.64,6.19
PR,74527,MATO RICO,4994,4960,61.51,32.12,47.3,46.21,-14.22,14.09
PR,74535,BELA VISTA DO PARAÍSO,19036,17808,36.56,57.56,31.21,62.6,-5.35,5.04
PR,74543,MAUÁ DA SERRA,11456,11690,40.85,53.67,32.99,60.99,-7.87,7.33
PR,74551,BITURUNA,19356,19900,55.57,38.61,43.71,50.73,-11.86,12.12
PR,74560,MERCEDES,8058,8386,17.45,78.78,13.76,80.78,-3.69,2.0
PR,74578,BOA ESPERANÇA,6050,6246,28.13,67.57,23.82,71.73,-4.31,4.16
PR,74586,NOVA LARANJEIRAS,12606,13154,58.16,38.01,49.46,46.28,-8.7,8.27
PR,74594,BOCAIÚVA DO SUL,14536,14558,41.14,50.69,31.85,59.46,-9.29,8.77
PR,74608,NOVA SANTA BÁRBARA,5486,5708,51.66,42.03,43.1,49.51,-8.56,7.48
PR,74616,BOM SUCESSO,8190,8098,52.21,41.05,45.44,47.32,-6.77,6.27
PR,74624,PATO BRAGADO,7382,7470,21.46,73.1,17.24,77.62,-4.22,4.52
PR,74632,BORRAZÓPOLIS,10222,10008,40.13,53.84,34.37,60.21,-5.76,6.37
PR,74640,PINHAL DE SÃO BENTO,3810,4136,70.18,25.04,55.9,37.14,-14.28,12.1
PR,74659,CAFEARA,3578,3526,56.79,38.9,48.84,46.57,-7.95,7.66
PR,74667,PITANGUEIRAS,3982,4082,35.41,58.92,31.5,62.08,-3.91,3.16
PR,74675,CALIFÓRNIA,10920,10738,32.49,59.95,27.7,65.15,-4.79,5.21
PR,74683,QUATRO PONTES,6434,7088,14.83,80.32,10.84,83.35,-3.99,3.03
PR,74691,CAMBARÁ,26818,25106,38.24,55.43,32.9,60.16,-5.34,4.74
PR,74705,RAMILÂNDIA,5370,5720,52.81,42.68,46.4,47.87,-6.41,5.19
PR,74713,CAMBÉ,114264,113960,28.9,61.71,25.78,64.53,-3.12,2.83
PR,74721,RANCHO ALEGRE D OESTE,3656,3720,43.87,51.26,37.1,58.87,-6.78,7.61
PR,74730,CAMBIRA,9832,9968,34.78,58.42,27.61,66.49,-7.18,8.07
PR,74748,RIO BONITO DO IGUAÇU,17690,16554,68.28,28.09,59.77,35.51,-8.51,7.41
PR,74756,CAMPINA DA LAGOA,18252,18494,40.35,51.94,33.79,59.7,-6.55,7.76
PR,74764,SANTA LÚCIA,5110,4930,43.87,49.82,37.0,56.47,-6.88,6.65
PR,74772,CAMPINA GRANDE DO SUL,51702,53298,36.68,55.24,31.05,59.67,-5.63,4.43
PR,74780,CAMPO BONITO,5738,5624,51.9,42.49,40.36,53.88,-11.54,11.39
PR,74799,CAMPO DO TENENTE,9864,10140,36.01,56.16,29.88,62.47,-6.13,6.3
PR,74802,SANTA MARIA DO OESTE,12588,12198,59.5,35.7,46.3,48.06,-13.2,12.36
PR,74810,CAMPO LARGO,142300,146070,33.35,56.98,28.43,61.45,-4.93,4.48
PR,74829,SANTA MÔNICA,4288,4102,53.45,41.18,48.76,47.44,-4.69,6.26
PR,74837,CAMPO MOURÃO,107882,108562,36.59,54.77,30.67,60.51,-5.93,5.74
PR,74845,SÃO MANOEL DO PARANÁ,3110,3258,36.14,57.17,34.56,60.28,-1.58,3.11
PR,74853,CÂNDIDO DE ABREU,17616,17408,43.62,49.26,37.26,56.05,-6.36,6.79
PR,74861,SÃO PEDRO DO IGUAÇU,7740,7692,41.65,53.75,36.53,58.61,-5.12,4.86
PR,74870,CAPANEMA,24184,23662,47.44,46.9,37.77,54.91,-9.68,8.01
PR,74888,TUNAS DO PARANÁ,7964,8232,48.79,46.41,37.66,55.78,-11.14,9.37
PR,74896,CAPITÃO LEÔNIDAS MARQUES,18296,18026,45.05,49.7,37.01,57.31,-8.03,7.6
PR,74900,VENTANIA,11686,11698,53.41,41.06,40.9,52.52,-12.52,11.46
PR,74918,CARLÓPOLIS,17484,17676,38.8,55.36,30.8,62.82,-8.0,7.45
PR,74926,ALTO PARAÍSO,4390,4560,42.6,51.85,36.4,57.94,-6.19,6.09
PR,74934,CASCAVEL,368830,376976,31.92,59.78,27.08,64.32,-4.84,4.54
PR,74942,DOUTOR ULYSSES,7580,7778,55.75,38.31,46.18,47.6,-9.57,9.28
PR,74950,CASTRO,84846,84596,35.09,55.51,27.13,63.97,-7.96,8.46
PR,74969,VIRMOND,5646,5682,45.98,47.54,35.06,58.15,-10.92,10.61
PR,74977,CATANDUVAS,10688,10620,42.76,51.89,33.86,59.94,-8.9,8.05
PR,74985,LARANJAL,7104,7180,65.99,30.07,55.38,40.58,-10.61,10.52
PR,74993,CENTENÁRIO DO SUL,13086,12578,57.22,38.44,50.44,44.52,-6.78,6.08
PR,75000,ITAIPULÂNDIA,14998,16136,38.37,58.07,32.62,61.95,-5.74,3.87
PR,75019,CERRO AZUL,20224,19916,55.26,37.89,46.85,46.81,-8.41,8.92
PR,75027,NOVA ESPERANÇA DO SUDOESTE,7842,8438,57.79,36.7,46.72,47.05,-11.07,10.35
PR,75035,CHOPINZINHO,26276,26058,42.81,52.18,34.4,59.2,-8.41,7.01
PR,75043,PINHAIS,148248,152840,34.87,54.14,31.28,57.4,-3.59,3.26
PR,75051,CIANORTE,87826,88822,26.35,66.24,23.15,68.79,-3.2,2.54
PR,75060,SAUDADE DO IGUAÇU,8352,7868,56.13,39.22,45.55,47.81,-10.58,8.59
PR,75078,CIDADE GAÚCHA,13630,13222,44.46,50.46,38.71,55.6,-5.75,5.14
PR,75086,ARIRANHA DO IVAÍ,3736,3916,55.67,38.33,47.75,46.32,-7.92,7.99
PR,75094,CLEVELÂNDIA,19882,19584,49.71,45.69,39.07,56.57,-10.64,10.88
PR,75108,ARAPUÃ,5106,5302,52.84,40.93,45.83,48.21,-7.01,7.28
PR,75116,MANGUEIRINHA,21218,20958,53.57,42.03,42.75,51.51,-10.82,9.48
PR,75124,BELA VISTA DA CAROBA,4838,4814,58.41,37.16,50.27,43.58,-8.14,6.42
PR,75132,COLOMBO,242558,246080,37.21,52.9,32.29,56.88,-4.92,3.99
PR,75140,BOA VENTURA DE SÃO ROQUE,8128,8102,59.97,33.39,46.31,46.21,-13.66,12.82
PR,75159,COLORADO,28384,26686,45.3,47.98,36.6,56.6,-8.7,8.62
PR,75167,BOM JESUS DO SUL,5844,5980,56.74,39.87,47.59,46.92,-9.15,7.05
PR,75175,CONGONHINHAS,9946,9520,57.65,36.78,49.96,44.73,-7.69,7.95
PR,75183,CAMPINA DO SIMÃO,5504,5582,63.59,31.21,46.86,44.0,-16.73,12.78
PR,75191,CONSELHEIRO MAIRINCK,4590,4736,47.32,45.88,40.37,53.21,-6.95,7.33
PR,75205,CAMPO MAGRO,31552,32740,40.97,50.45,33.6,55.46,-7.36,5.01
PR,75213,CONTENDA,20390,21302,40.74,50.62,31.24,60.12,-9.5,9.49
PR,75221,CARAMBEÍ,26162,27340,27.53,62.43,23.35,67.58,-4.18,5.14
PR,75230,CORBÉLIA,22186,22162,32.75,60.96,25.03,68.5,-7.72,7.54
PR,75248,CORONEL DOMINGOS SOARES,7746,7868,61.53,35.01,47.71,47.38,-13.82,12.37
PR,75256,CORNÉLIO PROCÓPIO,54634,51906,34.33,57.07,29.85,61.87,-4.48,4.8
PR,75264,CRUZMALTINA,4208,4202,39.31,53.66,34.65,58.4,-4.66,4.74
PR,75272,CORONEL VIVIDA,27714,27892,46.76,47.24,37.61,56.25,-9.15,9.01
PR,75280,CORUMBATAÍ DO SUL,5384,5506,50.45,40.49,45.41,47.04,-5.04,6.55
PR,75299,CRUZEIRO DO OESTE,25122,24308,36.84,57.76,33.45,60.35,-3.39,2.59
PR,75302,ESPERANÇA NOVA,3126,3130,32.05,62.76,27.28,67.03,-4.77,4.26
PR,75310,CRUZEIRO DO SUL,6166,5826,57.61,37.11,49.74,44.56,-7.86,7.45
PR,75329,ESPIGÃO ALTO DO IGUAÇU,6432,6666,39.74,55.81,37.17,58.12,-2.57,2.3
PR,75337,CRUZ MACHADO,21268,21308,39.84,50.03,30.06,59.68,-9.78,9.65
PR,75345,FERNANDES PINHEIRO,8684,8618,48.73,44.04,40.17,53.1,-8.56,9.06
PR,75353,CURITIBA,2216108,2186868,31.42,55.26,30.37,57.5,-1.05,2.24
PR,75361,FOZ DO JORDÃO,6574,6418,63.83,32.83,54.41,39.89,-9.42,7.06
PR,75370,CURIÚVA,15330,15118,44.34,48.62,34.59,59.21,-9.75,10.59
PR,75388,GOIOXIM,8304,8170,64.21,30.52,50.33,43.7,-13.88,13.18
PR,75396,DIAMANTE DO NORTE,6718,6510,42.66,52.55,35.94,58.43,-6.72,5.89
PR,75400,DIAMANTE D OESTE,5910,5910,58.14,36.07,52.62,42.84,-5.52,6.77
PR,75418,DOIS VIZINHOS,51990,53494,48.17,47.09,37.6,56.13,-10.57,9.04
PR,75426,GUAMIRANGA,10652,10748,38.34,55.71,29.7,63.64,-8.64,7.93
PR,75434,DOUTOR CAMARGO,7952,8076,33.22,59.53,28.53,65.85,-4.7,6.32
PR,75442,IMBAÚ,13090,13396,51.35,44.14,43.15,50.57,-8.2,6.43
PR,75450,ENÉAS MARQUES,8702,8836,55.25,39.09,45.0,48.01,-10.25,8.91
PR,75469,MANFRINÓPOLIS,4844,4978,66.43,29.4,55.56,38.97,-10.87,9.57
PR,75477,ENGENHEIRO BELTRÃO,16162,15264,38.37,55.5,32.68,60.98,-5.7,5.48
PR,75485,MARQUINHO,6090,5940,56.72,38.46,45.02,49.6,-11.7,11.14
PR,75493,FAXINAL,18760,18800,29.25,64.04,24.8,68.83,-4.46,4.79
PR,75507,PEROBAL,8304,8718,33.36,60.81,29.43,64.51,-3.92,3.7
PR,75515,FÊNIX,6010,5842,48.42,44.83,44.03,49.06,-4.39,4.23
PR,75523,PONTAL DO PARANÁ,31258,35584,39.06,52.86,36.53,55.55,-2.53,2.69
PR,75531,FLORAÍ,7234,7066,40.14,54.16,33.48,60.35,-6.66,6.18
PR,75540,PORTO BARREIRO,5110,4814,52.8,42.47,37.76,55.75,-15.03,13.29
PR,75558,FLORESTA,11102,12428,36.03,57.68,28.63,64.6,-7.4,6.91
PR,75566,PRADO FERREIRA,5046,5054,46.33,48.28,40.05,52.99,-6.29,4.71
PR,75574,FLORESTÓPOLIS,15234,14796,51.73,43.56,46.63,46.49,-5.09,2.93
PR,75582,QUARTO CENTENÁRIO,5640,5532,45.14,50.5,33.69,61.1,-11.45,10.6
PR,75590,FLÓRIDA,3888,3866,47.12,45.83,40.82,52.77,-6.3,6.93
PR,75604,RESERVA DO IGUAÇU,8108,8012,61.57,33.7,48.33,45.48,-13.24,11.79
PR,75612,FORMOSA DO OESTE,9438,9118,33.74,59.82,28.38,65.41,-5.35,5.59
PR,75620,RIO BRANCO DO IVAÍ,5130,5142,46.12,48.19,42.47,51.26,-3.65,3.08
PR,75639,FOZ DO IGUAÇU,312584,320272,32.47,60.88,31.46,60.96,-1.01,0.08
PR,75647,SERRANÓPOLIS DO IGUAÇU,7108,7302,28.47,67.61,21.06,73.98,-7.41,6.37
PR,75655,FRANCISCO BELTRÃO,107788,108066,45.64,47.69,36.64,55.51,-9.0,7.81
PR,75663,TAMARANA,12572,13090,37.59,55.11,38.37,55.05,0.77,-0.06
PR,75671,GENERAL CARNEIRO,12888,12990,53.88,41.53,42.88,51.35,-11.0,9.82
PR,75698,GOIOERÊ,33102,32356,34.48,59.04,30.71,63.53,-3.76,4.49
PR,75710,GUAÍRA,35778,35658,31.58,63.8,27.19,67.35,-4.39,3.55
PR,75736,GUAIRAÇÁ,7980,8012,42.33,52.36,33.0,61.31,-9.33,8.95
PR,75744,ROSÁRIO DO IVAÍ,6922,7486,41.26,51.66,37.56,54.37,-3.7,2.71
PR,75752,GUAPIRAMA,5864,5966,45.63,49.11,38.22,54.51,-7.42,5.4
PR,75760,NOVA TEBAS,9098,9362,62.96,30.6,52.08,39.54,-10.88,8.94
PR,75779,GUAPOREMA,3096,2946,42.31,53.17,34.62,58.32,-7.69,5.15
PR,75787,SULINA,4628,4628,51.47,42.48,37.68,54.62,-13.79,12.14
PR,75795,GUARACI,6734,6566,36.98,57.26,33.17,61.01,-3.81,3.75
PR,75809,LUIZIANA,8810,9000,50.37,44.45,42.13,51.84,-8.24,7.39
PR,75817,GUARANIAÇU,17212,16746,36.03,57.76,29.09,65.27,-6.94,7.51
PR,75833,GUARAPUAVA,207054,206724,45.52,47.0,36.88,55.01,-8.63,8.01
PR,75850,GUARAQUEÇABA,10472,10436,43.91,49.52,41.82,52.07,-2.09,2.55
PR,75876,GUARATUBA,42412,46746,30.24,62.95,28.27,63.56,-1.97,0.6
PR,75892,IBAITI,31700,31458,39.21,54.07,32.08,61.28,-7.12,7.21
PR,75914,IBIPORÃ,59694,57904,29.72,60.93,26.75,64.44,-2.96,3.51
PR,75930,ICARAÍMA,10736,10628,35.47,59.52,30.15,65.49,-5.32,5.97
PR,75957,IGUARAÇU,6078,6314,37.05,57.42,30.63,62.88,-6.42,5.46
PR,75973,IMBITUVA,37088,37056,35.21,56.81,28.15,63.7,-7.06,6.89
PR,75990,INÁCIO MARTINS,12974,13112,53.74,40.23,43.47,48.38,-10.27,8.15
PR,76015,INAJÁ,3766,3902,59.85,34.31,50.95,44.54,-8.9,10.23
PR,76031,IPIRANGA,18120,18042,33.62,57.62,23.59,66.98,-10.03,9.36
PR,76058,IPORÃ,18162,17778,35.28,59.48,30.18,63.8,-5.1,4.32
PR,76074,IRATI,72284,70880,37.28,52.7,30.0,59.9,-7.28,7.2
PR,76090,IRETAMA,11684,11420,52.77,39.99,43.06,50.25,-9.71,10.26
PR,76112,ITAGUAJÉ,5342,5504,52.3,43.2,44.08,50.69,-8.23,7.49
PR,76139,ITAMBARACÁ,7410,7640,38.68,56.41,31.94,62.59,-6.74,6.18
PR,76155,ITAMBÉ,8082,8242,39.59,53.92,32.56,59.86,-7.03,5.94
PR,76171,ITAPEJARA D OESTE,14512,14502,51.38,44.12,39.69,54.21,-11.69,10.1
PR,76198,ITAÚNA DO SUL,4276,4092,62.58,31.9,52.59,40.52,-9.99,8.62
PR,76210,IVAÍ,16954,17228,38.79,54.09,28.38,64.43,-10.4,10.34
PR,76236,IVAIPORÃ,38188,37552,41.7,50.58,34.7,57.21,-7.0,6.63
PR,76252,IVATUBA,4054,4566,35.77,56.83,29.48,61.19,-6.29,4.36
PR,76279,JABOTI,6650,7010,40.24,53.47,32.7,60.14,-7.54,6.67
PR,76295,JACAREZINHO,45386,43530,47.33,46.31,42.58,50.74,-4.75,4.43
PR,76317,JAGUAPITÃ,15884,15746,35.77,58.75,28.96,64.04,-6.81,5.29
PR,76333,JAGUARIAÍVA,39940,38748,34.92,59.67,26.94,66.6,-7.98,6.94
PR,76350,JANDAIA DO SUL,26032,25502,29.33,62.64,23.48,68.18,-5.85,5.54
PR,76376,JANIÓPOLIS,7374,7336,48.03,46.76,42.83,51.83,-5.2,5.07
PR,76392,JAPIRA,5680,5864,47.68,46.27,39.53,53.75,-8.15,7.48
PR,76414,JAPURÁ,11418,11722,29.02,64.48,25.18,67.84,-3.84,3.36
PR,76430,JARDIM ALEGRE,14272,14240,46.2,48.42,39.99,54.07,-6.22,5.66
PR,76457,JARDIM OLINDA,2046,2226,65.49,27.37,56.24,38.54,-9.25,11.17
PR,76473,JATAIZINHO,14386,14104,36.79,56.3,33.13,59.42,-3.66,3.11
PR,76490,JOAQUIM TÁVORA,13934,13616,37.95,56.21,31.02,61.87,-6.93,5.66
PR,76511,JUNDIAÍ DO SUL,3980,4240,57.64,36.78,48.82,45.52,-8.82,8.73
PR,76538,JUSSARA,8552,8348,39.64,54.58,34.36,57.95,-5.28,3.37
PR,76554,KALORÉ,6174,6512,41.43,51.7,34.37,60.41,-7.06,8.71
PR,76570,LAPA,57126,55920,38.87,51.86,32.44,58.1,-6.44,6.24
PR,76597,LARANJEIRAS DO SUL,38016,35752,53.96,40.5,43.83,49.63,-10.13,9.13
PR,76619,LEÓPOLIS,5314,5558,50.58,43.36,41.27,52.72,-9.31,9.36
PR,76635,LOANDA,23980,24524,34.87,60.17,29.73,64.61,-5.14,4.44
PR,76651,LOBATO,6052,5920,46.7,47.22,40.3,53.11,-6.39,5.88
PR,76678,LONDRINA,609890,598654,24.47,64.33,24.2,65.15,-0.27,0.82
PR,76694,LUPIONÓPOLIS,6148,6208,53.9,40.99,47.65,47.2,-6.26,6.21
PR,76716,MALLET,16846,16472,34.9,56.58,25.5,64.8,-9.41,8.22
PR,76732,MAMBORÊ,16972,16480,31.73,62.74,25.53,69.54,-6.2,6.8
PR,76759,MANDAGUAÇU,28606,29418,37.3,55.32,31.33,61.17,-5.97,5.85
PR,76775,MANDAGUARI,42728,41152,33.02,58.92,26.23,65.55,-6.79,6.63
PR,76791,MANDIRITUBA,29516,30316,41.33,51.59,33.9,57.78,-7.44,6.19
PR,76813,MANOEL RIBAS,16964,17258,34.54,60.12,26.01,68.19,-8.54,8.07
PR,76830,MARECHAL CÂNDIDO RONDON,64628,65192,24.14,70.3,20.33,73.59,-3.81,3.29
PR,76856,MARIA HELENA,7580,7396,45.38,49.55,40.72,54.38,-4.66,4.83
PR,76872,MARIALVA,45004,46272,30.2,61.37,24.77,67.44,-5.44,6.06
PR,76899,MARILUZ,12020,11442,49.22,45.94,43.35,50.99,-5.87,5.05
PR,76910,MARINGÁ,458914,464284,29.43,59.58,26.78,63.14,-2.65,3.56
PR,76937,MARIÓPOLIS,8560,8578,41.0,53.76,30.87,63.72,-10.14,9.96
PR,76953,MARMELEIRO,18536,18450,50.38,43.87,38.81,54.22,-11.57,10.35
PR,76970,MARUMBI,6180,6404,49.51,45.7,39.41,53.28,-10.1,7.58
PR,76996,MATELÂNDIA,20888,21800,22.64,72.24,20.31,74.69,-2.33,2.45
PR,77011,MEDIANEIRA,58678,58542,31.22,63.36,25.95,67.81,-5.27,4.46
PR,77038,MIRADOR,3292,3124,62.09,33.29,53.39,40.52,-8.7,7.23
PR,77054,MIRASELVA,2998,3060,44.56,50.63,39.22,56.34,-5.35,5.71
PR,77070,MOREIRA SALES,14478,14188,40.52,54.47,36.43,59.16,-4.09,4.69
PR,77097,MORRETES,21072,21670,38.34,53.78,35.92,56.81,-2.42,3.03
PR,77119,MUNHOZ DE MELLO,5418,5538,41.79,52.79,36.08,58.76,-5.71,5.97
PR,77135,NOSSA SENHORA DAS GRAÇAS,4898,4862,56.76,37.44,48.91,43.77,-7.85,6.32
PR,77151,NOVA ALIANÇA DO IVAÍ,2370,2420,49.7,44.64,38.84,54.3,-10.86,9.66
PR,77178,NOVA AMÉRICA DA COLINA,5114,5478,46.3,47.83,38.7,56.01,-7.6,8.18
PR,77194,NOVA CANTU,9242,9384,56.18,37.39,48.98,45.78,-7.2,8.39
PR,77216,NOVA ESPERANÇA,30624,29896,34.59,58.22,30.12,62.6,-4.47,4.38
PR,77232,NOVA FÁTIMA,9194,9032,44.27,48.9,38.49,55.14,-5.78,6.24
PR,77259,NOVA LONDRINA,14648,14248,43.56,51.06,36.9,56.46,-6.65,5.39
PR,77275,ORTIGUEIRA,27914,28478,56.26,38.58,47.43,46.44,-8.83,7.86
PR,77291,OURIZONA,4456,4576,52.87,40.62,43.58,50.66,-9.3,10.04
PR,77313,PAIÇANDU,43870,45424,40.8,50.31,34.53,55.93,-6.27,5.62
PR,77330,PALMAS,46524,45430,54.04,41.46,44.58,49.58,-9.46,8.12
PR,77356,PALMEIRA,42520,42140,30.39,61.59,23.12,67.59,-7.27,6.0
PR,77372,PALMITAL,16556,16568,53.91,40.71,44.3,49.82,-9.61,9.11
PR,77399,PALOTINA,38968,39688,25.14,69.39,20.99,72.74,-4.15,3.35
PR,77410,PARAÍSO DO NORTE,15418,14414,45.28,50.15,38.19,56.11,-7.1,5.96
PR,77437,PARANACITY,11570,11018,51.65,42.14,45.27,49.1,-6.38,6.96
PR,77453,PARANAGUÁ,165232,166482,32.2,58.64,30.49,61.15,-1.71,2.52
PR,77470,PARANAPOEMA,3434,3412,57.66,35.82,52.34,41.97,-5.31,6.15
PR,77496,PARANAVAÍ,98204,95894,31.16,61.1,26.72,65.89,-4.44,4.79
PR,77518,PATO BRANCO,100804,101968,37.63,54.06,30.0,61.72,-7.64,7.65
PR,77534,PAULA FREITAS,7142,7428,39.12,54.05,27.52,64.89,-11.6,10.84
PR,77550,PAULO FRONTIN,8924,9112,39.58,51.66,25.79,64.57,-13.79,12.92
PR,77577,PEABIRU,15640,15188,41.52,51.61,34.96,57.87,-6.56,6.26
PR,77593,PÉROLA D OESTE,8540,8708,41.41,54.78,31.72,62.79,-9.69,8.02
PR,77615,PIÊN,16756,18128,26.35,66.03,18.77,73.61,-7.59,7.58
PR,77631,PINHALÃO,8552,9148,42.31,50.82,35.13,58.22,-7.17,7.4
PR,77658,PINHÃO,34842,34150,60.04,33.68,50.42,42.72,-9.62,9.05
PR,77674,PIRAÍ DO SUL,28570,28096,36.46,54.53,29.25,61.68,-7.22,7.16
PR,77690,PIRAQUARA,105402,108818,41.79,49.14,35.8,53.62,-5.99,4.48
PR,77712,PITANGA,40466,39044,50.71,42.84,39.44,52.07,-11.28,9.24
PR,77739,PLANALTINA DO PARANÁ,5208,5456,51.38,43.36,46.11,47.84,-5.27,4.48
PR,77755,PLANALTO,16616,16310,51.4,44.14,42.11,52.54,-9.29,8.41
PR,77771,PONTA GROSSA,395738,396660,32.26,55.51,28.3,59.42,-3.96,3.91
PR,77798,PORECATU,14806,14282,47.58,45.89,44.29,48.77,-3.28,2.89
PR,77810,PORTO AMAZONAS,5872,5794,34.98,55.96,28.58,61.06,-6.4,5.1
PR,77836,PORTO RICO,4206,4686,38.99,57.35,28.6,66.79,-10.4,9.45
PR,77852,PORTO VITÓRIA,4888,5086,41.12,50.25,33.46,58.32,-7.66,8.07
PR,77879,PRESIDENTE CASTELO BRANCO,6098,5890,53.3,40.93,45.37,47.4,-7.93,6.47
PR,77895,PRIMEIRO DE MAIO,13628,12848,33.8,60.89,27.19,68.14,-6.6,7.25
PR,77917,PRUDENTÓPOLIS,60626,61166,24.72,67.96,20.52,71.36,-4.19,3.39
PR,77933,QUATIGUÁ,10300,10060,35.42,60.16,29.17,65.09,-6.25,4.93
PR,77950,QUATRO BARRAS,26540,27836,30.2,60.44,26.41,64.08,-3.78,3.64
PR,77976,QUERÊNCIA DO NORTE,12758,12292,52.45,43.3,46.65,48.55,-5.81,5.25
PR,77992,QUINTA DO SOL,6642,6710,48.6,45.59,41.46,53.14,-7.14,7.56
PR,78018,QUITANDINHA,21906,22694,31.48,61.77,24.72,68.56,-6.76,6.79
PR,78034,RANCHO ALEGRE,4864,4984,39.27,55.8,32.78,61.12,-6.48,5.32
PR,78050,REALEZA,22518,22618,41.89,53.23,34.57,60.16,-7.32,6.93
PR,78077,REBOUÇAS,19362,19008,44.49,47.79,33.33,58.15,-11.16,10.36
PR,78093,RENASCENÇA,8536,8400,50.52,44.7,40.21,54.74,-10.3,10.03
PR,78115,RESERVA,29964,29152,44.25,49.17,35.24,58.6,-9.01,9.42
PR,78131,RIBEIRÃO CLARO,14198,14182,43.82,51.64,35.21,58.07,-8.61,6.43
PR,78158,RIBEIRÃO DO PINHAL,15336,14266,55.62,38.09,46.89,46.12,-8.73,8.03
PR,78174,RIO AZUL,18042,18442,31.93,59.01,20.21,70.98,-11.71,11.97
PR,78190,RIO BOM,4630,4674,41.56,50.15,36.88,54.94,-4.67,4.79
PR,78212,RIO BRANCO DO SUL,42430,42412,50.3,43.58,41.96,50.97,-8.34,7.39
PR,78239,RIO NEGRO,37012,37096,25.29,65.56,20.05,71.1,-5.24,5.54
PR,78255,ROLÂNDIA,74440,73498,27.18,65.73,23.72,68.23,-3.46,2.5
PR,78271,RONCADOR,13422,13626,52.53,41.93,43.51,49.67,-9.02,7.74
PR,78298,RONDON,11362,10866,37.79,57.4,31.4,63.3,-6.39,5.9
PR,78310,SABÁUDIA,9698,10562,26.05,68.63,22.42,70.29,-3.63,1.66
PR,78336,SALGADO FILHO,5766,5928,50.09,44.4,37.38,55.33,-12.7,10.93
PR,78352,SALTO DO ITARARÉ,6554,6914,52.12,40.89,41.6,51.61,-10.52,10.71
PR,78379,SALTO DO LONTRA,17918,17470,62.08,34.01,48.73,45.0,-13.35,10.99
PR,78395,SANTA AMÉLIA,4698,4678,45.3,50.79,38.39,58.02,-6.9,7.23
PR,78417,SANTA CECÍLIA DO PAVÃO,4720,4982,45.97,47.12,40.55,53.23,-5.43,6.11
PR,78433,SANTA CRUZ DE MONTE CASTELO,10350,10500,43.61,52.25,35.81,59.71,-7.8,7.46
PR,78450,SANTA FÉ,13898,13946,38.75,56.44,32.58,62.2,-6.17,5.76
PR,78476,SANTA INÊS,2800,2818,54.43,40.93,49.18,44.57,-5.24,3.64
PR,78492,SANTA ISABEL DO IVAÍ,10696,10640,34.54,59.78,30.39,64.59,-4.14,4.81
PR,78514,SANTA IZABEL DO OESTE,14416,13762,47.71,48.0,38.7,56.3,-9.01,8.3
PR,78530,SANTA MARIANA,13908,13816,47.86,46.75,42.11,51.27,-5.75,4.52
PR,78557,SANTANA DO ITARARÉ,6776,6940,51.18,43.51,38.85,54.35,-12.33,10.85
PR,78573,SANTO ANTÔNIO DO SUDOESTE,24140,24776,50.17,45.28,41.2,54.12,-8.97,8.85
PR,78590,SANTO ANTÔNIO DA PLATINA,49208,46880,35.06,58.42,30.1,62.54,-4.95,4.12
PR,78611,SANTO ANTÔNIO DO CAIUÁ,3590,3752,59.72,34.43,51.6,43.92,-8.12,9.49
PR,78638,SANTO ANTÔNIO DO PARAÍSO,3448,3412,48.55,43.56,43.32,51.47,-5.23,7.9
PR,78654,SANTO INÁCIO,7436,7284,50.43,45.4,41.35,52.44,-9.08,7.04
PR,78670,SÃO CARLOS DO IVAÍ,8392,8074,38.92,57.22,30.99,64.9,-7.93,7.68
PR,78697,SÃO JERÔNIMO DA SERRA,12276,12068,55.26,38.17,49.97,44.2,-5.3,6.03
PR,78719,SÃO JOÃO,14506,14578,43.57,51.17,33.34,60.93,-10.23,9.76
PR,78735,SÃO JOÃO DO CAIUÁ,7314,7276,58.08,35.96,51.35,43.76,-6.73,7.8
PR,78751,SÃO JOÃO DO IVAÍ,13404,13580,49.05,44.36,41.44,50.93,-7.6,6.57
PR,78778,SÃO JOÃO DO TRIUNFO,18130,18034,58.57,33.76,37.81,51.6,-20.76,17.85
PR,78794,SÃO JORGE DO IVAÍ,7458,7852,35.61,58.65,25.78,69.94,-9.84,11.3
PR,78816,SÃO JORGE D OESTE,13180,13110,45.61,49.73,36.74,58.2,-8.88,8.47
PR,78832,SÃO JOSÉ DA BOA VISTA,7096,7284,35.37,58.29,29.54,62.3,-5.83,4.01
PR,78859,SÃO JOSÉ DOS PINHAIS,330018,347416,32.01,57.77,28.2,60.8,-3.81,3.03
PR,78875,SÃO MATEUS DO SUL,53418,52558,44.84,46.22,33.77,56.19,-11.07,9.97
PR,78891,SÃO MIGUEL DO IGUAÇU,34578,34388,36.0,59.91,30.84,64.14,-5.16,4.23
PR,78913,SÃO PEDRO DO IVAÍ,10666,10556,41.27,51.53,34.9,58.79,-6.37,7.26
PR,78930,SÃO PEDRO DO PARANÁ,3922,4168,33.04,62.83,27.11,68.09,-5.93,5.27
PR,78956,SÃO SEBASTIÃO DA AMOREIRA,10322,9808,50.47,43.79,44.23,48.74,-6.25,4.95
PR,78972,SÃO TOMÉ,7262,7184,35.33,57.95,30.96,62.11,-4.38,4.16
PR,78999,SAPOPEMA,7978,8102,51.32,43.27,42.11,50.83,-9.2,7.56
PR,79014,SENGÉS,20310,20510,38.43,55.66,29.22,64.18,-9.22,8.53
PR,79030,SERTANEJA,7626,7588,40.31,53.74,32.87,60.96,-7.44,7.23
PR,79057,SERTANÓPOLIS,20530,20336,27.14,67.15,22.97,71.25,-4.17,4.1
PR,79073,SIQUEIRA CAMPOS,23694,24116,46.89,44.93,35.96,54.75,-10.93,9.82
PR,79090,TAMBOARA,6226,6200,38.68,55.35,31.45,62.84,-7.22,7.49
PR,79111,TAPEJARA,18166,17270,39.12,56.51,32.32,62.22,-6.8,5.71
PR,79138,TEIXEIRA SOARES,12510,12348,39.78,51.96,30.84,60.56,-8.94,8.6
PR,79154,TELÊMACO BORBA,80582,78396,38.89,52.53,31.32,59.39,-7.57,6.86
PR,79170,TERRA BOA,20484,19918,31.99,61.53,27.08,65.89,-4.9,4.36
PR,79197,TERRA RICA,17764,17414,35.24,58.94,30.61,63.28,-4.63,4.34
PR,79219,TERRA ROXA,21144,20946,30.45,65.41,26.7,68.43,-3.75,3.02
PR,79235,TIBAGI,22076,21408,48.42,43.77,37.96,53.7,-10.47,9.93
PR,79251,TIJUCAS DO SUL,18902,20462,42.47,49.02,35.2,56.17,-7.27,7.15
PR,79278,TOLEDO,166436,171136,29.71,62.93,26.1,66.12,-3.61,3.2
PR,79294,TOMAZINA,9932,10198,42.77,49.62,34.83,57.89,-7.94,8.28
PR,79316,TUNEIRAS DO OESTE,10100,10306,37.21,58.42,31.67,62.66,-5.54,4.25
PR,79332,UBIRATÃ,29602,29578,33.73,60.46,28.8,65.34,-4.94,4.88
PR,79359,UMUARAMA,124410,126980,27.14,65.87,23.72,69.01,-3.42,3.14
PR,79375,UNIÃO DA VITÓRIA,61084,59982,36.77,54.3,29.96,60.55,-6.81,6.25
PR,79391,UNIFLOR,3500,3476,51.77,43.83,44.88,50.52,-6.89,6.69
PR,79413,URAÍ,13510,13012,39.59,53.43,33.95,58.96,-5.63,5.53
PR,79430,WENCESLAU BRAZ,21660,21326,34.76,58.17,29.69,62.91,-5.07,4.74
PR,79456,VERÊ,11570,11306,54.3,41.47,41.84,53.49,-12.46,12.02
PR,79472,VITORINO,8770,9678,38.88,54.87,30.75,63.55,-8.13,8.68
PR,79499,XAMBRÊ,8240,8076,40.8,54.03,35.34,59.01,-5.46,4.99
PR,79510,ALTÔNIA,22098,21916,31.69,61.66,26.4,66.72,-5.29,5.06
PR,79537,ASSIS CHATEAUBRIAND,42206,42090,34.27,59.86,28.31,65.45,-5.95,5.6
PR,79553,QUEDAS DO IGUAÇU,35870,34952,40.49,55.71,35.46,59.19,-5.03,3.48
PR,79570,CÉU AZUL,13986,13970,23.87,70.37,19.89,75.12,-3.98,4.75
PR,79596,GRANDES RIOS,7410,7196,34.49,59.62,30.41,62.81,-4.09,3.19
PR,79618,INDIANÓPOLIS,5866,5738,37.3,56.09,32.87,60.96,-4.43,4.88
PR,79634,MATINHOS,44838,47978,38.97,52.66,35.56,55.45,-3.4,2.79
PR,79650,NOVA AURORA,16024,15688,34.65,60.42,29.81,64.94,-4.84,4.52
PR,79677,NOVA OLÍMPIA,7614,7404,36.33,59.6,31.01,63.75,-5.32,4.15
PR,79693,PÉROLA,13946,13990,38.32,56.47,30.36,62.94,-7.95,6.47
PR,79715,SANTA HELENA,33356,33258,38.16,58.16,31.51,63.41,-6.66,5.25
PR,79731,TAPIRA,7264,6860,43.39,51.57,37.9,57.58,-5.49,6.01
PR,79758,MARILENA,8814,8966,56.86,38.55,47.54,46.33,-9.33,7.78
PR,79774,FRANCISCO ALVES,9082,8884,36.84,59.35,30.84,64.3,-6.0,4.95
PR,79790,NOVA SANTA ROSA,11688,11956,14.84,82.2,13.01,82.57,-1.82,0.37
PR,79812,BOA VISTA DA APARECIDA,10518,10858,48.18,45.79,40.32,53.6,-7.86,7.81
PR,79839,BRAGANEY,6996,6752,45.08,49.63,36.29,57.85,-8.8,8.22
PR,79855,CAFELÂNDIA,20832,21278,32.12,62.42,26.02,66.83,-6.11,4.41
PR,79871,TRÊS BARRAS DO PARANÁ,14524,14374,42.61,53.13,35.05,60.23,-7.56,7.11
PR,79898,VERA CRUZ DO OESTE,10428,10298,37.9,57.02,32.01,63.26,-5.89,6.24
PR,79910,PRANCHITA,7604,7720,40.32,54.55,30.41,64.4,-9.91,9.85
PR,79936,TUPÃSSI,10020,10058,26.27,69.36,22.95,72.38,-3.32,3.02
PR,79952,NOVA PRATA DO IGUAÇU,13984,14178,54.05,41.83,43.38,51.7,-10.67,9.87
PR,79979,JESUÍTAS,11510,11620,37.67,56.21,31.94,61.91,-5.73,5.7
PR,79995,SÃO JORGE DO PATROCÍNIO,8026,8080,39.27,55.74,33.54,61.93,-5.73,6.19
PR,84514,CANTAGALO,13700,13200,57.36,37.75,46.27,47.61,-11.08,9.85
PR,84530,TURVO,18348,18506,58.22,34.84,45.89,46.73,-12.33,11.89
PR,84557,ALTAMIRA DO PARANÁ,5120,5136,54.34,38.87,43.96,49.07,-10.37,10.2
PR,84573,FIGUEIRA,9662,9142,57.09,37.26,49.33,45.31,-7.76,8.05
PR,84590,LUNARDELLI,6414,6358,43.65,49.73,38.6,54.92,-5.06,5.19
PR,84611,SARANDI,101842,104286,42.07,49.14,34.06,56.2,-8.02,7.06
PR,84638,JURANDA,9576,9924,37.05,58.08,28.46,66.4,-8.59,8.32
PR,84654,DOURADINA,10460,10930,36.29,58.95,28.27,65.67,-8.02,6.72
PR,84670,SANTA TEREZINHA DE ITAIPU,28770,29830,29.09,65.97,24.95,69.68,-4.13,3.71
PR,84697,MISSAL,15090,15898,32.18,63.46,26.43,67.53,-5.75,4.07
PR,84719,SÃO JOSÉ DAS PALMEIRAS,5276,5352,52.12,41.62,45.25,48.62,-6.87,6.99
RJ,58009,QUISSAMÃ,28890,28956,50.53,43.43,41.64,52.15,-8.89,8.72
RJ,58017,ANGRA DOS REIS,195578,202018,32.65,61.81,31.54,62.17,-1.11,0.37
RJ,58025,QUATIS,16862,16810,48.21,45.34,42.36,50.83,-5.86,5.48
RJ,58033,ARARUAMA,151072,164394,30.54,61.95,28.53,64.98,-2.01,3.04
RJ,58041,BELFORD ROXO,502668,505366,38.9,54.79,36.32,57.26,-2.58,2.47
RJ,58050,BARRA DO PIRAÍ,104084,100864,47.26,44.44,43.56,48.63,-3.7,4.2
RJ,58068,CARDOSO MOREIRA,17388,19378,37.41,57.21,31.72,62.07,-5.69,4.86
RJ,58076,BARRA MANSA,205974,199968,43.52,48.37,39.82,52.38,-3.71,4.01
RJ,58084,VARRE-SAI,12864,13472,33.46,59.87,31.21,62.63,-2.25,2.76
RJ,58092,BOM JARDIM,32212,33596,39.26,51.62,35.1,56.88,-4.16,5.26
RJ,58106,GUAPIMIRIM,63728,67544,37.84,55.21,34.4,58.73,-3.45,3.53
RJ,58114,BOM JESUS DO ITABAPOANA,44942,43608,41.9,51.88,37.68,56.09,-4.22,4.21
RJ,58122,QUEIMADOS,153870,165600,39.54,53.41,37.05,55.31,-2.49,1.9
RJ,58130,CABO FRIO,243064,263948,30.93,61.86,30.27,63.05,-0.66,1.19
RJ,58149,JAPERI,112240,113480,40.78,53.01,39.16,54.35,-1.63,1.34
RJ,58157,CACHOEIRAS DE MACACU,67784,69742,37.6,56.11,34.17,59.62,-3.42,3.51
RJ,58165,COMENDADOR LEVY GASPARIAN,13132,13078,56.14,37.19,50.3,41.49,-5.84,4.3
RJ,58173,CAMBUCI,18978,19240,48.11,46.56,44.17,51.27,-3.94,4.71
RJ,58181,APERIBÉ,15382,15944,38.77,55.78,33.19,61.68,-5.58,5.9
RJ,58190,CAMPOS DOS GOYTACAZES,549524,544328,34.16,58.01,33.47,59.1,-0.69,1.1
RJ,58203,RIO DAS OSTRAS,140256,159530,33.47,59.38,31.9,60.66,-1.57,1.28
RJ,58211,CANTAGALO,23966,23222,43.65,49.16,39.77,53.38,-3.88,4.22
RJ,58220,AREAL,15246,15686,38.03,53.15,33.95,58.08,-4.08,4.92
RJ,58238,CARMO,22496,22520,51.9,41.92,43.69,48.56,-8.21,6.64
RJ,58246,PINHEIRAL,28042,28468,52.04,41.0,46.64,45.64,-5.4,4.64
RJ,58254,CASIMIRO DE ABREU,50036,53516,30.66,63.22,28.34,65.76,-2.32,2.53
RJ,58262,IGUABA GRANDE,40306,47746,29.69,63.36,28.37,65.0,-1.32,1.64
RJ,58270,CONCEIÇÃO DE MACABU,26360,25728,49.62,42.91,46.74,46.32,-2.88,3.42
RJ,58289,SÃO FRANCISCO DE ITABAPOANA,54430,56640,32.31,61.84,28.25,66.67,-4.06,4.83
RJ,58297,CORDEIRO,26128,26982,43.42,49.59,39.32,53.44,-4.1,3.85
RJ,58300,CARAPEBUS,19516,21178,42.04,52.66,36.79,57.83,-5.24,5.17
RJ,58319,DUAS BARRAS,15304,15620,47.7,44.2,41.6,50.18,-6.1,5.98
RJ,58327,PORTO REAL,27632,28556,41.62,52.13,35.52,57.23,-6.1,5.11
RJ,58335,DUQUE DE CAXIAS,1007960,982892,40.1,53.18,37.26,55.81,-2.84,2.64
RJ,58343,SÃO JOSÉ DE UBÁ,11454,11714,36.21,57.43,32.12,63.12,-4.1,5.69
RJ,58351,ENGENHEIRO PAULO DE FRONTIN,17404,17626,47.06,45.3,41.44,51.08,-5.62,5.78
RJ,58360,TANGUÁ,39708,40684,40.78,53.56,37.02,56.58,-3.77,3.02
RJ,58378,ITABORAÍ,265014,261634,40.4,52.96,37.98,54.88,-2.42,1.93
RJ,58386,MACUCO,11204,11622,48.57,44.88,43.09,50.7,-5.48,5.82
RJ,58394,ITAGUAÍ,142522,150654,33.92,58.93,32.81,59.69,-1.11,0.77
RJ,58408,ARMAÇÃO DOS BÚZIOS,48914,54672,31.94,61.5,30.09,63.26,-1.85,1.77
RJ,58416,ITAOCARA,30416,29858,32.57,60.93,28.89,65.38,-3.68,4.45
RJ,58424,SEROPÉDICA,88320,90518,36.29,56.76,34.76,58.62,-1.54,1.86
RJ,58432,ITAPERUNA,111690,112544,32.6,60.95,30.23,63.83,-2.37,2.88
RJ,58440,ITATIAIA,38818,40128,40.97,51.25,35.71,56.17,-5.26,4.92
RJ,58459,LAJE DO MURIAÉ,10964,10708,57.73,37.25,53.1,41.28,-4.63,4.03
RJ,58467,MESQUITA,208132,202994,37.18,55.85,35.55,57.91,-1.62,2.05
RJ,58475,MACAÉ,253828,276052,42.94,49.42,40.39,52.07,-2.56,2.65
RJ,58491,MAGÉ,297810,295160,38.64,55.0,35.11,57.92,-3.53,2.92
RJ,58513,MANGARATIBA,56912,65880,34.72,58.79,32.22,61.99,-2.5,3.2
RJ,58530,MARICÁ,220998,277748,45.81,47.79,43.18,49.82,-2.62,2.03
RJ,58556,MENDES,23384,22626,46.6,45.39,43.9,48.87,-2.71,3.48
RJ,58572,MIGUEL PEREIRA,35956,36924,39.32,52.86,36.16,56.87,-3.16,4.01
RJ,58599,MIRACEMA,33132,32546,51.3,42.36,48.6,45.35,-2.7,2.99
RJ,58610,NATIVIDADE,18954,18434,45.51,47.47,41.84,50.43,-3.67,2.96
RJ,58637,NILÓPOLIS,201136,192028,37.79,54.83,36.86,56.46,-0.93,1.63
RJ,58653,NITERÓI,633088,637430,46.56,42.9,48.35,43.71,1.79,0.81
RJ,58670,NOVA FRIBURGO,225516,226832,37.16,53.32,34.81,56.02,-2.35,2.71
RJ,58696,NOVA IGUAÇU,921586,899760,35.8,57.27,33.68,59.45,-2.11,2.18
RJ,58718,PARACAMBI,51354,50326,38.27,55.16,38.94,54.05,0.67,-1.11
RJ,58734,PARAÍBA DO SUL,50448,50794,41.18,50.06,39.33,52.79,-1.85,2.73
RJ,58750,PARATY,48426,52050,34.72,59.12,33.13,60.55,-1.59,1.43
RJ,58777,PETRÓPOLIS,352364,342830,33.98,55.23,33.59,55.88,-0.4,0.65
RJ,58793,PIRAÍ,34760,35020,46.05,46.31,43.0,49.57,-3.05,3.26
RJ,58815,PORCIÚNCULA,20254,19708,52.2,41.3,47.99,45.42,-4.21,4.13
RJ,58831,RESENDE,143404,144554,35.69,55.04,31.18,59.81,-4.51,4.77
RJ,58858,RIO BONITO,69534,69618,32.59,59.75,31.13,61.96,-1.46,2.21
RJ,58874,RIO CLARO,23186,22876,48.73,44.54,45.59,46.97,-3.13,2.43
RJ,58890,RIO DAS FLORES,12780,13244,61.61,32.02,57.1,37.39,-4.51,5.37
RJ,58912,SANTA MARIA MADALENA,13404,13246,47.94,44.06,42.99,49.48,-4.95,5.42
RJ,58939,SANTO ANTÔNIO DE PÁDUA,48378,49378,37.61,56.46,33.91,60.14,-3.7,3.69
RJ,58955,SÃO FIDÉLIS,45848,45606,34.15,59.92,31.7,62.48,-2.45,2.56
RJ,58971,SÃO GONÇALO,984442,945304,42.4,50.09,40.41,52.37,-1.99,2.28
RJ,58998,SÃO JOÃO DA BARRA,58504,66004,37.24,56.06,32.29,59.95,-4.95,3.9
RJ,59013,SÃO JOÃO DE MERITI,551614,522522,38.93,54.3,36.75,56.48,-2.18,2.18
RJ,59030,SÃO PEDRO DA ALDEIA,104298,112596,26.31,67.09,25.62,68.04,-0.69,0.95
RJ,59056,SÃO SEBASTIÃO DO ALTO,12092,11442,44.49,50.03,38.12,56.77,-6.37,6.74
RJ,59072,SAPUCAIA,24788,24046,41.49,52.99,37.39,56.67,-4.1,3.68
RJ,59099,SAQUAREMA,107762,137294,32.52,60.63,29.55,64.35,-2.96,3.72
RJ,59110,SILVA JARDIM,28606,28558,35.82,57.92,31.16,62.55,-4.65,4.64
RJ,59137,SUMIDOURO,21640,22720,32.68,61.92,29.45,64.84,-3.23,2.92
RJ,59153,TERESÓPOLIS,190448,196130,29.09,62.06,28.67,62.8,-0.43,0.73
RJ,59170,TRAJANO DE MORAES,13538,14220,50.21,43.24,43.91,50.08,-6.3,6.84
RJ,59196,TRÊS RIOS,94718,92846,50.1,42.04,45.23,46.07,-4.87,4.02
RJ,59218,VALENÇA,81206,79766,54.33,37.11,51.31,40.64,-3.02,3.53
RJ,59234,VASSOURAS,44678,44280,45.94,46.46,42.08,50.19,-3.86,3.73
RJ,59250,VOLTA REDONDA,345090,329916,44.54,47.14,42.06,50.06,-2.47,2.92
RJ,59277,ARRAIAL DO CABO,47130,52870,34.23,59.06,32.73,60.37,-1.5,1.31
RJ,59293,ITALVA,17114,17694,32.99,61.65,27.77,67.11,-5.22,5.46
RJ,59315,PATY DO ALFERES,35198,36920,35.02,57.34,30.98,62.36,-4.05,5.01
RJ,59331,SÃO JOSÉ DO VALE DO RIO PRETO,25006,24880,19.4,74.09,18.6,74.11,-0.79,0.02
RJ,60011,RIO DE JANEIRO,7216568,6943748,43.47,47.0,43.91,47.88,0.44,0.88
RN,16004,TENENTE LAURENTINO CRUZ,8178,8748,71.0,23.87,66.21,28.81,-4.79,4.94
RN,16012,ACARI,14214,14240,66.17,27.69,59.78,34.24,-6.4,6.55
RN,16020,SERRA DO MEL,18870,21838,62.38,31.9,57.36,36.69,-5.03,4.79
RN,16039,ASSÚ,68784,70678,72.43,22.3,68.39,26.53,-4.03,4.23
RN,16047,CAIÇARA DO NORTE,8278,8432,66.34,28.61,60.15,34.87,-6.19,6.26
RN,16055,AFONSO BEZERRA,15394,16250,69.94,24.48,66.88,28.58,-3.06,4.1
RN,16063,SÃO MIGUEL DO GOSTOSO,13896,15278,65.75,29.46,60.62,34.62,-5.12,5.16
RN,16071,ÁGUA NOVA,4500,4802,85.07,10.84,77.88,16.99,-7.18,6.15
RN,16080,ITAJÁ,10270,11550,71.3,24.44,66.82,29.32,-4.47,4.88
RN,16098,ALEXANDRIA,17636,18188,83.28,12.8,78.4,18.4,-4.88,5.59
RN,16101,BODÓ,5262,5610,78.11,17.98,74.65,21.46,-3.45,3.48
RN,16110,ALMINO AFONSO,8318,8338,79.78,15.68,78.53,18.21,-1.25,2.53
RN,16128,TRIUNFO POTIGUAR,6462,6906,69.45,26.59,63.42,32.29,-6.03,5.7
RN,16136,ALTO DO RODRIGUES,17862,18362,78.26,17.04,75.13,19.73,-3.12,2.68
RN,16144,FERNANDO PEDROZA,5192,5434,69.07,25.54,64.89,32.06,-4.18,6.52
RN,16152,ANGICOS,15736,16114,66.88,27.59,65.22,30.21,-1.66,2.62
RN,16160,MAJOR SALES,4968,4972,81.48,14.33,78.2,17.62,-3.28,3.29
RN,16179,ANTÔNIO MARTINS,9344,9502,83.8,12.89,80.13,16.75,-3.67,3.87
RN,16187,VENHA-VER,5488,5746,84.88,10.68,77.34,18.48,-7.54,7.8
RN,16195,APODI,47498,49326,74.3,18.58,70.15,23.68,-4.15,5.1
RN,16209,SERRINHA DOS PINTOS,6548,6780,81.52,14.6,77.43,19.2,-4.09,4.6
RN,16217,AREIA BRANCA,32520,33084,66.44,27.6,61.87,32.15,-4.57,4.56
RN,16225,TIBAU,10284,13420,66.65,28.69,57.45,37.47,-9.2,8.78
RN,16233,AREZ,17542,17428,68.24,26.93,62.82,33.27,-5.42,6.34
RN,16241,SANTA MARIA,7278,8002,70.35,25.23,62.53,32.84,-7.81,7.62
RN,16250,CAMPO GRANDE,13604,13796,68.98,25.68,66.54,29.31,-2.44,3.63
RN,16268,RIO DO FOGO,15936,17498,59.81,35.3,56.02,39.64,-3.8,4.34
RN,16276,BAÍA FORMOSA,10846,11302,61.35,33.3,58.95,36.19,-2.4,2.89
RN,16284,PORTO DO MANGUE,7764,8020,77.31,17.67,74.31,20.52,-2.99,2.85
RN,16292,BARCELONA,7284,7418,60.43,34.43,57.21,38.64,-3.22,4.2
RN,16306,JUNDIÁ,6656,7448,65.38,28.55,60.45,34.43,-4.94,5.88
RN,16314,BENTO FERNANDES,7836,7978,77.23,18.5,72.75,23.24,-4.48,4.73
RN,16330,BOM JESUS,13632,14324,63.01,32.72,60.79,34.43,-2.22,1.71
RN,16357,BREJINHO,15148,15058,66.87,27.3,63.09,32.2,-3.78,4.89
RN,16373,CAIÇARA DO RIO DO VENTO,6118,6762,71.92,23.34,65.31,30.26,-6.61,6.92
RN,16390,CAICÓ,71614,72568,64.36,30.21,58.91,35.11,-5.44,4.9
RN,16411,CAMPO REDONDO,13096,13384,81.19,15.33,76.96,19.87,-4.23,4.54
RN,16438,CANGUARETAMA,36592,38316,73.91,21.43,69.84,25.95,-4.07,4.52
RN,16454,CARAÚBAS,29858,30152,76.48,18.13,73.28,21.86,-3.2,3.72
RN,16470,CARNAÚBA DOS DANTAS,9326,9866,54.36,37.53,48.29,41.78,-6.08,4.25
RN,16497,CARNAUBAIS,13890,13520,74.76,19.32,70.87,24.22,-3.89,4.89
RN,16519,CEARÁ-MIRIM,89736,94238,71.08,23.63,67.69,27.5,-3.39,3.87
RN,16535,CERRO CORÁ,13544,14272,75.95,18.67,71.89,23.26,-4.06,4.6
RN,16551,CORONEL EZEQUIEL,6968,7664,74.89,19.0,68.63,26.64,-6.25,7.64
RN,16578,CORONEL JOÃO PESSOA,6200,6316,80.87,14.52,76.95,17.99,-3.92,3.47
RN,16594,CRUZETA,10452,10796,74.05,20.74,67.69,27.4,-6.36,6.66
RN,16616,CURRAIS NOVOS,48222,50350,61.28,32.49,59.27,34.99,-2.01,2.5
RN,16632,DOUTOR SEVERIANO,9564,10090,83.02,12.13,80.2,15.02,-2.82,2.9
RN,16659,ENCANTO,7644,8058,84.54,12.35,77.86,18.84,-6.68,6.49
RN,16675,EQUADOR,7284,7526,67.52,27.43,65.64,29.15,-1.88,1.72
RN,16691,ESPÍRITO SANTO,11492,12070,57.92,39.0,54.78,41.14,-3.14,2.14
RN,16713,EXTREMOZ,45740,62666,55.76,38.62,50.38,43.7,-5.38,5.08
RN,16730,FELIPE GUERRA,11376,11548,80.77,14.86,77.54,18.9,-3.23,4.04
RN,16756,FLORÂNIA,13044,13176,73.15,21.9,68.56,26.14,-4.59,4.24
RN,16772,FRANCISCO DANTAS,4438,4700,80.13,15.77,74.64,20.68,-5.49,4.91
RN,16799,GALINHOS,4162,4506,55.84,39.64,46.21,48.34,-9.63,8.69
RN,16810,GOIANINHA,32898,34670,62.96,31.78,58.91,36.47,-4.05,4.69
RN,16837,GOVERNADOR DIX-SEPT ROSADO,18774,18900,76.6,17.78,72.9,22.57,-3.7,4.79
RN,16853,GROSSOS,14498,15566,67.93,26.85,63.07,31.92,-4.85,5.07
RN,16870,GUAMARÉ,23448,23118,67.81,26.0,63.89,30.1,-3.92,4.1
RN,16896,IELMO MARINHO,17570,18838,66.9,28.12,65.02,29.84,-1.88,1.73
RN,16918,IPANGUAÇU,20064,20160,80.34,16.27,73.78,22.83,-6.56,6.56
RN,16934,IPUEIRA,3384,3580,76.18,17.97,71.28,24.64,-4.9,6.67
RN,16950,ITAÚ,7830,8202,76.22,19.0,71.45,23.8,-4.77,4.8
RN,16977,JAÇANÃ,9368,9984,74.25,20.58,69.87,25.9,-4.38,5.32
RN,16993,JANDAÍRA,9276,10208,70.91,24.82,66.3,29.66,-4.61,4.85
RN,17019,JANDUÍS,6942,7188,80.73,16.68,75.54,21.65,-5.18,4.97
RN,17035,BOA SAÚDE,11678,12354,60.58,34.18,59.33,35.6,-1.24,1.42
RN,17051,JAPI,8522,9056,80.85,14.81,77.96,18.97,-2.89,4.16
RN,17078,JARDIM DE ANGICOS,4766,5202,74.91,18.88,71.7,22.57,-3.2,3.68
RN,17094,JARDIM DE PIRANHAS,17244,18356,80.96,14.69,77.52,18.3,-3.43,3.61
RN,17116,JARDIM DO SERIDÓ,15980,16290,66.28,28.01,61.51,31.91,-4.77,3.9
RN,17132,JOÃO CÂMARA,40984,44058,70.75,24.31,67.42,27.94,-3.33,3.63
RN,17159,JOÃO DIAS,4730,4540,79.79,15.56,74.41,21.76,-5.38,6.2
RN,17175,JOSÉ DA PENHA,8146,8158,84.61,11.91,81.61,15.37,-2.99,3.46
RN,17191,JUCURUTU,24346,24770,72.34,23.3,69.32,26.33,-3.02,3.03
RN,17213,MESSIAS TARGINO,7386,7666,72.76,23.94,67.47,28.67,-5.29,4.73
RN,17230,LAGOA D ANTA,8826,9816,75.8,19.87,73.06,23.63,-2.73,3.76
RN,17256,LAGOA DE PEDRAS,11274,12068,74.45,20.03,68.74,26.33,-5.71,6.31
RN,17272,LAGOA DE VELHOS,5000,5272,65.76,28.96,63.16,31.64,-2.6,2.68
RN,17299,LAGOA NOVA,18450,19226,72.65,22.02,67.71,27.73,-4.94,5.72
RN,17310,LAGOA SALGADA,14258,14414,71.02,23.31,64.78,31.29,-6.24,7.98
RN,17337,LAJES,13938,14606,72.88,21.15,68.57,26.5,-4.31,5.35
RN,17353,LAJES PINTADAS,8190,8344,69.01,25.76,64.6,31.9,-4.41,6.14
RN,17370,LUCRÉCIA,5642,5852,81.53,14.32,76.97,19.38,-4.57,5.06
RN,17396,LUÍS GOMES,11070,10696,85.13,11.24,82.76,15.09,-2.37,3.85
RN,17418,MACAÍBA,83116,85516,62.31,32.17,59.91,34.7,-2.4,2.54
RN,17434,MACAU,33724,33942,75.59,18.94,73.99,20.92,-1.61,1.99
RN,17450,MARCELINO VIEIRA,10884,11322,85.54,11.17,80.83,16.64,-4.7,5.47
RN,17477,MARTINS,10770,11942,75.02,20.0,72.01,24.05,-3.01,4.05
RN,17493,MAXARANGUAPE,14832,16296,66.41,28.84,60.85,34.49,-5.56,5.64
RN,17515,FRUTUOSO GOMES,6492,6832,81.73,14.63,78.37,17.8,-3.36,3.17
RN,17531,MONTANHAS,14008,14606,75.77,19.5,71.41,24.61,-4.36,5.1
RN,17558,MONTE ALEGRE,26408,26798,61.81,32.9,58.0,37.64,-3.8,4.74
RN,17574,MONTE DAS GAMELEIRAS,4350,4928,68.87,26.57,60.06,35.51,-8.81,8.94
RN,17590,MOSSORÓ,288490,300328,61.06,32.15,56.94,36.17,-4.12,4.02
RN,17612,NATAL,899458,872754,50.15,42.01,48.99,44.17,-1.16,2.16
RN,17639,NÍSIA FLORESTA,33424,37258,58.42,37.1,54.61,40.59,-3.81,3.49
RN,17655,NOVA CRUZ,40314,42544,66.5,28.52,61.9,34.03,-4.6,5.51
RN,17671,OLHO D ÁGUA DO BORGES,6792,7222,79.86,14.75,72.14,23.57,-7.72,8.81
RN,17698,OURO BRANCO,6996,7136,73.33,22.01,67.43,27.33,-5.89,5.31
RN,17710,PARANÁ,6270,6484,86.95,9.47,83.28,14.22,-3.67,4.75
RN,17736,PARAÚ,7010,6878,71.75,23.14,67.43,28.0,-4.32,4.86
RN,17752,PARAZINHO,8096,8704,70.01,25.69,65.97,30.72,-4.04,5.03
RN,17779,PARELHAS,26958,27290,58.16,34.56,53.56,37.81,-4.6,3.25
RN,17795,PARNAMIRIM,219872,233086,43.74,48.69,42.12,50.92,-1.62,2.23
RN,17817,PASSA E FICA,14498,15564,64.08,30.17,57.43,37.63,-6.65,7.46
RN,17833,PASSAGEM,5894,7280,62.3,32.58,57.42,37.83,-4.88,5.25
RN,17850,PATU,15296,15924,73.9,21.31,68.93,26.54,-4.97,5.23
RN,17876,PAU DOS FERROS,33112,33710,74.17,21.22,69.26,26.5,-4.92,5.28
RN,17892,PEDRA GRANDE,6504,6552,73.95,21.37,69.96,25.4,-3.99,4.03
RN,17914,PEDRA PRETA,5216,5268,69.1,26.07,64.24,31.62,-4.86,5.55
RN,17930,PEDRO AVELINO,9426,9468,72.03,22.45,67.89,27.71,-4.14,5.27
RN,17957,PEDRO VELHO,17990,18498,72.15,22.97,68.61,27.58,-3.54,4.61
RN,17973,PENDÊNCIAS,17088,16488,77.55,18.15,74.62,21.25,-2.93,3.1
RN,17990,PILÕES,5418,5624,86.56,10.85,82.86,14.44,-3.7,3.59
RN,18015,POÇO BRANCO,17604,18266,78.64,17.11,76.79,19.23,-1.85,2.12
RN,18031,PORTALEGRE,10286,10580,67.96,23.97,62.21,33.42,-5.74,9.45
RN,18058,SERRA CAIADA,13104,13998,69.02,26.88,66.98,29.76,-2.04,2.88
RN,18074,PUREZA,12210,13352,73.37,21.47,71.21,25.31,-2.16,3.84
RN,18090,RAFAEL FERNANDES,7842,7820,81.43,15.25,77.54,19.03,-3.89,3.78
RN,18112,RIACHO DA CRUZ,4554,4556,79.53,15.9,75.15,21.91,-4.38,6.01
RN,18139,RIACHO DE SANTANA,6052,6040,83.58,12.99,80.66,15.56,-2.91,2.58
RN,18155,RIACHUELO,10358,11132,70.81,24.87,64.84,32.0,-5.97,7.13
RN,18171,RODOLFO FERNANDES,6704,7462,77.89,16.56,66.68,29.35,-11.21,12.79
RN,18198,RUY BARBOSA,6298,6504,54.02,41.41,50.34,46.22,-3.68,4.81
RN,18210,SÃO FRANCISCO DO OESTE,6250,6292,75.46,17.66,72.57,22.57,-2.89,4.9
RN,18236,SANTA CRUZ,41186,43444,67.69,27.27,63.99,31.42,-3.7,4.16
RN,18252,SANTANA DO SERIDÓ,4234,4222,62.21,29.0,59.88,30.55,-2.33,1.55
RN,18279,SANTANA DO MATOS,17578,17150,76.5,17.65,74.55,21.56,-1.95,3.92
RN,18295,SANTO ANTÔNIO,28454,29158,70.85,24.0,68.34,27.79,-2.51,3.78
RN,18317,SÃO BENTO DO NORTE,5954,6448,73.83,20.73,66.75,27.57,-7.08,6.85
RN,18333,SÃO BENTO DO TRAIRÍ,6338,6678,72.89,21.99,69.24,26.33,-3.65,4.33
RN,18350,SÃO FERNANDO,5856,6116,71.58,22.92,66.09,28.58,-5.5,5.66
RN,18376,SÃO GONÇALO DO AMARANTE,117382,124008,57.66,36.41,53.95,39.84,-3.71,3.43
RN,18392,SÃO JOÃO DO SABUGI,8606,8638,73.37,20.22,68.97,26.16,-4.39,5.95
RN,18414,SÃO JOSÉ DE MIPIBU,50072,54720,61.83,32.82,57.23,37.61,-4.61,4.79
RN,18430,SÃO JOSÉ DO CAMPESTRE,15824,16272,65.07,30.81,66.22,30.41,1.16,-0.41
RN,18457,SÃO JOSÉ DO SERIDÓ,7218,7360,74.51,19.78,67.42,25.79,-7.09,6.0
RN,18473,SÃO MIGUEL,26212,28506,79.21,15.57,72.95,22.42,-6.25,6.85
RN,18490,SÃO PAULO DO POTENGI,21804,22802,55.82,39.05,51.41,44.03,-4.41,4.98
RN,18511,SÃO PEDRO,9730,10212,70.69,24.58,66.1,29.57,-4.59,4.99
RN,18538,SÃO RAFAEL,11512,11672,70.07,24.11,67.32,27.9,-2.74,3.78
RN,18554,SÃO TOMÉ,14392,14340,55.27,40.63,53.24,43.61,-2.03,2.98
RN,18570,SÃO VICENTE,7996,8568,69.73,25.51,67.27,27.78,-2.46,2.27
RN,18597,SENADOR ELÓI DE SOUZA,8766,9052,71.25,24.62,69.07,27.68,-2.18,3.07
RN,18619,SENADOR GEORGINO AVELINO,6112,5740,65.87,29.12,59.83,35.47,-6.04,6.35
RN,18635,SERRA DE SÃO BENTO,8508,9614,70.31,24.26,64.11,32.16,-6.2,7.9
RN,18651,SERRA NEGRA DO NORTE,9830,9744,68.32,27.32,55.23,40.8,-13.09,13.48
RN,18678,SERRINHA,10468,10882,69.12,24.88,65.48,29.87,-3.64,4.99
RN,18694,SEVERIANO MELO,10722,10868,78.96,14.94,74.22,21.75,-4.74,6.81
RN,18716,SÍTIO NOVO,7630,8068,79.19,16.8,74.74,21.44,-4.45,4.64
RN,18732,TABOLEIRO GRANDE,4694,4342,74.27,21.3,71.26,23.86,-3.01,2.56
RN,18759,TAIPU,16432,16788,76.51,18.24,73.59,21.79,-2.92,3.54
RN,18775,TANGARÁ,17842,18282,64.25,30.23,60.49,34.7,-3.77,4.47
RN,18791,TENENTE ANANIAS,12384,13296,75.9,20.67,65.04,32.07,-10.86,11.4
RN,18813,TIBAU DO SUL,19754,21128,64.41,31.22,58.06,37.96,-6.36,6.74
RN,18830,TIMBAÚBA DOS BATISTAS,4146,4554,68.69,27.11,63.99,31.53,-4.71,4.42
RN,18856,TOUROS,41148,44608,62.4,33.1,59.18,36.44,-3.22,3.34
RN,18872,UMARIZAL,13486,13986,78.16,16.95,75.32,20.96,-2.84,4.01
RN,18899,UPANEMA,18856,19278,59.73,34.72,57.15,38.28,-2.57,3.57
RN,18910,VÁRZEA,7824,9062,64.93,30.73,60.89,35.18,-4.04,4.45
RN,18937,RAFAEL GODEIRO,5736,5874,61.61,33.4,54.27,43.17,-7.34,9.77
RN,18953,VERA CRUZ,15808,17640,65.64,28.76,63.44,31.87,-2.2,3.11
RN,18970,VIÇOSA,2876,2976,76.91,18.01,72.58,23.99,-4.33,5.98
RN,18996,VILA FLOR,4824,5096,73.92,22.22,69.0,27.63,-4.93,5.41
RN,30031,BARAÚNA,32496,34788,67.6,27.65,61.45,33.53,-6.15,5.88
RO,116,PIMENTA BUENO,39468,41580,24.76,69.79,21.74,72.53,-3.02,2.74
RO,132,VILHENA,97058,106510,22.22,71.86,19.39,74.39,-2.83,2.53
RO,159,JARU,58394,61928,23.45,70.98,20.03,74.17,-3.42,3.19
RO,175,OURO PRETO DO OESTE,40974,42704,28.02,66.01,24.08,70.04,-3.94,4.04
RO,19,GUAJARÁ-MIRIM,41110,42898,34.19,59.14,36.48,58.39,2.29,-0.76
RO,191,PRESIDENTE MÉDICI,22424,23646,25.77,67.69,23.74,70.14,-2.03,2.46
RO,213,COSTA MARQUES,13492,13810,37.82,57.56,32.09,63.91,-5.72,6.35
RO,230,COLORADO DO OESTE,19414,19728,26.1,68.2,22.59,71.47,-3.52,3.27
RO,256,ESPIGÃO DO OESTE,35520,36046,24.08,70.56,19.59,74.6,-4.5,4.05
RO,272,CEREJEIRAS,19598,20470,19.93,74.73,17.64,77.63,-2.3,2.89
RO,299,ROLIM DE MOURA,58046,61048,25.97,67.92,22.94,70.44,-3.04,2.52
RO,310,ALTA FLORESTA D OESTE,27436,28022,28.98,65.86,25.22,70.06,-3.77,4.2
RO,337,ALVORADA DO OESTE,16190,16962,34.82,58.88,31.34,63.18,-3.48,4.3
RO,35,PORTO VELHO,538036,572676,34.21,56.83,31.74,59.37,-2.47,2.54
RO,353,SANTA LUZIA D OESTE,9552,10350,33.0,60.2,30.53,63.63,-2.47,3.44
RO,370,NOVA BRASILÂNDIA D OESTE,20532,21640,27.13,67.3,24.21,70.25,-2.91,2.95
RO,396,MACHADINHO D OESTE,32436,36428,29.17,65.43,23.95,70.9,-5.22,5.47
RO,418,SÃO MIGUEL DO GUAPORÉ,25220,26872,31.61,62.21,27.57,66.53,-4.04,4.32
RO,434,NOVA MAMORÉ,26298,29980,23.1,73.21,18.55,78.26,-4.54,5.04
RO,450,CABIXI,7030,7740,32.32,62.76,27.03,68.37,-5.29,5.61
RO,477,CANDEIAS DO JAMARI,26758,30392,38.3,55.68,32.01,61.27,-6.29,5.59
RO,493,ITAPUÃ DO OESTE,8946,10672,38.16,55.47,27.83,64.84,-10.33,9.38
RO,51,JI-PARANÁ,135910,148192,24.24,69.79,22.54,71.3,-1.7,1.51
RO,515,NOVO HORIZONTE DO OESTE,10634,11430,34.85,58.81,30.39,63.67,-4.46,4.86
RO,531,CASTANHEIRAS,4500,5308,39.42,54.93,33.12,60.89,-6.3,5.96
RO,558,VALE DO PARAÍSO,8700,8646,34.87,59.93,31.37,63.73,-3.51,3.8
RO,566,URUPÁ,13248,14284,32.59,61.93,28.38,66.72,-4.21,4.79
RO,574,MIRANTE DA SERRA,12756,12990,36.58,58.18,32.72,61.63,-3.86,3.45
RO,582,SERINGUEIRAS,14482,15464,34.0,60.78,29.07,66.18,-4.93,5.4
RO,590,THEOBROMA,11346,11822,31.46,62.03,27.71,67.1,-3.75,5.06
RO,604,MINISTRO ANDREAZZA,9036,9624,34.0,60.58,30.57,64.28,-3.43,3.7
RO,612,GOVERNADOR JORGE TEIXEIRA,10580,11266,29.17,64.56,23.77,70.1,-5.4,5.55
RO,620,CACAULÂNDIA,5848,6066,24.73,69.97,19.75,75.11,-4.98,5.13
RO,639,ALTO PARAÍSO,16812,18452,24.29,71.62,18.92,77.06,-5.37,5.45
RO,647,RIO CRESPO,4714,5258,25.41,69.58,20.5,75.35,-4.91,5.77
RO,655,CORUMBIARA,8582,8990,35.42,58.1,29.3,65.49,-6.12,7.4
RO,663,MONTE NEGRO,14322,15368,25.36,69.39,21.63,73.05,-3.73,3.66
RO,671,CAMPO NOVO DE RONDÔNIA,10912,11650,27.29,66.84,21.8,72.41,-5.49,5.57
RO,680,CUJUBIM,15504,16906,23.35,72.28,17.52,78.45,-5.83,6.17
RO,698,VALE DO ANARI,9298,10170,28.09,65.84,24.98,69.3,-3.12,3.46
RO,701,PARECIS,4886,5804,39.17,55.1,32.46,60.82,-6.71,5.72
RO,710,SÃO FELIPE D OESTE,6680,7018,30.45,61.71,28.7,65.35,-1.75,3.64
RO,728,PRIMAVERA DE RONDÔNIA,4388,4872,26.48,67.73,22.17,71.67,-4.31,3.94
RO,736,ALTO ALEGRE DOS PARECIS,12576,13776,31.12,62.99,28.03,67.17,-3.09,4.18
RO,744,NOVA UNIÃO,8114,8548,43.11,52.48,38.23,56.72,-4.88,4.24
RO,752,TEIXEIRÓPOLIS,5950,6210,37.18,58.69,33.33,62.42,-3.84,3.73
RO,779,BURITIS,31092,34956,20.9,74.63,16.53,78.92,-4.37,4.29
RO,78,ARIQUEMES,100492,109184,20.97,73.52,18.21,76.3,-2.77,2.78
RO,787,PIMENTEIRAS DO OESTE,2966,3472,33.85,60.82,27.94,68.26,-5.91,7.44
RO,795,SÃO FRANCISCO DO GUAPORÉ,18418,19874,28.59,66.91,22.24,72.26,-6.35,5.34
RO,809,CHUPINGUAIA,10060,10788,33.46,62.37,26.44,69.56,-7.02,7.19
RO,94,CACOAL,99732,107628,24.04,69.55,22.48,70.15,-1.55,0.6
RR,3000,CAROEBE,11036,12946,19.46,75.41,18.55,77.07,-0.91,1.67
RR,3018,BOA VISTA,376890,390388,19.12,72.26,19.24,73.38,0.12,1.11
RR,3026,IRACEMA,9648,11966,29.46,64.55,21.64,73.27,-7.81,8.72
RR,3034,CARACARAÍ,22870,24340,28.1,65.98,24.54,70.65,-3.55,4.67
RR,3042,AMAJARI,10968,12686,21.75,73.03,22.48,73.07,0.73,0.04
RR,3050,ALTO ALEGRE,18140,22212,26.04,67.59,23.92,71.59,-2.12,4.01
RR,3069,CANTÁ,22084,28722,26.41,66.76,25.53,69.89,-0.87,3.13
RR,3077,BONFIM,16908,19784,30.73,64.92,30.7,66.36,-0.03,1.44
RR,3085,RORAINÓPOLIS,32430,37188,26.99,67.35,22.53,72.62,-4.46,5.27
RR,3093,MUCAJAÍ,20364,23468,21.92,73.08,17.23,78.56,-4.69,5.48
RR,3107,UIRAMUTÃ,10808,15590,66.62,31.62,68.95,29.85,2.34,-1.77
RR,3115,NORMANDIA,13128,16494,40.92,56.09,43.14,53.84,2.22,-2.26
RR,3123,PACARAIMA,13344,15882,34.16,61.51,38.6,58.17,4.44,-3.34
RR,3131,SÃO JOÃO DA BALIZA,8292,9458,33.02,60.76,24.4,70.18,-8.62,9.43
RR,3158,SÃO LUIZ,9828,9966,28.86,65.53,24.88,70.5,-3.97,4.97
RS,84735,ÁUREA,5364,5384,37.81,55.37,24.15,68.76,-13.66,13.39
RS,84743,TRÊS ARROIOS,4018,4108,32.06,58.98,22.15,70.45,-9.9,11.46
RS,84751,NOVA ROMA DO SUL,5128,5300,22.11,70.75,14.79,78.34,-7.32,7.59
RS,84760,PROGRESSO,8410,8078,46.75,46.21,33.08,59.52,-13.68,13.31
RS,84778,PIRAPÓ,3318,3236,57.26,33.27,47.71,45.8,-9.55,12.52
RS,84786,JABOTICABA,5180,5246,49.77,43.94,40.11,54.78,-9.66,10.85
RS,84794,SÃO JORGE,4174,4170,21.23,72.21,12.13,79.95,-9.09,7.74
RS,84808,ALTO ALEGRE,2942,3006,38.95,47.25,32.47,58.62,-6.48,11.37
RS,84816,NOVA HARTZ,23846,23754,38.87,54.32,31.83,59.52,-7.04,5.2
RS,84824,DOIS LAJEADOS,4894,4930,23.01,68.61,15.09,76.8,-7.92,8.18
RS,84832,SÃO DOMINGOS DO SUL,4242,4114,34.94,56.11,24.89,67.96,-10.05,11.86
RS,84840,TUNAS,5398,5270,63.1,32.01,47.25,47.82,-15.85,15.81
RS,84859,SÃO JOÃO DA URTIGA,6766,6678,36.74,56.61,24.26,69.9,-12.48,13.29
RS,84867,GUABIJU,2254,2236,24.05,69.03,14.67,78.18,-9.38,9.14
RS,84875,QUINZE DE NOVEMBRO,6038,6366,29.48,61.21,18.88,73.52,-10.6,12.3
RS,84883,DOUTOR MAURÍCIO CARDOSO,6566,6218,35.52,59.0,25.92,67.93,-9.59,8.93
RS,84891,CAPELA DE SANTANA,12720,12536,45.05,48.08,36.73,54.4,-8.32,6.32
RS,84905,JAQUIRANA,5194,5320,46.21,46.52,34.32,60.23,-11.88,13.71
RS,84913,VANINI,3290,3216,33.13,59.09,22.45,71.02,-10.68,11.93
RS,84921,BOQUEIRÃO DO LEÃO,8994,8572,45.72,46.39,30.05,62.04,-15.67,15.65
RS,84930,FAGUNDES VARELA,4024,3988,19.73,72.07,14.14,78.89,-5.59,6.82
RS,84948,ÁGUA SANTA,5304,5438,32.39,60.37,25.01,70.32,-7.38,9.95
RS,84956,SILVEIRA MARTINS,3542,3330,40.37,51.5,32.07,60.78,-8.3,9.28
RS,84964,IBIRAPUITÃ,5696,5314,45.96,48.74,33.35,61.8,-12.62,13.06
RS,84972,IBARAMA,5858,5626,47.56,43.56,28.15,61.22,-19.4,17.65
RS,84980,PANTANO GRANDE,12960,12564,58.86,34.34,47.28,44.35,-11.58,10.01
RS,84999,IPÊ,8898,8912,20.88,71.12,16.99,76.17,-3.89,5.05
RS,85006,TRINDADE DO SUL,8352,9044,53.3,41.57,40.78,53.65,-12.53,12.08
RS,85014,AGUDO,21256,20366,41.57,50.08,28.24,62.94,-13.33,12.86
RS,85022,ERNESTINA,4710,4702,43.74,48.79,32.41,62.74,-11.32,13.95
RS,85030,AJURICABA,9786,9650,33.17,58.8,24.41,68.64,-8.76,9.84
RS,85049,DEZESSEIS DE NOVEMBRO,4004,3838,54.05,37.46,46.74,47.16,-7.3,9.7
RS,85057,ALECRIM,9112,9062,45.98,45.98,39.86,51.45,-6.12,5.46
RS,85065,BROCHIER,6456,6352,36.62,50.46,25.85,59.51,-10.77,9.04
RS,85073,ALEGRETE,82700,78530,50.94,40.02,43.96,47.6,-6.98,7.59
RS,85081,EREBANGO,4016,4030,41.53,53.69,34.54,60.74,-6.99,7.06
RS,85090,ALPESTRE,9690,9500,50.88,42.7,36.51,58.48,-14.37,15.78
RS,85103,ENTRE-IJUÍS,11606,11578,44.41,47.56,35.6,57.47,-8.81,9.91
RS,85111,ALVORADA,207938,195776,48.36,42.43,43.42,47.13,-4.94,4.7
RS,85120,NOVA ESPERANÇA DO SUL,6682,6606,44.69,46.21,34.15,57.71,-10.54,11.49
RS,85138,ANTA GORDA,7814,7870,17.1,76.5,12.43,80.66,-4.67,4.16
RS,85146,PAVERAMA,9400,9696,40.32,53.74,31.68,60.42,-8.64,6.67
RS,85154,ANTÔNIO PRADO,17606,17740,18.68,73.49,14.55,78.71,-4.12,5.23
RS,85162,TERRA DE AREIA,11918,11824,38.45,51.52,30.67,61.65,-7.78,10.14
RS,85170,ARATIBA,10418,10066,42.54,52.41,32.31,60.08,-10.23,7.67
RS,85189,HARMONIA,6670,6946,27.92,64.71,20.21,68.79,-7.7,4.08
RS,85197,ARROIO DO MEIO,28160,28762,30.53,60.36,23.68,66.53,-6.84,6.17
RS,85200,CAMPOS BORGES,4962,4866,40.19,45.51,33.0,59.47,-7.18,13.97
RS,85219,ARROIO DOS RATOS,15576,14870,53.3,38.26,47.42,43.94,-5.88,5.68
RS,85227,CERRO GRANDE,4074,3698,58.71,33.48,46.94,45.65,-11.77,12.17
RS,85235,ARROIO DO TIGRE,16434,15984,42.34,50.35,27.58,65.43,-14.76,15.08
RS,85243,IPIRANGA DO SUL,3272,3486,21.21,73.04,13.65,82.04,-7.56,9.0
RS,85251,ARROIO GRANDE,23068,21538,60.53,31.38,49.61,42.27,-10.91,10.89
RS,85260,LAGOÃO,7304,7612,65.5,28.18,45.98,44.61,-19.52,16.44
RS,85278,ARVOREZINHA,13736,13344,33.59,61.08,22.6,71.75,-10.99,10.67
RS,85286,ESTAÇÃO,7978,7916,30.53,61.52,24.41,67.16,-6.13,5.64
RS,85294,AUGUSTO PESTANA,9792,9676,31.09,62.21,21.93,72.36,-9.16,10.15
RS,85308,ARROIO DO SAL,11922,14094,34.37,55.46,30.67,59.59,-3.71,4.13
RS,85316,BAGÉ,132994,121588,52.28,39.51,45.57,46.02,-6.71,6.51
RS,85324,SÃO JOSÉ DO HORTÊNCIO,6104,6332,20.22,72.31,16.65,75.81,-3.57,3.49
RS,85332,BARÃO DE COTEGIPE,8862,8692,38.25,55.0,28.88,64.86,-9.38,9.87
RS,85340,PINHAL,3888,4184,40.28,47.99,31.55,61.85,-8.73,13.86
RS,85359,BARRACÃO,6698,6390,48.91,44.79,38.28,56.46,-10.63,11.67
RS,85367,TRÊS CACHOEIRAS,13312,13560,26.98,65.46,20.87,72.76,-6.11,7.3
RS,85375,BARRA DO RIBEIRO,15570,14702,45.86,44.79,37.56,53.52,-8.3,8.73
RS,85383,SÃO VENDELINO,3856,4016,27.59,60.94,22.31,67.78,-5.28,6.83
RS,85391,BARROS CASSAL,13030,12158,53.02,38.96,34.27,58.89,-18.75,19.94
RS,85405,PROTÁSIO ALVES,3128,3140,17.9,73.27,12.61,82.1,-5.29,8.83
RS,85413,BENTO GONÇALVES,145448,145718,23.57,69.12,19.66,72.8,-3.91,3.68
RS,85421,POUSO NOVO,2728,2604,43.48,51.17,33.33,59.91,-10.14,8.73
RS,85430,BOA VISTA DO BURICÁ,9344,9428,34.8,58.39,22.36,68.46,-12.44,10.07
RS,85448,EUGÊNIO DE CASTRO,3878,3986,39.56,53.58,32.97,62.67,-6.59,9.09
RS,85456,BOM JESUS,12596,12334,49.0,43.51,36.73,56.69,-12.27,13.18
RS,85464,CRISTAL,9874,9652,48.55,43.61,37.53,54.77,-11.03,11.16
RS,85472,BOM RETIRO DO SUL,15884,15540,35.65,57.45,27.35,64.27,-8.3,6.82
RS,85480,SÃO MIGUEL DAS MISSÕES,9424,9008,52.8,42.15,43.54,52.26,-9.26,10.12
RS,85499,BOSSOROCA,7808,7252,56.94,35.58,47.85,47.02,-9.09,11.44
RS,85502,GLORINHA,10010,10204,31.85,60.48,24.89,66.52,-6.96,6.04
RS,85510,BRAGA,4532,4240,59.75,34.73,49.67,45.52,-10.08,10.79
RS,85529,SEGREDO,8872,8924,47.59,44.91,32.0,60.17,-15.58,15.27
RS,85537,BUTIÁ,22826,21360,55.17,36.52,48.66,43.8,-6.5,7.28
RS,85545,ALEGRIA,5338,5114,47.85,45.56,38.6,55.57,-9.25,10.01
RS,85553,CAÇAPAVA DO SUL,38516,36076,59.08,30.17,50.75,39.31,-8.33,9.14
RS,85561,SALDANHA MARINHO,4534,4208,36.39,56.24,24.95,70.1,-11.44,13.86
RS,85570,CACEQUI,13060,12204,54.66,39.4,44.23,49.82,-10.42,10.42
RS,85588,SÃO JOSÉ DO HERVAL,3078,3116,52.18,41.39,42.17,51.28,-10.01,9.89
RS,85596,CACHOEIRA DO SUL,95300,88726,38.6,51.8,33.19,57.65,-5.42,5.85
RS,85600,VISTA ALEGRE,4244,4186,55.33,39.16,38.08,56.14,-17.25,16.98
RS,85618,CACHOEIRINHA,157730,150832,39.44,50.61,34.76,54.78,-4.68,4.17
RS,85626,IVORÁ,2916,2712,44.86,37.79,35.4,54.79,-9.46,17.0
RS,85634,CACIQUE DOBLE,6514,6168,40.1,54.41,31.94,62.87,-8.16,8.47
RS,85642,VILA MARIA,5930,6040,31.87,62.33,22.85,72.42,-9.02,10.09
RS,85650,CAIBATÉ,6548,6270,52.38,41.33,42.04,51.83,-10.34,10.51
RS,85669,TAQUARUÇU DO SUL,4562,4656,47.08,46.78,38.75,56.44,-8.34,9.67
RS,85677,CAIÇARA,7094,6924,39.3,51.9,29.43,65.28,-9.87,13.38
RS,85685,IMBÉ,29638,34052,40.11,50.51,34.41,56.55,-5.7,6.04
RS,85693,CAMAQUÃ,76730,74552,40.01,52.09,30.81,60.71,-9.2,8.63
RS,85707,SEDE NOVA,4092,4076,47.31,45.41,37.1,55.35,-10.22,9.94
RS,85715,CAMBARÁ DO SUL,7792,7820,34.47,59.5,24.19,69.21,-10.28,9.71
RS,85723,TUPANDI,7218,7280,22.19,70.93,13.76,77.31,-8.43,6.37
RS,85731,CAMPINA DAS MISSÕES,8512,8116,42.95,49.55,31.32,60.1,-11.63,10.55
RS,85740,RIOZINHO,6554,7088,44.13,47.27,30.39,59.73,-13.74,12.47
RS,85758,CAMPINAS DO SUL,7714,7764,26.03,67.64,18.73,77.02,-7.3,9.38
RS,85766,RELVADO,3180,3316,26.73,63.96,22.07,70.69,-4.65,6.73
RS,85774,CAMPO BOM,83046,81522,31.25,60.54,26.25,65.42,-5.01,4.88
RS,85782,IMIGRANTE,4168,4396,32.29,54.13,22.52,64.92,-9.77,10.8
RS,85790,CAMPO NOVO,6360,6028,51.38,44.37,42.93,53.35,-8.45,8.98
RS,85804,CIDREIRA,15854,16686,48.01,42.93,43.8,47.74,-4.22,4.81
RS,85812,CANDELÁRIA,35706,33974,41.0,51.3,29.24,62.58,-11.76,11.29
RS,85820,MONTAURI,2378,2464,22.62,71.4,15.18,75.89,-7.45,4.49
RS,85839,CÂNDIDO GODÓI,9634,9500,29.42,63.71,20.99,71.92,-8.43,8.2
RS,85847,VISTA GAÚCHA,4218,4188,46.61,43.95,34.67,58.02,-11.94,14.07
RS,85855,CANELA,50388,50676,32.31,58.38,25.81,65.51,-6.49,7.13
RS,85863,VISTA ALEGRE DO PRATA,2640,2676,21.14,66.67,14.28,73.09,-6.86,6.43
RS,85871,CANGUÇU,66012,65072,40.14,49.58,29.35,61.59,-10.79,12.01
RS,85880,CASEIROS,4908,4822,40.06,52.36,28.29,65.82,-11.77,13.46
RS,85898,CANOAS,396666,371048,42.92,46.78,38.15,51.28,-4.77,4.49
RS,85901,ITACURUBI,4166,4100,50.02,40.66,44.54,49.8,-5.49,9.14
RS,85910,CARAZINHO,73114,70222,39.59,52.04,30.49,62.3,-9.1,10.26
RS,85928,ENTRE RIOS DO SUL,4068,4028,47.49,46.9,40.57,55.01,-6.93,8.11
RS,85936,CARLOS BARBOSA,38562,39656,24.27,65.16,18.93,70.56,-5.33,5.4
RS,85944,CERRO GRANDE DO SUL,11106,10988,47.51,44.68,32.45,60.34,-15.05,15.66
RS,85952,CASCA,12268,12262,27.65,64.57,18.51,74.44,-9.14,9.87
RS,85960,CAMARGO,4076,4324,36.95,57.41,26.23,68.46,-10.72,11.05
RS,85979,CATUÍPE,12466,12254,40.82,50.62,32.61,60.99,-8.21,10.37
RS,85987,PARAÍSO DO SUL,8866,8580,38.26,53.49,25.22,66.53,-13.04,13.04
RS,85995,CAXIAS DO SUL,539184,532336,31.79,57.54,26.87,62.7,-4.92,5.15
RS,86010,CERRO LARGO,16488,16200,48.64,43.36,38.91,52.86,-9.73,9.5
RS,86029,FAXINALZINHO,3696,3698,40.42,55.14,33.1,63.12,-7.32,7.97
RS,86037,CHAPADA,13034,12542,37.03,54.76,26.82,64.44,-10.2,9.68
RS,86045,AMARAL FERRADOR,7162,6878,49.06,41.16,37.31,56.56,-11.76,15.4
RS,86053,CHIAPETTA,5672,5752,44.32,49.08,32.41,63.0,-11.92,13.92
RS,86061,VILA FLORES,5624,5776,20.34,71.94,15.79,76.35,-4.55,4.41
RS,86070,CIRÍACO,6094,5748,41.29,51.07,30.9,63.78,-10.39,12.71
RS,86088,CERRO BRANCO,5670,5418,39.89,51.6,28.9,63.2,-10.99,11.59
RS,86096,COLORADO,4912,4748,28.62,65.07,20.43,74.73,-8.19,9.66
RS,86100,ANDRÉ DA ROCHA,2144,2214,30.5,61.38,20.33,72.63,-10.18,11.25
RS,86118,CONDOR,9184,9440,37.28,55.49,25.3,68.83,-11.99,13.35
RS,86126,POÇO DAS ANTAS,3276,3306,27.17,60.38,20.75,68.0,-6.42,7.62
RS,86134,CONSTANTINA,13058,12666,45.0,49.44,32.61,61.2,-12.39,11.76
RS,86142,TRÊS PALMEIRAS,6368,6352,56.28,38.57,45.81,49.46,-10.47,10.9
RS,86150,CORONEL BICACO,9410,8652,53.16,42.42,43.25,52.38,-9.91,9.96
RS,86169,NOVA ALVORADA,4586,4556,27.17,67.73,16.81,77.26,-10.36,9.53
RS,86177,CRISSIUMAL,16764,16272,44.07,49.11,30.26,61.52,-13.81,12.41
RS,86185,MORRO REDONDO,8094,7942,39.44,49.32,31.93,56.99,-7.51,7.67
RS,86193,CRUZ ALTA,71316,67652,45.53,47.52,37.72,55.08,-7.81,7.56
RS,86207,SANTA MARIA DO HERVAL,8868,8980,33.6,56.43,22.14,64.86,-11.47,8.43
RS,86215,CRUZEIRO DO SUL,15672,14668,34.74,56.61,27.46,64.43,-7.28,7.82
RS,86223,BARÃO,8450,8536,27.03,63.43,19.66,70.9,-7.37,7.47
RS,86231,DAVID CANABARRO,6532,6624,38.52,54.29,26.48,66.3,-12.04,12.02
RS,86240,ELDORADO DO SUL,41214,39120,47.39,42.83,42.22,48.87,-5.16,6.04
RS,86258,DOIS IRMÃOS,40176,40618,32.53,58.93,25.26,65.56,-7.26,6.63
RS,86274,DOM FELICIANO,16230,15564,53.96,39.49,35.34,56.46,-18.62,16.97
RS,86282,ALTO FELIZ,4406,4658,23.01,65.18,18.38,69.69,-4.64,4.5
RS,86290,DOM PEDRITO,42836,40670,53.88,38.86,41.63,51.14,-12.25,12.28
RS,86304,AMETISTA DO SUL,9710,10098,44.76,50.55,32.24,64.05,-12.51,13.51
RS,86312,DONA FRANCISCA,4880,4768,43.69,47.79,34.65,59.14,-9.04,11.36
RS,86320,ARAMBARÉ,5240,5338,45.73,46.15,36.83,55.41,-8.89,9.27
RS,86339,ENCANTADO,27324,26984,29.7,62.03,23.81,68.51,-5.88,6.48
RS,86347,BARÃO DO TRIUNFO,7258,7188,37.31,52.16,22.04,68.09,-15.27,15.92
RS,86355,ENCRUZILHADA DO SUL,28744,26804,58.05,34.41,46.6,45.61,-11.45,11.2
RS,86363,BARRA DO GUARITA,4086,3924,54.77,41.46,46.02,49.85,-8.75,8.39
RS,86371,ERECHIM,127290,124944,32.57,59.85,25.26,66.67,-7.3,6.82
RS,86380,BARRA DO RIO AZUL,2874,3018,45.44,46.9,32.21,57.39,-13.24,10.49
RS,86398,HERVAL,7708,7508,66.22,24.91,57.94,34.04,-8.28,9.13
RS,86401,BARRA FUNDA,4500,4568,38.4,49.87,29.95,63.35,-8.45,13.49
RS,86410,ERVAL GRANDE,6840,6902,53.19,40.58,42.63,51.98,-10.56,11.4
RS,86428,BOA VISTA DAS MISSÕES,3110,3268,50.74,42.89,41.06,55.02,-9.67,12.12
RS,86436,ERVAL SECO,9030,8672,52.69,39.51,43.57,51.59,-9.13,12.08
RS,86444,BOM PROGRESSO,3708,4110,53.02,42.5,44.91,50.75,-8.11,8.25
RS,86452,ESMERALDA,4138,4252,45.82,48.14,37.44,57.29,-8.38,9.15
RS,86460,CAMPESTRE DA SERRA,4304,4544,18.91,74.58,14.35,79.97,-4.56,5.39
RS,86479,ESPUMOSO,20612,19728,41.8,50.34,31.42,62.67,-10.38,12.33
RS,86487,CANDIOTA,12462,11982,66.02,26.54,57.77,35.82,-8.25,9.28
RS,86495,ESTÂNCIA VELHA,58068,58288,27.82,64.36,23.55,67.66,-4.27,3.3
RS,86509,CAPITÃO,4532,4590,37.82,52.82,23.75,67.02,-14.07,14.19
RS,86517,ESTEIO,103182,96290,47.05,43.42,42.43,47.73,-4.62,4.3
RS,86525,CARLOS GOMES,2300,2282,49.91,44.52,34.53,58.19,-15.38,13.67
RS,86533,ESTRELA,40842,39318,26.81,65.13,22.2,68.7,-4.61,3.56
RS,86541,CENTENÁRIO,4524,4500,45.0,49.65,32.8,59.42,-12.2,9.78
RS,86550,FARROUPILHA,90944,90718,24.63,66.41,20.56,70.86,-4.07,4.44
RS,86568,CHARRUA,3944,4010,47.41,46.7,42.19,54.81,-5.22,8.11
RS,86576,FAXINAL DO SOTURNO,9218,8678,38.6,51.72,31.11,61.4,-7.49,9.67
RS,86584,COLINAS,3778,3828,29.54,56.11,22.83,64.84,-6.71,8.72
RS,86592,FELIZ,17758,18020,30.52,60.3,23.5,66.07,-7.03,5.77
RS,86606,COQUEIROS DO SUL,3870,4024,33.07,58.71,23.41,66.0,-9.67,7.3
RS,86614,FLORES DA CUNHA,40342,40982,16.75,74.88,12.72,79.26,-4.03,4.38
RS,86622,CORONEL BARROS,4330,4472,33.26,57.27,24.24,67.93,-9.02,10.66
RS,86630,FONTOURA XAVIER,12764,12124,57.55,36.49,44.31,48.68,-13.24,12.19
RS,86649,COXILHA,4468,4620,45.17,50.27,29.39,64.11,-15.77,13.84
RS,86657,FORMIGUEIRO,8750,8444,49.67,39.31,42.09,50.47,-7.58,11.16
RS,86665,DERRUBADAS,4406,4144,47.21,42.62,32.34,59.41,-14.87,16.79
RS,86673,FREDERICO WESTPHALEN,39944,38842,39.12,54.07,28.19,65.15,-10.93,11.08
RS,86681,DOIS IRMÃOS DAS MISSÕES,3202,3208,52.47,42.35,42.64,53.05,-9.82,10.71
RS,86690,GARIBALDI,42932,43804,23.48,68.27,18.59,73.35,-4.89,5.09
RS,86703,ENGENHO VELHO,1870,1844,55.61,39.57,44.69,50.65,-10.93,11.08
RS,86711,GAURAMA,8510,8608,30.88,61.72,23.12,70.63,-7.76,8.92
RS,86720,GARRUCHOS,3962,3604,60.63,33.97,54.38,38.73,-6.24,4.76
RS,86738,GENERAL CÂMARA,9808,9196,50.65,41.78,42.34,47.83,-8.31,6.04
RS,86746,GENTIL,2646,2756,26.38,66.59,22.06,72.13,-4.32,5.54
RS,86754,SÃO VICENTE DO SUL,10620,10000,50.26,41.37,41.78,50.08,-8.48,8.71
RS,86762,GRAMADO DOS LOUREIROS,3596,4086,58.06,36.93,53.7,42.58,-4.37,5.65
RS,86770,GETÚLIO VARGAS,20156,19896,28.42,63.71,21.82,70.41,-6.59,6.69
RS,86789,GRAMADO XAVIER,4814,4754,52.39,40.22,35.17,57.13,-17.22,16.91
RS,86797,GIRUÁ,20632,20256,34.99,59.24,27.52,66.48,-7.48,7.24
RS,86800,HULHA NEGRA,7632,7302,60.46,32.57,52.59,41.19,-7.87,8.62
RS,86819,GRAMADO,50682,52530,23.74,68.13,19.68,72.54,-4.05,4.4
RS,86827,INHACORÁ,3142,3144,50.22,45.07,39.5,54.71,-10.72,9.64
RS,86835,GRAVATAÍ,290066,281246,38.24,51.72,33.59,55.91,-4.65,4.2
RS,86843,ITAPUCA,2850,2778,39.16,56.56,24.26,70.48,-14.9,13.92
RS,86851,GUAÍBA,114560,109876,47.8,42.77,42.09,47.58,-5.71,4.81
RS,86860,LAJEADO DO BUGRE,3132,3088,58.68,36.97,47.73,49.03,-10.95,12.06
RS,86878,GUAPORÉ,30792,30800,24.07,68.66,17.14,75.18,-6.93,6.52
RS,86886,LAGOA DOS TRÊS CANTOS,2686,2912,24.87,67.01,17.03,74.45,-7.84,7.44
RS,86894,GUARANI DAS MISSÕES,9852,9452,45.15,47.79,31.93,60.52,-13.22,12.73
RS,86908,LINDOLFO COLLOR,7512,7624,43.37,50.99,31.72,59.29,-11.65,8.3
RS,86916,HORIZONTINA,24262,23802,31.43,61.73,21.93,71.04,-9.5,9.3
RS,86924,LINHA NOVA,2322,2430,30.84,59.0,25.93,64.28,-4.91,5.28
RS,86932,CHARQUEADAS,39230,37720,52.71,38.39,46.67,43.58,-6.04,5.2
RS,86940,MANOEL VIANA,8506,8390,54.36,39.9,43.29,50.27,-11.07,10.37
RS,86959,HUMAITÁ,6800,6648,41.41,51.62,32.43,61.82,-8.98,10.21
RS,86967,MAQUINÉ,9488,9264,50.74,40.94,42.42,51.14,-8.32,10.21
RS,86975,IBIAÇÁ,6546,6526,32.42,58.51,22.89,68.95,-9.52,10.45
RS,86983,MARATÁ,3898,4074,27.04,61.72,18.7,70.25,-8.34,8.53
RS,86991,IBIRAIARAS,8892,8784,27.42,64.06,19.15,74.13,-8.27,10.08
RS,87009,MARIANA PIMENTEL,5606,5422,38.39,52.55,30.87,60.24,-7.51,7.69
RS,87017,IBIRUBÁ,26956,26944,31.6,60.31,21.67,71.13,-9.93,10.81
RS,87025,MATO CASTELHANO,4574,4942,25.8,67.91,22.02,72.0,-3.78,4.09
RS,87033,IGREJINHA,43956,43714,32.41,60.49,25.31,67.15,-7.11,6.67
RS,87041,MATO LEITÃO,6436,6728,34.49,56.46,24.82,64.0,-9.67,7.54
RS,87050,IJUÍ,102670,99886,40.95,52.14,33.78,59.3,-7.17,7.16
RS,87068,MINAS DO LEÃO,9848,9530,52.25,39.6,42.75,47.68,-9.51,8.08
RS,87076,ILÓPOLIS,5736,5774,23.68,70.4,16.42,77.66,-7.26,7.26
RS,87084,MONTE BELO DO SUL,5068,4996,16.34,76.2,11.21,82.51,-5.13,6.3
RS,87092,INDEPENDÊNCIA,9072,8940,36.73,54.65,27.99,64.56,-8.74,9.91
RS,87106,MORMAÇO,4378,4416,41.89,51.58,30.07,64.18,-11.82,12.6
RS,87114,IRAÍ,9286,8838,50.81,44.5,42.0,53.34,-8.81,8.84
RS,87122,MORRINHOS DO SUL,5140,5252,32.68,57.35,22.47,67.9,-10.22,10.54
RS,87130,ITAQUI,38740,36114,44.91,47.36,38.27,55.04,-6.65,7.68
RS,87149,MORRO REUTER,8974,9120,24.16,67.28,16.71,74.19,-7.45,6.91
RS,87157,ITATIBA DO SUL,5812,5252,62.04,35.13,52.59,42.99,-9.45,7.86
RS,87165,MULITERNO,3316,3456,48.31,43.61,39.64,54.46,-8.67,10.85
RS,87173,IVOTI,28060,28786,26.79,63.17,22.41,67.08,-4.39,3.91
RS,87181,NICOLAU VERGUEIRO,3478,3692,35.25,58.31,26.49,69.07,-8.76,10.76
RS,87190,JACUTINGA,4738,4866,35.63,57.87,25.15,66.83,-10.47,8.96
RS,87203,NOVA BOA VISTA,3406,3472,30.59,54.55,19.64,68.89,-10.95,14.34
RS,87211,JAGUARÃO,30702,28358,55.37,34.88,46.17,44.07,-9.2,9.18
RS,87220,NOVA PÁDUA,3982,4036,10.35,83.98,7.38,87.02,-2.96,3.04
RS,87238,JAGUARI,13800,13292,41.84,47.83,32.34,60.01,-9.51,12.18
RS,87246,NOVA SANTA RITA,29478,30724,44.36,48.61,38.68,52.71,-5.68,4.11
RS,87254,JÚLIO DE CASTILHOS,23982,22682,55.06,37.04,42.87,49.86,-12.19,12.83
RS,87262,NOVO BARREIRO,6084,6122,52.3,43.82,41.16,54.0,-11.14,10.18
RS,87270,LAGOA VERMELHA,31982,30746,40.74,52.14,31.28,62.12,-9.46,9.99
RS,87289,NOVO MACHADO,5242,4956,35.9,58.91,24.62,69.81,-11.29,10.91
RS,87297,LAJEADO,100008,100116,33.41,58.74,26.57,64.2,-6.84,5.46
RS,87300,NOVO TIRADENTES,3008,3148,53.12,38.16,38.44,53.68,-14.69,15.52
RS,87319,LAVRAS DO SUL,8612,8038,60.8,31.96,49.74,42.35,-11.06,10.39
RS,87327,PARECI NOVO,5550,5604,23.39,67.96,17.74,72.66,-5.65,4.7
RS,87335,LIBERATO SALZANO,6826,6522,57.43,37.15,42.01,52.41,-15.42,15.26
RS,87343,PASSO DO SOBRADO,8414,8678,45.33,48.78,31.37,61.97,-13.96,13.2
RS,87351,MACHADINHO,7658,7758,40.61,54.06,31.89,62.31,-8.72,8.25
RS,87360,PICADA CAFÉ,7310,7488,26.95,61.64,18.3,69.66,-8.65,8.02
RS,87378,MARAU,51200,51600,30.0,62.59,21.76,70.53,-8.24,7.93
RS,87386,PINHAL GRANDE,5682,5434,51.99,39.53,38.39,53.48,-13.6,13.95
RS,87394,MARCELINO RAMOS,6290,6274,41.4,52.31,33.47,60.09,-7.93,7.78
RS,87408,PINHEIRINHO DO VALE,6100,6100,47.18,46.43,37.77,55.25,-9.41,8.82
RS,87416,MARIANO MORO,3492,3458,48.51,43.76,35.28,57.03,-13.23,13.27
RS,87424,PONTÃO,5514,5596,49.58,45.63,38.88,55.5,-10.7,9.87
RS,87432,MATA,6192,5922,48.06,43.77,34.41,58.22,-13.65,14.46
RS,87440,PONTE PRETA,3074,3136,30.19,57.97,20.54,72.7,-9.65,14.73
RS,87459,MAXIMILIANO DE ALMEIDA,6316,6040,33.06,59.97,25.46,69.21,-7.6,9.23
RS,87467,PORTO MAUÁ,3656,3584,35.23,59.41,26.62,67.8,-8.61,8.39
RS,87475,MIRAGUAÍ,6942,7050,57.82,37.63,46.72,46.58,-11.1,8.96
RS,87483,PORTO VERA CRUZ,2746,2800,46.03,48.14,38.14,55.14,-7.89,7.0
RS,87491,MONTENEGRO,73088,70592,38.5,51.8,32.8,56.94,-5.71,5.14
RS,87505,PRESIDENTE LUCENA,4326,4530,22.28,67.96,16.11,74.22,-6.17,6.26
RS,87513,MOSTARDAS,13534,13118,41.76,48.16,32.92,60.15,-8.84,11.99
RS,87521,QUEVEDOS,3664,3372,53.77,38.76,44.19,48.99,-9.58,10.24
RS,87530,MUÇUM,6728,6276,26.75,63.79,20.11,71.57,-6.65,7.78
RS,87548,RIO DOS ÍNDIOS,4528,4276,57.07,37.77,47.71,46.96,-9.36,9.19
RS,87556,NÃO-ME-TOQUE,21764,21976,32.06,61.82,20.74,73.43,-11.32,11.61
RS,87564,SAGRADA FAMÍLIA,3626,3514,52.68,38.94,43.82,50.31,-8.85,11.37
RS,87572,NONOAI,14818,14514,49.21,46.09,39.85,55.46,-9.36,9.37
RS,87580,SALVADOR DAS MISSÕES,4434,4524,37.98,55.53,26.39,66.36,-11.59,10.83
RS,87599,NOVA ARAÇÁ,6400,6668,21.62,72.44,16.26,77.44,-5.37,5.01
RS,87602,SANTA CLARA DO SUL,8796,9370,28.76,61.57,19.64,70.78,-9.13,9.21
RS,87610,NOVA BASSANO,12016,12020,15.63,78.6,11.5,83.19,-4.13,4.6
RS,87629,SANTA TEREZA,2892,2816,26.97,66.6,20.38,71.73,-6.59,5.14
RS,87637,NOVA BRÉSCIA,4564,4598,21.17,71.17,16.4,75.69,-4.77,4.52
RS,87645,SANTO ANTÔNIO DO PALMA,3214,3380,46.05,46.42,28.88,61.54,-17.17,15.12
RS,87653,NOVA PALMA,8492,8098,41.59,46.11,31.07,60.26,-10.52,14.15
RS,87661,SANTO ANTÔNIO DO PLANALTO,3496,3718,27.8,62.81,18.34,75.2,-9.46,12.39
RS,87670,NOVA PETRÓPOLIS,27888,29672,22.17,67.55,18.6,70.16,-3.57,2.61
RS,87688,SANTO EXPEDITO DO SUL,3636,3524,38.61,55.67,29.0,65.15,-9.61,9.49
RS,87696,NOVA PRATA,30810,30804,21.67,70.17,16.92,74.72,-4.75,4.55
RS,87700,SÃO JOÃO DO POLÊSINE,4080,4024,34.22,57.06,28.98,63.77,-5.24,6.71
RS,87718,NOVO HAMBURGO,278882,264538,30.69,60.94,27.49,63.86,-3.2,2.92
RS,87726,SÃO JOSÉ DOS AUSENTES,4712,5026,37.27,57.09,26.9,68.68,-10.37,11.59
RS,87734,OSÓRIO,56354,55460,46.19,43.65,39.9,50.35,-6.29,6.69
RS,87742,SÃO JOSÉ DO INHACORÁ,3778,3760,34.89,52.99,22.39,67.23,-12.49,14.24
RS,87750,PAIM FILHO,6290,5858,48.36,48.87,39.09,56.54,-9.27,7.67
RS,87769,SÃO JOSÉ DAS MISSÕES,3592,3738,59.69,34.58,46.87,49.33,-12.82,14.75
RS,87777,PALMEIRA DAS MISSÕES,38648,37686,46.92,46.9,37.68,57.02,-9.24,10.12
RS,87785,SÃO MARTINHO DA SERRA,4738,4684,39.13,53.82,29.85,62.34,-9.28,8.52
RS,87793,PALMITINHO,9912,9476,54.5,37.99,40.02,52.01,-14.48,14.01
RS,87807,SÃO PEDRO DA SERRA,5276,5386,24.83,64.52,18.05,72.71,-6.78,8.19
RS,87815,PANAMBI,51598,51618,29.96,63.44,20.97,71.97,-9.0,8.53
RS,87823,SÃO PEDRO DO BUTIÁ,4312,4264,37.85,55.75,28.33,63.6,-9.52,7.85
RS,87831,PARAÍ,9988,10080,22.69,68.28,15.58,76.88,-7.11,8.6
RS,87840,SÃO VALENTIM DO SUL,3542,3522,21.74,71.2,18.06,74.39,-3.68,3.19
RS,87858,PASSO FUNDO,235480,231650,42.32,49.35,34.79,56.52,-7.53,7.18
RS,87866,SÃO VALÉRIO DO SUL,3482,3748,61.34,35.21,53.74,44.24,-7.61,9.03
RS,87874,PEDRO OSÓRIO,10476,9756,63.65,27.01,54.55,37.74,-9.1,10.73
RS,87882,SENTINELA DO SUL,6484,6338,49.57,42.01,36.45,53.68,-13.12,11.67
RS,87890,PEJUÇARA,5114,4934,39.42,55.22,28.5,65.95,-10.93,10.73
RS,87904,SÉRIO,3302,3264,44.58,43.97,28.86,59.68,-15.72,15.71
RS,87912,PELOTAS,387104,367812,51.82,36.4,47.1,42.09,-4.73,5.69
RS,87920,SERTÃO SANTANA,8420,8334,33.42,58.38,22.46,68.11,-10.96,9.72
RS,87939,PINHEIRO MACHADO,14508,12870,63.55,26.15,54.81,35.4,-8.74,9.25
RS,87947,SINIMBU,11648,11038,47.41,44.28,30.53,58.2,-16.88,13.92
RS,87955,PIRATINI,22710,20658,60.86,30.32,50.6,41.35,-10.27,11.03
RS,87963,TIRADENTES DO SUL,7142,7074,54.35,40.49,42.44,52.28,-11.92,11.78
RS,87971,PLANALTO,12398,11784,45.27,49.46,33.91,61.15,-11.35,11.69
RS,87980,TRAVESSEIRO,3336,3352,42.33,50.12,31.56,57.52,-10.76,7.4
RS,87998,PORTÃO,40006,39554,38.3,54.29,31.61,59.11,-6.69,4.82
RS,88005,TRÊS FORQUILHAS,4604,5124,46.61,45.44,34.39,59.02,-12.22,13.58
RS,88013,PORTO ALEGRE,1655986,1553554,49.83,39.11,48.57,41.86,-1.26,2.74
RS,88021,TUPANCI DO SUL,2296,2194,37.46,56.53,25.62,68.28,-11.84,11.74
RS,88030,PORTO LUCENA,6298,5894,46.11,45.57,35.73,57.62,-10.38,12.05
RS,88048,UNIÃO DA SERRA,2494,2482,20.53,70.57,18.37,73.73,-2.16,3.16
RS,88056,PORTO XAVIER,12638,12592,48.28,46.99,39.72,55.62,-8.56,8.64
RS,88064,VALE DO SOL,13538,12560,47.07,45.01,29.41,60.99,-17.66,15.97
RS,88072,PUTINGA,5788,5656,21.18,71.98,14.18,79.21,-7.0,7.23
RS,88080,VALE REAL,7884,8012,34.04,58.42,25.09,64.25,-8.96,5.83
RS,88099,QUARAÍ,26618,25508,51.19,42.41,42.5,50.27,-8.69,7.87
RS,88102,VILA NOVA DO SUL,5658,5488,56.31,34.99,47.89,45.41,-8.42,10.41
RS,88110,REDENTORA,10116,10190,61.84,31.91,57.94,38.78,-3.9,6.87
RS,88129,VITÓRIA DAS MISSÕES,5402,5316,51.61,41.58,42.17,52.9,-9.44,11.32
RS,88137,RESTINGA SÊCA,19874,18726,42.27,48.0,35.25,58.6,-7.02,10.6
RS,88145,XANGRI-LÁ,19278,22908,32.48,60.05,25.2,67.25,-7.29,7.2
RS,88153,RIO GRANDE,226580,206568,60.74,29.56,56.17,34.62,-4.57,5.06
RS,88161,BOA VISTA DO SUL,4038,4118,24.72,65.43,17.14,75.23,-7.57,9.8
RS,88170,RIO PARDO,44618,41268,57.32,35.13,48.52,43.47,-8.8,8.34
RS,88188,DILERMANDO DE AGUIAR,4746,4846,44.92,45.81,36.07,55.8,-8.85,9.99
RS,88196,ROCA SALES,12948,12158,32.78,57.77,25.23,66.61,-7.54,8.84
RS,88200,CAPIVARI DO SUL,5840,5804,40.38,49.93,28.77,64.33,-11.6,14.4
RS,88218,RODEIO BONITO,8516,8646,48.22,45.98,36.25,57.92,-11.97,11.94
RS,88226,NOVA CANDELÁRIA,4370,4466,32.59,59.82,21.0,71.43,-11.58,11.61
RS,88234,ROLANTE,26842,26666,35.18,56.31,26.52,65.09,-8.66,8.77
RS,88242,FLORIANO PEIXOTO,3002,2834,44.97,48.23,32.39,60.76,-12.58,12.53
RS,88250,RONDA ALTA,12248,12054,53.0,42.88,43.04,51.42,-9.96,8.54
RS,88269,CHUVISCA,7062,7174,33.73,58.31,18.9,71.42,-14.83,13.11
RS,88277,RONDINHA,7630,7362,43.33,50.88,34.07,60.74,-9.26,9.87
RS,88285,ESPERANÇA DO SUL,5010,5268,56.33,38.04,44.57,49.7,-11.76,11.65
RS,88293,ROQUE GONZALES,8972,8590,47.88,45.19,39.05,54.83,-8.84,9.65
RS,88307,DOUTOR RICARDO,3290,3224,28.88,62.37,19.67,73.14,-9.21,10.77
RS,88315,ROSÁRIO DO SUL,46008,43670,52.44,40.85,45.23,48.23,-7.2,7.38
RS,88323,HERVEIRAS,4162,4030,62.61,32.39,38.51,54.0,-24.1,21.61
RS,88331,SALVADOR DO SUL,9234,9214,26.4,63.48,18.25,70.48,-8.15,7.0
RS,88340,CARAÁ,9554,9654,43.56,45.59,36.17,54.11,-7.39,8.52
RS,88358,SANANDUVA,21458,21194,31.14,63.44,23.96,71.12,-7.18,7.68
RS,88366,FAZENDA VILANOVA,5566,5942,41.43,50.52,33.56,58.26,-7.87,7.74
RS,88374,SANTA BÁRBARA DO SUL,11110,10708,38.45,55.59,28.52,66.12,-9.93,10.53
RS,88382,ITAARA,6928,7080,42.84,49.19,37.77,55.14,-5.07,5.95
RS,88390,SANTA CRUZ DO SUL,166678,162916,38.43,52.01,30.58,59.37,-7.85,7.36
RS,88404,ESTRELA VELHA,4742,4618,43.78,46.14,29.58,61.59,-14.2,15.44
RS,88412,SANTA MARIA,320490,304006,45.44,45.07,41.85,49.48,-3.59,4.41
RS,88420,BENJAMIN CONSTANT DO SUL,3304,3224,61.8,35.23,54.16,42.49,-7.65,7.26
RS,88439,SANTANA DA BOA VISTA,9542,9106,50.89,39.13,42.54,49.44,-8.35,10.31
RS,88447,MAÇAMBARÁ,5970,5590,47.57,44.25,38.6,52.92,-8.97,8.66
RS,88455,SANT ANA DO LIVRAMENTO,101116,97376,56.23,36.05,48.97,41.48,-7.26,5.43
RS,88463,DOM PEDRO DE ALCÂNTARA,4126,4368,36.26,51.48,27.93,62.96,-8.33,11.48
RS,88471,SANTA ROSA,92660,92360,32.67,60.74,25.19,66.97,-7.48,6.24
RS,88480,UNISTALDA,4122,3962,47.16,46.39,37.86,57.24,-9.3,10.86
RS,88498,SANTA VITÓRIA DO PALMAR,34350,31232,60.05,29.31,50.43,40.51,-9.62,11.2
RS,88501,TURUÇU,5346,5412,32.51,55.89,24.72,68.92,-7.79,13.03
RS,88510,SANTIAGO,59916,55664,43.98,48.62,33.38,58.66,-10.6,10.04
RS,88528,CRISTAL DO SUL,4128,4280,54.55,38.52,43.41,51.59,-11.14,13.07
RS,88536,SANTO ÂNGELO,91608,86750,44.68,47.53,36.98,55.34,-7.7,7.81
RS,88544,MUITOS CAPÕES,4206,4278,30.77,63.34,21.88,73.35,-8.89,10.01
RS,88552,SANTO ANTÔNIO DA PATRULHA,51168,50072,42.36,48.84,33.27,57.93,-9.09,9.1
RS,88560,NOVA RAMADA,3370,3356,37.74,53.59,26.7,65.32,-11.05,11.73
RS,88579,SANTO ANTÔNIO DAS MISSÕES,13256,12248,58.93,33.16,50.2,43.66,-8.74,10.5
RS,88587,JARI,4466,4262,55.8,35.56,38.57,52.65,-17.23,17.09
RS,88595,SANTO AUGUSTO,17850,17776,47.37,46.61,37.93,55.86,-9.45,9.25
RS,88609,UBIRETAMA,3230,3188,28.05,61.98,23.15,68.7,-4.9,6.71
RS,88617,SANTO CRISTO,21518,21142,41.5,50.47,32.39,59.01,-9.11,8.54
RS,88625,BARRA DO QUARAÍ,4580,4754,56.72,38.03,46.07,46.82,-10.66,8.79
RS,88633,SÃO BORJA,70666,66726,54.86,38.54,46.21,47.77,-8.65,9.23
RS,88641,CERRITO,8282,7598,57.18,32.99,46.88,44.17,-10.3,11.18
RS,88650,SÃO FRANCISCO DE ASSIS,22518,20806,54.57,38.0,41.82,51.83,-12.75,13.83
RS,88668,VALE VERDE,4858,4830,47.63,43.76,33.33,58.3,-14.3,14.54
RS,88676,SÃO FRANCISCO DE PAULA,24286,24124,48.18,43.58,37.82,55.01,-10.36,11.43
RS,88684,NOVO CABRAIS,5954,5934,40.78,52.57,31.28,61.61,-9.5,9.04
RS,88692,SÃO GABRIEL,66040,61520,50.38,41.93,42.48,50.05,-7.9,8.12
RS,88706,SETE DE SETEMBRO,2974,2854,49.83,42.77,34.83,56.97,-15.0,14.2
RS,88714,SÃO JERÔNIMO,24342,23496,51.66,38.81,43.87,46.37,-7.78,7.56
RS,88722,TABAÍ,6316,6388,45.09,50.09,40.17,53.85,-4.92,3.76
RS,88730,SÃO JOSÉ DO NORTE,31666,30220,52.62,34.52,42.41,46.4,-10.21,11.88
RS,88749,VILA LÂNGARO,3618,3604,27.81,65.06,19.26,75.14,-8.55,10.08
RS,88757,SÃO JOSÉ DO OURO,9480,9332,31.01,61.84,22.85,71.09,-8.17,9.25
RS,88765,SENADOR SALGADO FILHO,4478,4514,26.08,66.01,23.26,72.22,-2.82,6.21
RS,88773,SÃO LEOPOLDO,254680,239046,43.17,48.66,38.29,52.84,-4.88,4.18
RS,88781,VESPASIANO CORRÊA,3644,4006,16.3,77.0,10.13,82.83,-6.17,5.82
RS,88790,SÃO LOURENÇO DO SUL,54540,52788,43.93,46.64,33.55,58.7,-10.38,12.05
RS,88803,MONTE ALEGRE DOS CAMPOS,4772,4966,37.55,55.16,28.15,66.01,-9.4,10.85
RS,88811,SÃO LUIZ GONZAGA,39228,38142,50.04,42.81,39.74,53.7,-10.31,10.89
RS,88820,MARQUES DE SOUZA,5610,5568,35.22,59.18,24.5,68.07,-10.73,8.89
RS,88838,SÃO MARCOS,26728,27002,22.42,67.97,16.78,74.75,-5.64,6.78
RS,88846,CHUÍ,6302,6328,63.12,29.2,53.13,37.29,-9.99,8.1
RS,88854,SÃO MARTINHO,8118,7892,34.66,59.15,25.04,68.47,-9.63,9.32
RS,88862,ARARICÁ,9174,10242,35.21,59.56,27.53,66.04,-7.67,6.48
RS,88870,SÃO NICOLAU,6430,6406,58.6,34.59,53.23,42.05,-5.37,7.47
RS,88889,PASSA SETE,6072,5842,50.2,42.36,27.8,64.43,-22.4,22.07
RS,88897,SÃO PAULO DAS MISSÕES,8590,8372,43.77,47.99,34.54,58.1,-9.23,10.11
RS,88900,TOROPI,4350,4260,39.63,52.28,29.25,63.24,-10.38,10.96
RS,88919,SÃO PEDRO DO SUL,20012,18826,43.6,46.68,35.64,55.49,-7.96,8.81
RS,88927,BALNEÁRIO PINHAL,13710,14628,46.01,44.8,41.3,50.9,-4.71,6.1
RS,88935,SÃO SEBASTIÃO DO CAÍ,27878,27246,36.08,55.96,28.87,62.2,-7.21,6.25
RS,88943,MAMPITUBA,4704,5150,52.89,39.2,36.19,54.6,-16.7,15.4
RS,88951,SÃO SEPÉ,26990,25302,56.04,35.95,45.55,46.5,-10.49,10.56
RS,88978,SÃO VALENTIM,5048,4918,39.1,55.67,27.49,67.83,-11.61,12.17
RS,88986,ACEGUÁ,5926,5856,40.53,53.19,31.73,61.03,-8.81,7.84
RS,88994,SAPIRANGA,98870,97200,36.85,57.0,30.25,62.78,-6.6,5.78
RS,89001,ALMIRANTE TAMANDARÉ DO SUL,3248,3272,38.12,52.77,25.0,66.26,-13.12,13.49
RS,89010,SAPUCAIA DO SUL,157958,146616,49.85,41.71,43.4,46.9,-6.44,5.19
RS,89028,ARROIO DO PADRE,4644,4788,16.15,76.87,10.74,82.54,-5.41,5.67
RS,89036,SARANDI,27794,28122,35.5,57.31,28.04,66.02,-7.46,8.71
RS,89044,BOA VISTA DO CADEADO,3384,3220,32.74,59.69,21.8,73.23,-10.94,13.54
RS,89052,SEBERI,14946,15060,43.46,50.14,32.95,61.05,-10.51,10.91
RS,89060,BOA VISTA DO INCRA,3666,3624,41.24,53.25,27.92,66.23,-13.32,12.98
RS,89079,SELBACH,7250,7132,28.86,61.85,20.53,73.36,-8.33,11.51
RS,89087,BOZANO,4004,4352,35.06,59.39,22.79,71.88,-12.27,12.48
RS,89095,SERAFINA CORRÊA,20356,20718,25.73,67.81,19.52,73.71,-6.21,5.9
RS,89109,CANUDOS DO VALE,3146,3250,55.69,36.3,34.83,53.17,-20.86,16.87
RS,89117,SERTÃO,8214,8308,34.77,59.46,26.6,67.19,-8.17,7.73
RS,89125,CAPÃO BONITO DO SUL,3324,3332,48.26,43.44,38.0,56.24,-10.26,12.8
RS,89133,SEVERIANO DE ALMEIDA,5564,5582,38.46,51.94,27.55,63.6,-10.91,11.66
RS,89141,CAPÃO DO CIPÓ,4516,4506,55.45,38.4,44.61,49.13,-10.84,10.74
RS,89150,CAPÃO DA CANOA,62840,66946,34.94,57.42,28.39,63.21,-6.55,5.79
RS,89168,COQUEIRO BAIXO,2258,2130,19.04,72.9,15.49,75.4,-3.55,2.5
RS,89176,SOBRADINHO,17418,16458,42.69,49.02,29.06,62.13,-13.64,13.12
RS,89184,CORONEL PILAR,2452,2608,21.53,69.98,16.79,76.15,-4.74,6.17
RS,89192,SOLEDADE,34932,33862,49.45,43.9,36.45,57.38,-13.0,13.48
RS,89206,CRUZALTENSE,3344,3190,31.4,61.3,20.25,72.79,-11.15,11.49
RS,89214,TAPEJARA,28084,28726,23.21,68.99,17.98,75.12,-5.23,6.13
RS,89222,FORQUETINHA,3974,4306,31.71,62.66,22.48,71.67,-9.23,9.01
RS,89230,TAPERA,13152,12724,42.32,51.43,31.19,62.79,-11.14,11.37
RS,89247,SANTA CECÍLIA DO SUL,3032,3160,30.74,61.35,18.35,74.81,-12.38,13.46
RS,89249,ITATI,5198,5542,42.94,49.4,32.98,60.48,-9.96,11.08
RS,89257,TAPES,17642,17344,48.51,43.66,41.86,51.71,-6.65,8.05
RS,89265,JACUIZINHO,3306,3326,55.17,38.48,41.13,51.83,-14.04,13.36
RS,89273,TAQUARA,64488,62936,32.79,59.93,27.37,65.57,-5.42,5.64
RS,89281,LAGOA BONITA DO SUL,3724,3574,53.49,40.82,34.14,57.53,-19.36,16.71
RS,89290,TAQUARI,31318,29876,44.08,49.37,35.35,57.18,-8.73,7.81
RS,89303,MATO QUEIMADO,2618,2628,46.52,44.0,33.94,57.91,-12.58,13.91
RS,89311,TENENTE PORTELA,16758,16802,53.5,40.26,42.51,50.6,-11.0,10.35
RS,89320,NOVO XINGU,2600,2562,47.46,42.92,38.8,53.4,-8.66,10.47
RS,89338,TORRES,46330,48892,37.69,53.12,32.06,58.47,-5.63,5.35
RS,89346,PAULO BENTO,3550,3808,31.77,59.15,22.74,68.8,-9.03,9.65
RS,89354,TRAMANDAÍ,52666,53982,41.95,48.91,36.97,54.01,-4.98,5.1
RS,89362,PINHAL DA SERRA,3684,3850,41.97,48.91,37.25,58.81,-4.72,9.89
RS,89370,TRÊS COROAS,28672,28106,31.45,60.99,25.44,66.01,-6.01,5.02
RS,89389,QUATRO IRMÃOS,2734,2752,38.26,56.69,27.18,65.92,-11.08,9.22
RS,89397,TRÊS DE MAIO,29942,30296,33.38,59.6,24.73,67.95,-8.65,8.35
RS,89400,ROLADOR,3780,3734,53.23,38.57,42.1,52.06,-11.13,13.49
RS,89419,TRÊS PASSOS,30290,29248,45.82,47.9,35.77,56.48,-10.05,8.59
RS,89435,TRIUNFO,33772,32588,38.58,51.92,33.21,58.38,-5.37,6.46
RS,89443,SANTA MARGARIDA DO SUL,4204,4290,48.81,42.29,38.41,53.57,-10.4,11.27
RS,89451,TUCUNDUVA,7890,7852,31.48,62.59,23.99,70.15,-7.49,7.56
RS,89460,SÃO JOSÉ DO SUL,3290,3422,24.8,63.4,17.83,67.1,-6.98,3.69
RS,89478,TUPANCIRETÃ,25162,23730,49.42,44.67,38.9,55.2,-10.52,10.53
RS,89486,SÃO PEDRO DAS MISSÕES,2552,2504,52.27,44.36,46.25,49.68,-6.03,5.32
RS,89494,TUPARENDI,11604,11622,27.01,66.6,19.62,73.03,-7.39,6.44
RS,89508,TIO HUGO,4258,4438,40.39,51.62,30.6,62.24,-9.8,10.61
RS,89516,URUGUAIANA,122994,117422,35.19,56.4,32.15,59.97,-3.04,3.57
RS,89524,WESTFALIA,4410,4540,28.98,59.82,17.71,70.22,-11.27,10.4
RS,89532,VACARIA,70716,70798,31.63,60.78,24.66,68.34,-6.97,7.56
RS,89540,PINTO BANDEIRA,3930,4020,16.9,75.62,10.55,82.79,-6.35,7.16
RS,89559,VENÂNCIO AIRES,85566,82142,36.36,56.0,27.23,63.49,-9.14,7.49
RS,89567,PEDRAS ALTAS,3070,2874,65.54,27.23,54.14,39.46,-11.4,12.23
RS,89575,VERA CRUZ,32012,32030,43.71,48.92,31.44,59.55,-12.27,10.63
RS,89591,VERANÓPOLIS,30146,30090,19.92,71.54,15.05,76.83,-4.87,5.29
RS,89613,VIADUTOS,6914,6570,31.7,61.24,22.77,71.45,-8.93,10.21
RS,89630,VIAMÃO,248630,232598,51.66,39.43,46.31,43.92,-5.35,4.49
RS,89656,VICENTE DUTRA,6074,5846,43.56,51.33,33.22,62.64,-10.34,11.31
RS,89672,PALMARES DO SUL,15820,15330,43.55,46.25,36.74,56.18,-6.81,9.93
RS,89699,VICTOR GRAEFF,4138,4150,33.64,59.26,21.35,71.81,-12.29,12.55
RS,89710,TAVARES,6928,6594,46.07,40.16,39.28,53.62,-6.8,13.47
RS,89737,CAPÃO DO LEÃO,28156,27498,54.6,35.81,46.16,43.47,-8.45,7.66
RS,89753,SALTO DO JACUÍ,12528,12128,52.55,41.35,41.95,51.24,-10.6,9.89
RS,89770,COTIPORÃ,5732,5626,20.55,69.16,15.78,74.8,-4.77,5.64
RS,98213,TEUTÔNIA,40900,40910,35.35,55.2,26.38,62.72,-8.97,7.52
RS,98230,BOM PRINCÍPIO,17200,17954,22.03,70.62,15.55,75.95,-6.48,5.33
RS,98256,PAROBÉ,62486,62152,36.34,56.96,29.93,62.55,-6.41,5.59
RS,98272,FORTALEZA DOS VALOS,6334,6148,42.19,50.81,30.55,63.21,-11.64,12.4
RS,98299,JÓIA,10310,9846,55.42,39.32,46.98,48.95,-8.44,9.63
SC,80004,MONTE CARLO,10784,10466,51.08,42.6,39.23,54.65,-11.84,12.05
SC,80012,ABELARDO LUZ,18888,18692,41.74,54.46,34.31,60.12,-7.43,5.66
SC,80020,IPORÃ DO OESTE,11918,12652,29.94,58.52,21.04,68.89,-8.9,10.37
SC,80039,AGROLÂNDIA,13142,13554,20.06,75.62,16.1,79.05,-3.96,3.43
SC,80047,LINDÓIA DO SUL,5770,5958,33.62,58.75,25.95,65.42,-7.67,6.67
SC,80055,AGRONÔMICA,7246,7850,17.44,77.53,13.3,81.35,-4.14,3.82
SC,80063,APIÚNA,12862,13526,26.51,68.43,19.65,73.1,-6.86,4.67
SC,80071,ÁGUA DOCE,8654,8616,28.87,66.72,21.82,72.24,-7.05,5.52
SC,80080,DOUTOR PEDRINHO,4870,4966,18.85,74.17,14.74,76.72,-4.11,2.55
SC,80098,ÁGUAS DE CHAPECÓ,7538,7500,53.57,41.79,41.12,52.96,-12.45,11.17
SC,80101,JOSÉ BOITEUX,6806,7246,37.41,57.27,32.65,61.33,-4.76,4.06
SC,80110,ÁGUAS MORNAS,10078,10798,25.76,62.75,20.52,70.72,-5.24,7.97
SC,80128,VITOR MEIRELES,7068,7178,31.35,63.55,22.82,69.77,-8.53,6.21
SC,80136,ALFREDO WAGNER,12988,13670,26.75,65.23,17.59,76.69,-9.16,11.46
SC,80144,UNIÃO DO OESTE,4142,4052,35.44,56.25,30.65,62.98,-4.79,6.73
SC,80152,ANCHIETA,8124,8082,44.68,50.54,34.72,57.66,-9.96,7.12
SC,80160,URUPEMA,3822,3942,39.4,50.6,28.11,62.96,-11.3,12.36
SC,80179,ANGELINA,8470,8454,40.0,51.17,29.03,61.63,-10.97,10.46
SC,80187,IRACEMINHA,6070,6320,28.3,64.58,22.34,70.57,-5.96,5.99
SC,80195,ANITA GARIBALDI,11070,10712,47.84,45.82,39.17,53.73,-8.67,7.92
SC,80209,TIMBÓ GRANDE,8492,8558,46.66,43.88,37.88,55.97,-8.77,12.09
SC,80217,ANITÁPOLIS,5218,5478,33.35,57.3,26.1,65.94,-7.24,8.63
SC,80225,ABDON BATISTA,4148,4384,34.96,54.34,29.65,64.83,-5.3,10.49
SC,80233,ANTÔNIO CARLOS,14146,15814,16.54,76.26,15.1,76.45,-1.44,0.19
SC,80241,SANTA ROSA DO SUL,11906,12320,28.34,64.62,22.79,70.26,-5.55,5.64
SC,80250,ARAQUARI,35972,43162,29.51,64.67,25.34,67.72,-4.17,3.05
SC,80268,CELSO RAMOS,4212,4416,41.74,50.85,34.42,57.7,-7.32,6.84
SC,80276,ARARANGUÁ,81072,85402,29.24,63.23,24.53,67.34,-4.71,4.11
SC,80284,SERRA ALTA,4742,4822,34.16,59.68,26.17,67.52,-7.99,7.84
SC,80292,ARMAZÉM,10944,11998,25.73,69.21,20.6,73.0,-5.13,3.79
SC,80306,COCAL DO SUL,21952,22744,23.66,67.35,19.39,71.35,-4.27,4.0
SC,80314,ARROIO TRINTA,5184,5118,24.15,67.71,16.88,74.36,-7.27,6.66
SC,80322,NOVA ITABERABA,6726,6702,47.52,46.36,38.38,54.64,-9.14,8.28
SC,80330,ASCURRA,9868,10436,17.61,77.89,14.18,79.15,-3.43,1.26
SC,80349,SANTA TEREZINHA,10592,10540,29.97,64.99,19.68,74.44,-10.29,9.45
SC,80357,ATALANTA,4884,4996,19.62,72.73,13.61,80.62,-6.0,7.9
SC,80365,MIRIM DOCE,3802,3806,29.83,64.86,21.28,73.94,-8.54,9.08
SC,80373,AURORA,8628,9584,19.49,73.81,12.92,80.93,-6.58,7.12
SC,80381,CERRO NEGRO,5050,5164,58.97,36.08,48.02,46.9,-10.95,10.82
SC,80390,BALNEÁRIO CAMBORIÚ,161600,167978,23.85,68.36,21.07,70.96,-2.78,2.6
SC,80403,PASSO DE TORRES,11184,14020,35.82,56.87,28.25,64.01,-7.57,7.14
SC,80411,BARRA VELHA,38220,44590,24.62,70.1,21.94,71.78,-2.67,1.67
SC,80420,BRAÇO DO TROMBUDO,5328,5574,19.11,74.32,14.89,79.15,-4.22,4.83
SC,80438,BENEDITO NOVO,13082,13526,15.43,78.41,13.1,79.76,-2.33,1.34
SC,80446,SUL BRASIL,4132,4142,44.72,46.66,37.95,54.9,-6.77,8.24
SC,80454,BIGUAÇU,82218,88474,32.41,58.21,28.26,62.66,-4.15,4.45
SC,80462,VARGEM,3990,4174,48.87,42.46,37.23,57.21,-11.64,14.76
SC,80470,BLUMENAU,417192,421586,22.76,66.74,20.85,68.83,-1.91,2.09
SC,80489,ARABUTÃ,6220,6568,31.67,59.52,24.3,67.84,-7.37,8.33
SC,80497,BOM RETIRO,10324,10344,36.27,56.59,25.6,67.54,-10.67,10.95
SC,80500,ÁGUAS FRIAS,4250,4410,41.08,49.27,31.7,59.05,-9.38,9.78
SC,80519,BOTUVERÁ,7296,8092,21.16,72.89,17.08,77.04,-4.08,4.15
SC,80527,GUATAMBÚ,9674,10266,54.23,40.71,43.41,49.89,-10.82,9.19
SC,80535,BRAÇO DO NORTE,39756,41670,19.66,73.91,15.5,76.75,-4.16,2.84
SC,80543,PLANALTO ALEGRE,4600,4784,51.09,41.3,42.52,50.5,-8.57,9.2
SC,80551,BRUSQUE,153680,164396,20.77,72.54,18.23,74.49,-2.55,1.95
SC,80560,RIQUEZA,6534,6612,40.16,51.82,32.52,60.5,-7.64,8.67
SC,80578,CAÇADOR,80066,78790,40.01,51.76,31.38,60.31,-8.64,8.55
SC,80586,LAJEADO GRANDE,2564,2676,36.58,57.96,27.06,66.74,-9.53,8.79
SC,80594,CAIBI,8024,8608,28.36,65.98,21.84,73.07,-6.52,7.09
SC,80608,RIO RUFINO,3714,3996,37.59,54.66,29.33,63.16,-8.26,8.51
SC,80616,CAMBORIÚ,86292,93392,26.65,67.04,22.66,69.75,-3.98,2.72
SC,80624,PASSOS MAIA,5320,5362,53.2,40.11,43.23,51.32,-9.97,11.21
SC,80632,CAMPO ALEGRE,15380,16150,20.14,73.42,14.61,79.23,-5.53,5.81
SC,80640,SÃO JOÃO DO OESTE,8498,8758,22.15,68.46,16.28,72.89,-5.86,4.43
SC,80659,CAMPO BELO DO SUL,9402,9212,46.31,46.82,37.39,57.69,-8.92,10.87
SC,80667,CALMON,4712,4710,66.51,28.9,55.97,38.47,-10.55,9.57
SC,80675,CAMPO ERÊ,11270,11636,54.8,41.19,44.26,50.4,-10.54,9.21
SC,80683,BALNEÁRIO BARRA DO SUL,15826,17142,27.35,66.79,25.1,68.65,-2.25,1.86
SC,80691,CAMPOS NOVOS,40408,40528,33.78,58.83,26.26,67.8,-7.52,8.97
SC,80705,PARAÍSO,5744,5706,48.82,43.7,37.05,55.03,-11.77,11.33
SC,80713,CANELINHA,14482,15930,24.79,70.1,20.05,74.45,-4.74,4.35
SC,80721,SANTA HELENA,3808,3694,41.86,48.16,30.27,61.13,-11.59,12.96
SC,80730,CANOINHAS,64986,65104,28.55,61.06,24.18,67.62,-4.37,6.56
SC,80748,BELMONTE,3854,3956,39.02,52.41,28.72,64.96,-10.31,12.55
SC,80756,CAPINZAL,27182,27034,35.47,56.8,28.85,63.85,-6.62,7.04
SC,80764,NOVO HORIZONTE,4198,4232,43.35,51.83,31.33,63.04,-12.02,11.21
SC,80772,CATANDUVAS,13390,13452,37.76,56.31,27.68,65.54,-10.08,9.23
SC,80780,SÃO MIGUEL DA BOA VISTA,2768,2832,49.64,41.55,37.08,51.48,-12.56,9.94
SC,80799,CAXAMBU DO SUL,7248,7238,50.83,43.38,41.48,53.36,-9.35,9.98
SC,80802,ARVOREDO,4158,4406,40.21,51.42,31.73,57.69,-8.48,6.28
SC,80810,CHAPECÓ,256118,261392,36.7,56.68,30.0,61.81,-6.7,5.13
SC,80829,IPUAÇU,8938,8832,64.53,30.5,55.3,40.24,-9.23,9.74
SC,80837,CONCÓRDIA,94156,95040,29.23,63.6,23.25,68.55,-5.98,4.95
SC,80845,OURO VERDE,3224,3336,37.47,57.88,27.64,67.39,-9.83,9.51
SC,80853,CORONEL FREITAS,13386,13152,38.16,56.37,31.48,63.52,-6.68,7.15
SC,80861,IRATI,3372,3254,48.34,44.9,39.03,55.93,-9.31,11.03
SC,80870,CORUPÁ,19184,20020,20.95,72.19,17.07,75.74,-3.88,3.56
SC,80888,FORMOSA DO SUL,3912,4160,50.51,43.0,38.22,55.14,-12.29,12.15
SC,80896,CRICIÚMA,234862,237162,26.79,64.5,23.38,67.25,-3.41,2.75
SC,80900,MACIEIRA,2882,3738,48.16,46.29,34.56,59.23,-13.6,12.94
SC,80918,CUNHA PORÃ,14626,14890,16.57,76.81,12.69,81.56,-3.88,4.75
SC,80926,PONTE ALTA DO NORTE,3860,3832,44.4,50.21,35.59,59.71,-8.81,9.5
SC,80934,CURITIBANOS,45972,45734,38.56,54.3,29.09,63.73,-9.47,9.42
SC,80942,SÃO CRISTÓVÃO DO SUL,5262,5266,43.29,51.69,33.04,61.11,-10.25,9.42
SC,80950,DESCANSO,11510,11944,35.76,56.04,27.21,63.76,-8.55,7.73
SC,80969,VARGEM BONITA,6488,6422,40.44,52.9,32.67,60.54,-7.77,7.64
SC,80977,DIONÍSIO CERQUEIRA,17004,17658,44.72,50.68,36.49,58.1,-8.23,7.42
SC,80985,BOMBINHAS,25832,29064,26.86,65.55,23.93,68.37,-2.92,2.81
SC,80993,DONA EMMA,5198,5526,27.24,64.33,19.04,70.54,-8.2,6.21
SC,81000,SANGÃO,13540,14394,20.95,74.39,17.19,78.21,-3.76,3.83
SC,81019,ERVAL VELHO,6410,6236,27.27,64.74,22.61,71.3,-4.66,6.55
SC,81027,CAPIVARI DE BAIXO,27820,28910,33.2,59.28,28.3,63.88,-4.9,4.6
SC,81035,FAXINAL DOS GUEDES,14442,14116,49.98,45.78,41.06,52.28,-8.92,6.5
SC,81043,CORDILHEIRA ALTA,6696,6998,35.39,58.9,27.15,66.59,-8.24,7.69
SC,81051,FLORIANÓPOLIS,640934,653664,42.43,45.67,40.83,48.63,-1.6,2.96
SC,81060,FORQUILHINHA,33834,36264,26.59,66.96,23.09,70.07,-3.5,3.11
SC,81078,FRAIBURGO,41230,40510,35.52,57.61,26.41,66.54,-9.1,8.93
SC,81086,MORRO GRANDE,4424,4616,21.2,71.93,16.81,76.86,-4.39,4.94
SC,81094,GALVÃO,4504,4464,40.85,52.93,32.17,63.08,-8.68,10.15
SC,81108,CORONEL MARTINS,3336,3262,46.4,47.54,35.32,57.63,-11.09,10.09
SC,81116,GOVERNADOR CELSO RAMOS,23694,27132,21.6,70.47,18.9,74.21,-2.7,3.74
SC,81124,SÃO JOÃO DO ITAPERIÚ,6008,7050,18.14,77.5,16.28,79.21,-1.86,1.71
SC,81132,GAROPABA,33572,37290,37.32,54.2,32.86,59.09,-4.47,4.89
SC,81140,JARDINÓPOLIS,2822,2900,36.22,55.14,30.55,60.83,-5.66,5.69
SC,81159,GARUVA,18762,19232,25.4,68.44,21.68,72.03,-3.72,3.59
SC,81167,ERMO,3822,4644,25.43,68.92,18.65,75.28,-6.78,6.36
SC,81175,GASPAR,77062,81018,24.69,68.12,20.67,71.16,-4.02,3.04
SC,81183,SÃO PEDRO DE ALCÂNTARA,6932,8024,25.94,65.12,22.51,69.42,-3.43,4.3
SC,81191,GRÃO-PARÁ,9272,9542,22.54,70.47,15.66,77.32,-6.88,6.85
SC,81205,SANTIAGO DO SUL,2424,2458,46.2,47.03,39.22,53.62,-6.99,6.59
SC,81213,GRAVATAL,14636,15692,23.12,70.4,18.9,73.64,-4.22,3.24
SC,81221,BELA VISTA DO TOLDO,8156,8482,33.03,56.42,23.86,69.54,-9.17,13.11
SC,81230,GUABIRUBA,27052,28748,19.61,72.87,16.81,75.98,-2.81,3.1
SC,81248,CAPÃO ALTO,4596,5002,33.72,52.48,26.91,63.89,-6.82,11.41
SC,81256,GUARACIABA,14784,15018,39.03,52.35,29.03,62.55,-10.0,10.2
SC,81264,PAINEL,3914,4144,42.26,47.88,32.72,59.41,-9.54,11.53
SC,81272,GUARAMIRIM,50518,53144,24.34,69.15,19.68,72.88,-4.66,3.73
SC,81280,BOCAINA DO SUL,5152,5256,38.66,53.61,29.6,64.92,-9.06,11.31
SC,81299,GUARUJÁ DO SUL,6304,6254,37.53,56.28,29.96,61.98,-7.57,5.69
SC,81302,ALTO BELA VISTA,2942,2886,32.22,57.58,25.78,62.16,-6.44,4.58
SC,81310,HERVAL D OESTE,26442,26196,32.42,59.28,26.97,65.81,-5.44,6.53
SC,81329,FREI ROGÉRIO,3546,3720,38.52,52.34,24.52,68.92,-14.01,16.58
SC,81337,IBICARÉ,4818,4920,26.98,67.95,20.0,74.43,-6.98,6.48
SC,81345,TREVISO,6210,6340,34.75,53.66,25.99,63.56,-8.76,9.91
SC,81353,IBIRAMA,22854,23430,22.25,69.03,17.99,73.07,-4.26,4.04
SC,81361,IOMERÊ,4586,4866,23.29,67.73,18.17,73.78,-5.12,6.05
SC,81370,IÇARA,65564,68778,25.58,67.68,21.09,71.29,-4.48,3.6
SC,81388,BOM JESUS,4066,4262,47.12,49.19,39.32,54.95,-7.8,5.76
SC,81396,ILHOTA,17628,19396,21.93,71.85,18.28,75.14,-3.65,3.29
SC,81400,IBIAM,3048,3254,35.43,59.12,26.0,67.49,-9.43,8.37
SC,81418,IMARUÍ,14708,15378,44.52,48.64,38.96,54.62,-5.56,5.98
SC,81426,ENTRE RIOS,4748,5040,67.14,27.42,55.28,41.27,-11.87,13.85
SC,81434,IMBITUBA,58026,61766,39.79,51.4,34.48,57.0,-5.31,5.59
SC,81442,PAIAL,3104,3262,51.22,41.3,41.63,50.83,-9.59,9.53
SC,81450,IMBUIA,8356,8816,24.99,67.78,16.04,77.56,-8.95,9.78
SC,81469,BOM JESUS DO OESTE,3176,3186,31.99,59.01,26.11,67.17,-5.88,8.16
SC,81477,INDAIAL,73696,79192,20.37,71.84,17.76,73.34,-2.61,1.5
SC,81485,SÃO BERNARDINO,4098,4158,51.68,42.07,40.55,52.48,-11.14,10.41
SC,81493,IPIRA,6164,6468,39.29,52.95,30.52,62.18,-8.77,9.23
SC,81507,SANTA TEREZINHA DO PROGRESSO,3710,3840,54.77,36.93,44.53,47.81,-10.24,10.89
SC,81515,IPUMIRIM,9850,9248,44.57,49.54,34.56,56.29,-10.01,6.75
SC,81523,SALTINHO,5164,5154,61.23,33.73,46.37,46.1,-14.86,12.37
SC,81531,IRANI,12166,12422,36.71,56.14,29.08,62.5,-7.63,6.36
SC,81540,JUPIÁ,3686,3724,42.92,49.86,33.78,59.34,-9.14,9.48
SC,81558,IRINEÓPOLIS,12772,13236,35.26,57.61,23.27,69.61,-11.99,12.0
SC,81566,PALMEIRA,4562,5262,35.38,55.9,27.29,65.79,-8.09,9.9
SC,81574,ITÁ,9596,9596,43.64,46.83,33.1,55.56,-10.55,8.73
SC,81582,BANDEIRANTE,4624,4792,48.44,44.59,36.14,55.3,-12.3,10.71
SC,81590,ITAIÓPOLIS,25734,26356,24.7,68.69,17.07,77.4,-7.63,8.71
SC,81604,FLOR DO SERTÃO,2790,2878,48.24,43.58,32.94,56.64,-15.3,13.05
SC,81612,ITAJAÍ,264598,287564,25.64,66.43,23.09,68.56,-2.54,2.14
SC,81620,CUNHATAÍ,3020,3222,29.93,58.08,21.04,70.76,-8.89,12.68
SC,81639,ITAPEMA,76654,91584,23.45,70.64,19.13,74.35,-4.32,3.72
SC,81647,PRINCESA,4148,4292,37.61,54.97,24.42,66.64,-13.19,11.67
SC,81655,ITAPIRANGA,19782,19412,27.92,63.14,20.0,70.28,-7.93,7.14
SC,81663,ITAPOÁ,26376,31528,29.18,64.23,25.83,66.7,-3.35,2.46
SC,81671,ITUPORANGA,31012,32736,20.5,73.06,15.11,78.6,-5.39,5.55
SC,81680,TIGRINHOS,3246,3320,45.72,47.32,34.82,57.83,-10.9,10.51
SC,81698,JABORÁ,6402,6536,26.37,64.1,21.51,71.14,-4.86,7.04
SC,81701,CHAPADÃO DO LAGEADO,4418,4666,31.73,62.56,19.97,71.41,-11.76,8.85
SC,81710,JACINTO MACHADO,14424,14842,24.03,68.5,17.57,75.72,-6.46,7.22
SC,81728,BALNEÁRIO ARROIO DO SILVA,16794,19718,37.1,56.64,31.91,61.13,-5.19,4.49
SC,81736,JAGUARUNA,23730,25994,26.61,67.05,22.69,70.73,-3.92,3.69
SC,81744,BALNEÁRIO GAIVOTA,15516,19260,34.93,58.12,28.95,63.51,-5.98,5.39
SC,81752,JARAGUÁ DO SUL,205126,217256,21.83,70.02,18.9,72.67,-2.93,2.65
SC,81760,BARRA BONITA,2856,3040,44.54,47.55,34.21,55.53,-10.33,7.98
SC,81779,JOAÇABA,35676,35096,26.3,64.99,22.01,70.2,-4.28,5.21
SC,81787,BRUNÓPOLIS,4500,4656,44.89,48.53,33.25,63.1,-11.64,14.57
SC,81795,JOINVILLE,693264,705738,21.43,68.98,20.66,69.8,-0.77,0.82
SC,81809,LUZERNA,8428,8344,20.17,71.78,16.18,75.84,-3.99,4.05
SC,81817,LACERDÓPOLIS,3348,3380,24.67,65.59,18.46,75.74,-6.21,10.15
SC,81825,ZORTÉA,4832,5294,40.07,51.95,32.91,61.62,-7.16,9.67
SC,81833,LAGES,192744,190844,32.11,59.07,27.05,65.33,-5.06,6.26
SC,81850,LAGUNA,54636,55396,37.34,54.12,34.32,57.46,-3.03,3.33
SC,81876,LAURENTINO,9882,10326,22.08,71.69,17.35,75.91,-4.73,4.22
SC,81892,LAURO MÜLLER,19454,19284,33.97,56.64,27.04,64.57,-6.93,7.94
SC,81914,LEBON RÉGIS,13048,13200,56.27,38.98,43.92,49.17,-12.34,10.19
SC,81930,LEOBERTO LEAL,5254,5452,29.12,59.65,19.88,72.19,-9.24,12.54
SC,81957,LONTRAS,14194,14940,22.97,70.44,17.5,76.12,-5.47,5.68
SC,81973,LUIZ ALVES,16500,17462,18.68,75.16,14.55,79.13,-4.13,3.97
SC,81990,MAFRA,66462,66446,23.82,67.62,19.32,72.35,-4.5,4.72
SC,82015,MAJOR GERCINO,4824,5032,27.99,65.22,22.5,70.35,-5.49,5.13
SC,82031,MAJOR VIEIRA,9396,9496,39.42,49.49,24.96,66.83,-14.46,17.34
SC,82058,MARAVILHA,32144,33418,29.17,63.8,22.05,69.66,-7.13,5.86
SC,82066,MAREMA,3512,3654,34.17,58.88,27.04,67.05,-7.13,8.17
SC,82074,MASSARANDUBA,21410,21930,17.59,75.46,13.08,79.67,-4.51,4.21
SC,82090,MATOS COSTA,3650,3646,53.81,41.42,43.06,49.97,-10.75,8.55
SC,82112,MELEIRO,9976,10052,19.17,75.26,15.76,78.35,-3.41,3.09
SC,82139,MODELO,5690,5928,36.34,54.45,26.59,62.92,-9.76,8.48
SC,82155,MONDAÍ,12244,12466,39.79,52.07,30.64,59.7,-9.15,7.62
SC,82171,MONTE CASTELO,10698,11074,40.96,52.98,30.29,63.27,-10.67,10.28
SC,82198,MORRO DA FUMAÇA,21532,22780,19.87,73.93,15.79,77.92,-4.07,3.99
SC,82210,NAVEGANTES,88352,99644,29.12,63.65,25.65,65.78,-3.47,2.14
SC,82236,NOVA ERECHIM,6482,6642,39.15,53.81,30.29,61.85,-8.86,8.04
SC,82252,NOVA TRENTO,17268,18408,21.11,72.6,17.25,75.86,-3.86,3.26
SC,82279,NOVA VENEZA,19934,20476,22.45,71.1,17.65,76.32,-4.8,5.22
SC,82295,ORLEANS,30148,30646,20.13,72.81,15.38,78.39,-4.75,5.58
SC,82317,OURO,9424,9190,27.76,64.88,21.35,71.51,-6.41,6.64
SC,82333,PALHOÇA,219370,239258,32.32,57.8,27.74,62.35,-4.58,4.55
SC,82350,PALMA SOLA,8800,8708,51.77,41.66,39.14,53.45,-12.64,11.79
SC,82376,PALMITOS,19516,19700,29.11,63.38,21.32,71.92,-7.79,8.53
SC,82392,PAPANDUVA,23378,23120,42.48,51.53,29.92,63.9,-12.56,12.37
SC,82414,PAULO LOPES,10786,12060,33.38,59.5,26.83,67.11,-6.54,7.61
SC,82430,PEDRAS GRANDES,6484,6640,22.55,69.52,17.95,74.79,-4.6,5.26
SC,82457,PENHA,34242,39756,23.18,69.63,21.57,70.15,-1.61,0.52
SC,82473,PERITIBA,4586,4970,25.6,65.85,18.71,73.92,-6.89,8.07
SC,82490,PETROLÂNDIA,9064,9494,21.23,72.57,16.56,78.11,-4.67,5.54
SC,82511,BALNEÁRIO PIÇARRAS,28036,34416,25.98,67.57,22.82,70.26,-3.16,2.69
SC,82538,PINHALZINHO,25082,25480,37.92,55.36,29.42,61.44,-8.5,6.07
SC,82554,PINHEIRO PRETO,4604,4740,35.97,55.99,26.12,66.12,-9.85,10.12
SC,82570,PIRATUBA,8406,8608,33.07,59.72,24.35,67.7,-8.72,7.99
SC,82597,POMERODE,40790,42414,18.62,73.17,16.07,74.88,-2.55,1.71
SC,82619,PONTE ALTA,6314,6376,40.39,53.37,34.79,61.01,-5.6,7.64
SC,82635,PONTE SERRADA,12668,12368,49.16,45.31,38.68,56.29,-10.48,10.98
SC,82651,PORTO BELO,24900,30058,24.5,68.22,20.15,72.75,-4.35,4.53
SC,82678,PORTO UNIÃO,38324,38102,31.22,59.66,25.46,65.9,-5.77,6.24
SC,82694,POUSO REDONDO,18936,19582,22.76,72.88,17.07,77.38,-5.69,4.5
SC,82716,PRAIA GRANDE,10234,10754,40.1,51.87,28.45,63.01,-11.65,11.14
SC,82732,PRESIDENTE CASTELLO BRANCO,2746,2896,20.83,73.71,16.85,77.07,-3.98,3.36
SC,82759,PRESIDENTE GETÚLIO,21668,22928,21.16,72.75,16.28,77.32,-4.89,4.57
SC,82775,PRESIDENTE NEREU,3438,3608,28.33,63.99,20.4,73.67,-7.93,9.68
SC,82791,QUILOMBO,13608,12976,44.55,49.03,36.07,58.01,-8.48,8.98
SC,82813,RANCHO QUEIMADO,5222,6156,26.66,64.08,19.53,72.68,-7.13,8.6
SC,82830,RIO DAS ANTAS,8210,8768,29.91,64.14,24.16,69.94,-5.76,5.79
SC,82856,RIO DO CAMPO,8798,9156,24.07,70.9,17.58,75.6,-6.49,4.7
SC,82872,RIO DO OESTE,9774,10038,27.62,66.79,18.95,71.99,-8.68,5.2
SC,82899,RIO DOS CEDROS,13976,14916,19.36,72.74,16.43,76.47,-2.94,3.73
SC,82910,RIO DO SUL,79404,80614,22.64,69.89,18.75,72.85,-3.88,2.96
SC,82937,RIO FORTUNA,7576,7778,14.15,77.59,11.21,80.77,-2.94,3.18
SC,82953,RIO NEGRINHO,48108,48262,23.91,67.86,19.7,72.8,-4.22,4.94
SC,82970,RODEIO,15282,15690,19.64,74.26,16.56,75.32,-3.09,1.06
SC,82996,ROMELÂNDIA,6538,6618,42.03,49.04,33.42,59.17,-8.61,10.14
SC,83011,SALETE,9830,10368,25.15,68.73,18.21,74.25,-6.94,5.52
SC,83038,SALTO VELOSO,5592,5540,31.26,63.02,24.01,68.77,-7.25,5.75
SC,83054,SANTA CECÍLIA,18178,17642,43.23,51.79,31.5,63.52,-11.72,11.73
SC,83070,SANTA ROSA DE LIMA,3264,3424,31.13,59.5,22.08,67.17,-9.05,7.68
SC,83097,SANTO AMARO DA IMPERATRIZ,31178,33466,28.75,60.66,24.34,66.5,-4.41,5.83
SC,83119,SÃO BENTO DO SUL,98278,99632,21.4,69.34,17.52,73.49,-3.88,4.14
SC,83135,SÃO BONIFÁCIO,4550,4778,18.11,72.7,14.82,77.81,-3.29,5.11
SC,83151,SÃO CARLOS,13638,13534,36.69,55.54,28.57,63.47,-8.13,7.93
SC,83178,SÃO DOMINGOS,12044,11758,42.38,52.79,32.42,62.88,-9.96,10.1
SC,83194,SÃO FRANCISCO DO SUL,58034,62162,28.91,63.67,26.37,65.88,-2.54,2.21
SC,83216,SÃO JOÃO BATISTA,34884,36428,21.18,72.94,17.39,75.95,-3.8,3.01
SC,83232,SÃO JOÃO DO SUL,10950,12128,27.62,62.56,19.71,72.21,-7.91,9.66
SC,83259,SÃO JOAQUIM,29090,28572,38.25,52.24,26.94,64.41,-11.31,12.17
SC,83275,SÃO JOSÉ,295150,304064,34.17,55.23,30.88,58.87,-3.29,3.64
SC,83291,SÃO JOSÉ DO CEDRO,17906,18020,29.84,64.6,21.18,71.83,-8.67,7.23
SC,83313,SÃO JOSÉ DO CERRITO,12120,12740,52.57,40.61,41.84,52.09,-10.74,11.48
SC,83330,SÃO LOURENÇO DO OESTE,29640,29748,35.98,56.91,28.53,64.23,-7.45,7.32
SC,83356,SÃO LUDGERO,15260,16672,19.9,72.18,16.41,76.24,-3.48,4.06
SC,83372,SÃO MARTINHO,5504,5616,17.26,75.25,14.46,77.81,-2.8,2.56
SC,83399,SÃO MIGUEL DO OESTE,49136,49792,33.46,58.06,25.64,64.62,-7.82,6.56
SC,83410,SAUDADES,12928,13014,35.04,57.55,26.91,63.3,-8.13,5.75
SC,83437,SCHROEDER,22394,23584,23.27,70.31,18.76,73.89,-4.52,3.58
SC,83453,SEARA,22808,22160,41.94,49.46,33.21,57.47,-8.73,8.02
SC,83470,SIDERÓPOLIS,16840,17920,32.11,58.84,25.39,65.36,-6.72,6.52
SC,83496,SOMBRIO,34910,35876,29.19,63.43,22.76,69.54,-6.43,6.11
SC,83518,TAIÓ,23186,23104,20.02,74.88,13.76,80.51,-6.27,5.62
SC,83534,TANGARÁ,10676,10550,27.78,65.06,20.83,72.36,-6.95,7.3
SC,83550,TIJUCAS,47924,55780,27.93,65.0,21.74,70.71,-6.19,5.71
SC,83577,TIMBÓ,54006,57346,16.49,75.35,15.4,75.65,-1.09,0.29
SC,83593,TRÊS BARRAS,22406,22308,36.18,55.21,29.87,61.85,-6.31,6.64
SC,83615,TREZE DE MAIO,10782,11046,17.23,76.7,13.53,80.66,-3.71,3.96
SC,83631,TREZE TÍLIAS,10094,10662,21.87,72.66,16.45,76.29,-5.42,3.63
SC,83658,TROMBUDO CENTRAL,8542,9030,20.37,74.46,17.5,76.79,-2.87,2.33
SC,83674,TUBARÃO,124852,128588,23.89,67.5,21.09,70.66,-2.8,3.16
SC,83682,TUNÁPOLIS,6596,6988,22.32,67.98,17.37,72.35,-4.94,4.37
SC,83690,TURVO,16782,17504,17.33,76.71,14.67,79.68,-2.66,2.97
SC,83712,URUBICI,12526,13230,27.67,66.12,20.06,72.89,-7.61,6.78
SC,83739,URUSSANGA,25508,25194,21.6,69.02,18.43,72.9,-3.18,3.88
SC,83755,VARGEÃO,4916,4716,45.16,48.94,34.69,57.21,-10.47,8.27
SC,83771,VIDAL RAMOS,8870,8888,25.95,66.45,18.61,75.56,-7.34,9.11
SC,83798,VIDEIRA,59026,59976,27.75,65.43,22.28,70.78,-5.47,5.35
SC,83810,WITMARSUM,5558,5766,27.85,64.99,18.73,72.94,-9.12,7.96
SC,83836,XANXERÊ,56672,56522,38.53,55.41,30.67,61.86,-7.87,6.45
SC,83852,XAVANTINA,5996,5652,42.96,51.83,32.91,60.54,-10.05,8.71
SC,83879,XAXIM,36594,36930,33.45,60.8,26.74,66.99,-6.72,6.19
SC,83895,BOM JARDIM DA SERRA,5610,5914,42.99,49.77,33.04,61.55,-9.95,11.78
SC,83909,BALNEÁRIO RINCÃO,18600,20430,34.63,59.37,29.55,64.42,-5.08,5.05
SC,83917,MARACAJÁ,10190,10666,33.27,59.49,24.3,67.22,-8.97,7.73
SC,83925,PESCARIA BRAVA,13132,14272,39.34,52.36,30.68,61.11,-8.66,8.75
SC,83933,TIMBÉ DO SUL,7220,7592,27.42,66.07,22.23,71.55,-5.19,5.48
SC,83950,CORREIA PINTO,19168,19324,42.2,50.16,35.67,58.33,-6.53,8.18
SC,83976,OTACÍLIO COSTA,21260,20724,33.54,58.28,26.34,66.76,-7.2,8.48
SE,31003,SANTANA DO SÃO FRANCISCO,8774,9648,71.64,24.03,68.74,27.55,-2.9,3.52
SE,31011,AMPARO DE SÃO FRANCISCO,4306,4926,68.37,25.41,65.69,29.19,-2.68,3.79
SE,31038,AQUIDABÃ,25670,27338,73.95,20.81,69.54,24.9,-4.42,4.09
SE,31054,ARACAJU,673404,671342,52.56,37.08,54.07,37.31,1.5,0.23
SE,31070,ARAUÁ,14338,15110,75.73,19.49,74.0,21.2,-1.72,1.72
SE,31097,AREIA BRANCA,22376,24302,69.33,25.25,66.96,27.07,-2.38,1.82
SE,31119,BARRA DOS COQUEIROS,38114,49994,58.27,33.84,58.22,34.71,-0.04,0.87
SE,31135,BREJO GRANDE,10872,12034,77.21,19.52,73.92,22.0,-3.28,2.49
SE,31151,BOQUIM,32012,33806,69.46,25.5,66.31,28.02,-3.15,2.52
SE,31194,CAMPO DO BRITO,22386,24238,71.79,23.27,68.93,25.36,-2.86,2.08
SE,31216,CANHOBA,6774,7642,77.71,18.07,75.37,19.24,-2.34,1.17
SE,31232,CANINDÉ DE SÃO FRANCISCO,33732,36036,76.22,19.79,70.62,24.1,-5.61,4.32
SE,31259,CAPELA,38138,39490,67.43,26.41,65.83,28.34,-1.6,1.93
SE,31275,CARIRA,25756,26320,70.04,24.26,66.87,27.17,-3.17,2.91
SE,31291,CARMÓPOLIS,18676,18072,65.34,29.63,64.58,30.11,-0.76,0.48
SE,31313,CEDRO DE SÃO JOÃO,8578,8752,67.85,27.91,64.28,30.92,-3.57,3.01
SE,31330,CRISTINÁPOLIS,20542,21698,78.97,17.33,73.2,22.03,-5.77,4.7
SE,31356,NOSSA SENHORA APARECIDA,11572,11936,62.65,32.46,61.43,34.3,-1.22,1.84
SE,31372,CUMBE,6900,7236,60.81,32.67,58.04,35.05,-2.77,2.38
SE,31399,DIVINA PASTORA,6212,6906,76.37,19.32,74.4,20.79,-1.97,1.48
SE,31410,ESTÂNCIA,73672,77704,70.16,23.6,69.35,24.27,-0.81,0.66
SE,31437,FEIRA NOVA,9314,10466,74.7,20.98,71.83,23.89,-2.87,2.91
SE,31453,FREI PAULO,20508,21142,60.68,35.12,56.51,37.95,-4.17,2.83
SE,31470,GENERAL MAYNARD,4486,5326,71.82,22.11,70.37,22.91,-1.45,0.79
SE,31496,GARARU,14344,15040,81.6,13.89,78.91,17.42,-2.69,3.53
SE,31518,GRACCHO CARDOSO,9826,10568,78.95,16.45,74.96,20.95,-3.99,4.5
SE,31534,ILHA DAS FLORES,10856,11678,76.79,19.53,73.8,22.54,-2.99,3.01
SE,31550,INDIAROBA,19106,20470,78.29,17.07,76.93,17.91,-1.36,0.84
SE,31577,ITABAIANA,115976,122684,58.62,34.48,55.71,36.91,-2.92,2.43
SE,31593,ITABAIANINHA,48482,51454,61.77,33.36,58.36,36.61,-3.41,3.24
SE,31615,ITABI,7088,7424,70.29,23.79,65.95,28.45,-4.34,4.66
SE,31631,ITAPORANGA D AJUDA,42510,45090,66.73,26.52,66.87,26.44,0.14,-0.07
SE,31658,JAPARATUBA,21220,22396,71.84,20.68,71.38,23.2,-0.46,2.52
SE,31674,JAPOATÃ,17102,17804,74.4,21.52,72.49,23.3,-1.91,1.78
SE,31690,LAGARTO,121498,131828,68.04,26.26,65.29,28.31,-2.75,2.05
SE,31712,LARANJEIRAS,33512,34312,64.28,28.94,65.64,28.66,1.36,-0.28
SE,31739,MACAMBIRA,10124,10806,68.69,25.58,67.61,27.5,-1.08,1.92
SE,31755,MALHADA DOS BOIS,6002,6596,76.64,19.33,72.47,23.07,-4.17,3.75
SE,31771,MALHADOR,15820,16428,71.55,23.6,69.16,25.6,-2.39,2.0
SE,31798,MARUIM,19542,19960,74.74,19.89,75.04,20.07,0.3,0.18
SE,31810,MOITA BONITA,14262,15052,63.01,30.51,59.63,33.7,-3.37,3.18
SE,31836,MONTE ALEGRE DE SERGIPE,18350,19828,71.88,24.1,66.59,29.19,-5.29,5.09
SE,31852,MURIBECA,11216,11942,70.19,24.45,67.74,26.96,-2.44,2.52
SE,31879,NEÓPOLIS,20670,22070,72.94,23.04,72.19,23.75,-0.75,0.71
SE,31895,NOSSA SENHORA DA GLÓRIA,45352,49726,75.07,19.95,70.05,23.87,-5.02,3.92
SE,31917,NOSSA SENHORA DAS DORES,32390,33814,61.35,32.1,61.55,32.6,0.21,0.49
SE,31933,NOSSA SENHORA DE LOURDES,9088,10246,78.26,18.29,75.52,20.36,-2.73,2.07
SE,31950,NOSSA SENHORA DO SOCORRO,182126,198240,54.67,36.73,55.26,36.59,0.59,-0.14
SE,31976,PACATUBA,16626,17800,78.97,15.88,78.38,16.37,-0.59,0.49
SE,31992,PEDRA MOLE,5102,5334,69.35,25.79,66.74,28.05,-2.6,2.25
SE,32018,PEDRINHAS,10936,12184,71.93,24.12,69.04,26.44,-2.89,2.32
SE,32034,PINHÃO,8582,8810,74.27,21.02,71.87,22.57,-2.4,1.54
SE,32050,PIRAMBU,12136,12646,69.51,24.09,69.52,23.93,0.01,-0.17
SE,32077,POÇO REDONDO,31674,34574,75.39,20.09,69.45,25.83,-5.94,5.74
SE,32093,POÇO VERDE,29096,30162,74.5,18.59,71.28,22.47,-3.22,3.89
SE,32115,PORTO DA FOLHA,35950,40076,76.36,18.84,72.53,21.94,-3.82,3.1
SE,32131,PROPRIÁ,30732,31778,62.52,32.81,59.39,35.87,-3.13,3.07
SE,32158,RIACHÃO DO DANTAS,26814,28354,78.52,17.07,77.48,17.63,-1.03,0.57
SE,32174,RIACHUELO,12376,12438,72.74,22.56,71.43,23.91,-1.31,1.35
SE,32190,RIBEIRÓPOLIS,22470,22632,66.1,28.17,62.22,32.28,-3.88,4.11
SE,32212,ROSÁRIO DO CATETE,12842,13554,71.31,21.79,73.04,22.15,1.73,0.36
SE,32239,SALGADO,26438,28524,75.03,19.77,72.04,22.25,-2.98,2.49
SE,32255,SANTA LUZIA DO ITANHY,16074,17840,77.63,17.61,75.41,19.56,-2.21,1.96
SE,32298,SANTA ROSA DE LIMA,6522,7356,71.14,23.46,67.65,26.86,-3.5,3.4
SE,32310,SANTO AMARO DAS BROTAS,13934,14942,81.01,15.16,79.75,15.87,-1.26,0.72
SE,32336,SÃO CRISTÓVÃO,93982,98472,60.9,31.14,61.27,31.59,0.37,0.46
SE,32352,SÃO DOMINGOS,11696,12518,66.57,30.27,62.71,33.01,-3.86,2.74
SE,32379,SÃO FRANCISCO,5586,6156,72.86,21.91,68.97,26.45,-3.89,4.53
SE,32395,SÃO MIGUEL DO ALEIXO,6068,6306,72.74,22.41,69.87,24.55,-2.87,2.14
SE,32417,SIMÃO DIAS,54984,57478,73.28,21.09,67.73,26.03,-5.56,4.94
SE,32433,SIRIRI,10392,10736,72.44,22.27,72.41,22.39,-0.03,0.12
SE,32450,TELHA,5756,5946,66.44,30.19,65.09,31.08,-1.35,0.89
SE,32476,TOBIAS BARRETO,64324,68394,67.11,27.83,63.42,30.82,-3.69,2.99
SE,32492,TOMAR DO GERU,14152,15814,68.84,26.6,67.23,27.95,-1.61,1.35
SE,32514,UMBAÚBA,28046,30648,68.27,26.44,63.93,30.36,-4.34,3.92
SP,61000,EUCLIDES DA CUNHA PAULISTA,9250,8736,62.81,31.74,59.09,36.95,-3.72,5.21
SP,61018,ADAMANTINA,39326,37742,23.89,68.8,20.97,72.12,-2.92,3.31
SP,61026,BOREBI,3352,3592,40.21,53.04,33.02,61.02,-7.2,7.98
SP,61034,ADOLFO,6168,5944,35.7,59.08,29.1,66.42,-6.6,7.34
SP,61042,TARUMÃ,17932,17550,37.47,56.59,32.23,61.61,-5.25,5.02
SP,61050,AGUAÍ,34072,33588,37.55,53.62,33.31,58.39,-4.24,4.77
SP,61069,MOTUCA,5318,4998,49.61,43.51,43.94,49.78,-5.67,6.27
SP,61077,ÁGUAS DA PRATA,9246,8998,33.66,56.26,30.83,60.97,-2.83,4.71
SP,61085,IARAS,6016,5858,52.83,41.62,45.58,48.04,-7.25,6.41
SP,61093,ÁGUAS DE LINDÓIA,21830,21768,26.83,64.84,24.02,68.85,-2.82,4.02
SP,61107,GUATAPARÁ,8566,8016,52.42,40.81,42.54,50.4,-9.88,9.59
SP,61115,ÁGUAS DE SÃO PEDRO,6084,6430,29.52,60.68,28.12,63.36,-1.4,2.68
SP,61123,DIRCE REIS,2498,2602,46.68,45.16,40.12,53.34,-6.55,8.19
SP,61131,AGUDOS,43802,41994,31.53,60.43,27.4,65.53,-4.12,5.1
SP,61140,ESPÍRITO SANTO DO TURVO,5058,5018,47.05,47.01,37.98,56.12,-9.07,9.1
SP,61158,ALFREDO MARCONDES,6110,6042,37.94,57.35,32.57,63.06,-5.37,5.71
SP,61166,ROSANA,19880,18774,53.34,40.14,49.89,45.18,-3.45,5.04
SP,61174,ALTAIR,4630,4564,43.54,50.63,35.85,60.34,-7.7,9.72
SP,61182,EMBAÚBA,3612,3820,41.42,53.43,34.29,61.26,-7.12,7.82
SP,61190,ALTINÓPOLIS,18602,18478,44.49,45.98,37.5,53.53,-6.99,7.55
SP,61204,ILHA SOLTEIRA,28858,26870,39.75,49.71,37.7,54.2,-2.05,4.49
SP,61212,ALTO ALEGRE,5378,5552,29.75,63.93,26.22,69.42,-3.53,5.49
SP,61220,ALUMÍNIO,21762,21220,43.54,44.87,38.28,50.26,-5.27,5.4
SP,61239,ÁLVARES FLORENCE,5474,5478,33.03,60.87,29.21,66.41,-3.82,5.54
SP,61247,PEDRINHAS PAULISTA,4274,4212,32.48,59.71,24.6,68.9,-7.88,9.19
SP,61255,ÁLVARES MACHADO,28138,27190,37.67,54.91,32.51,60.81,-5.16,5.9
SP,61263,ARAÇARIGUAMA,25048,25168,41.08,50.5,35.26,56.53,-5.82,6.04
SP,61271,ÁLVARO DE CARVALHO,4182,3782,47.92,46.29,40.3,54.15,-7.62,7.86
SP,61280,BERTIOGA,69442,74402,40.72,50.91,37.54,54.32,-3.18,3.4
SP,61298,ALVINLÂNDIA,3954,3996,45.68,49.17,42.09,53.8,-3.58,4.64
SP,61301,SUZANÁPOLIS,4388,4390,52.19,41.39,44.15,51.21,-8.04,9.82
SP,61310,AMERICANA,274436,273178,29.6,60.14,27.65,63.59,-1.95,3.45
SP,61328,SANTO ANTÔNIO DO ARACANGUÁ,11026,11170,40.01,54.89,35.79,58.3,-4.22,3.41
SP,61336,AMÉRICO BRASILIENSE,42302,40626,52.6,39.22,47.46,44.7,-5.15,5.48
SP,61344,CANITAR,6016,6256,48.14,46.81,38.68,54.44,-9.46,7.64
SP,61352,AMÉRICO DE CAMPOS,7712,7518,35.4,58.77,29.08,64.83,-6.32,6.07
SP,61360,BARRA DO CHAPÉU,6824,6662,46.6,41.91,36.33,57.61,-10.27,15.7
SP,61379,AMPARO,81984,78790,29.05,60.86,26.04,65.28,-3.02,4.42
SP,61387,EMILIANÓPOLIS,4178,3938,47.39,48.92,40.12,56.27,-7.27,7.35
SP,61395,ANALÂNDIA,6152,6270,30.69,60.44,26.73,66.25,-3.96,5.82
SP,61409,NOVAIS,5514,5834,38.59,56.69,34.14,61.06,-4.45,4.36
SP,61417,ANDRADINA,65820,62324,35.0,57.13,31.11,62.05,-3.89,4.93
SP,61425,NOVA CANAÃ PAULISTA,2824,3158,46.1,45.47,40.85,51.68,-5.26,6.21
SP,61433,ANGATUBA,25748,25198,41.94,49.72,36.61,55.17,-5.33,5.45
SP,61441,SALTINHO,10936,11346,16.62,75.77,15.25,78.71,-1.38,2.94
SP,61450,ANHEMBI,7678,7248,38.6,55.51,31.82,63.0,-6.79,7.49
SP,61468,UBARANA,6676,6558,46.17,48.5,38.67,55.63,-7.5,7.12
SP,61476,ANHUMAS,5126,5078,39.76,54.62,33.16,61.56,-6.6,6.94
SP,61484,CAJATI,32924,32170,31.41,62.43,27.32,66.61,-4.08,4.19
SP,61492,APARECIDA,43860,42436,33.5,55.51,32.12,58.3,-1.38,2.8
SP,61506,CAMPINA DO MONTE ALEGRE,7326,7296,37.84,54.35,32.92,60.66,-4.92,6.31
SP,61514,APARECIDA D OESTE,5816,5724,46.25,49.0,40.39,54.61,-5.86,5.61
SP,61522,ASPÁSIA,2902,2912,39.77,54.24,38.12,56.32,-1.65,2.08
SP,61530,APIAÍ,27546,26392,44.66,46.95,39.42,53.49,-5.24,6.55
SP,61549,VARGEM,9210,9588,33.42,59.41,26.99,63.95,-6.43,4.54
SP,61557,ARAÇATUBA,228046,215976,28.39,62.92,26.56,65.32,-1.82,2.41
SP,61565,POTIM,19846,19708,38.16,53.33,34.67,56.36,-3.5,3.03
SP,61573,ARAÇOIABA DA SERRA,37636,38656,30.84,59.65,27.76,64.32,-3.08,4.67
SP,61581,ALAMBARI,7542,7744,32.48,60.51,27.76,66.32,-4.72,5.81
SP,61590,ARAMINA,6746,6776,50.34,43.2,40.61,53.07,-9.73,9.87
SP,61603,ITAOCA,4236,4394,54.25,40.56,52.07,43.88,-2.18,3.32
SP,61611,ARANDU,8432,8250,40.06,54.34,29.79,64.7,-10.27,10.36
SP,61620,TUIUTI,7892,8228,30.99,61.13,25.3,68.13,-5.69,7.01
SP,61638,ARARAQUARA,259882,250644,46.17,42.92,44.83,45.83,-1.34,2.91
SP,61646,ARAPEÍ,3558,3742,48.57,44.46,45.06,49.6,-3.51,5.14
SP,61654,ARARAS,150436,145760,28.62,60.74,26.07,64.56,-2.55,3.82
SP,61662,ESTIVA GERBI,14444,14412,32.93,59.24,27.62,65.96,-5.31,6.72
SP,61670,AREALVA,9384,9028,33.12,60.51,27.14,67.04,-5.98,6.53
SP,61689,ENGENHEIRO COELHO,22084,22466,34.83,58.82,29.26,63.46,-5.57,4.64
SP,61697,AREIAS,5134,5280,60.19,33.35,53.07,39.24,-7.12,5.9
SP,61700,RIBEIRÃO GRANDE,9820,9664,52.1,37.43,45.59,46.19,-6.51,8.76
SP,61719,AREIÓPOLIS,12656,12410,43.41,50.16,39.31,53.78,-4.1,3.62
SP,61727,HORTOLÂNDIA,252408,251600,43.23,48.32,38.05,52.62,-5.17,4.3
SP,61735,ARIRANHA,10268,9618,35.06,58.77,30.21,64.15,-4.85,5.39
SP,61743,HOLAMBRA,19302,19406,29.6,61.6,24.06,67.38,-5.54,5.78
SP,61751,ARTUR NOGUEIRA,58834,59492,34.46,57.92,29.69,63.03,-4.77,5.11
SP,61760,ELISIÁRIO,4232,4170,31.05,62.43,26.28,67.82,-4.77,5.39
SP,61778,ARUJÁ,107240,107632,39.67,49.07,35.9,53.19,-3.77,4.12
SP,61786,BOM SUCESSO DE ITARARÉ,5036,4902,53.89,39.99,43.13,50.96,-10.77,10.97
SP,61794,ASSIS,106786,102382,34.93,56.33,31.04,61.16,-3.89,4.83
SP,61808,PONTALINDA,4744,4736,50.25,44.77,43.45,51.6,-6.8,6.83
SP,61816,ATIBAIA,175436,178056,32.11,55.49,28.95,60.21,-3.16,4.72
SP,61824,PARISI,4130,4422,36.51,57.68,30.57,64.45,-5.94,6.77
SP,61832,AURIFLAMA,16984,16580,31.92,62.65,27.61,67.8,-4.31,5.16
SP,61840,TAQUARIVAÍ,7382,7558,43.92,48.17,37.23,56.68,-6.69,8.51
SP,61859,AVAÍ,6066,5954,48.96,44.64,43.53,51.09,-5.43,6.45
SP,61867,MARAPOAMA,4170,4404,23.55,70.6,19.98,74.75,-3.57,4.15
SP,61875,AVANHANDAVA,11474,10952,48.11,46.17,39.55,53.98,-8.55,7.81
SP,61883,SÃO JOÃO DE IRACEMA,2600,2642,54.54,39.08,48.22,45.42,-6.32,6.34
SP,61891,AVARÉ,95520,92484,33.89,56.88,29.17,62.02,-4.72,5.14
SP,61905,SÃO LOURENÇO DA SERRA,17614,17478,45.07,43.41,40.6,50.03,-4.47,6.62
SP,61913,BADY BASSITT,21736,25150,29.03,63.73,26.02,65.88,-3.01,2.15
SP,61921,ZACARIAS,3628,3720,37.87,57.0,33.39,62.2,-4.49,5.2
SP,61930,BALBINOS,2172,1996,41.62,53.78,35.67,57.92,-5.95,4.14
SP,61948,ITAPIRAPUÃ PAULISTA,4886,4808,57.39,37.37,41.18,54.7,-16.21,17.33
SP,61956,BÁLSAMO,11388,11162,30.93,58.89,24.31,68.37,-6.61,9.49
SP,61964,MESÓPOLIS,2694,2782,42.91,51.3,36.88,58.81,-6.03,7.51
SP,61972,BANANAL,12690,12384,53.52,39.64,47.5,45.66,-6.03,6.02
SP,61980,NOVA CAMPINA,10704,10450,46.15,48.11,36.65,58.01,-9.5,9.9
SP,61999,BARBOSA,7686,7228,42.13,51.52,36.39,58.94,-5.74,7.42
SP,62006,ILHA COMPRIDA,16578,16896,40.54,50.96,39.44,53.24,-1.09,2.28
SP,62014,BARÃO DE ANTONINA,3954,4076,46.94,45.62,39.45,54.42,-7.49,8.79
SP,62022,LOURDES,2840,2860,37.25,56.55,30.63,59.44,-6.62,2.89
SP,62030,BARIRI,35280,33324,26.15,65.26,24.39,67.77,-1.76,2.51
SP,62049,TORRE DE PEDRA,3668,3766,29.77,62.0,28.25,65.96,-1.52,3.96
SP,62057,BARRA BONITA,44254,42670,31.88,58.57,27.71,63.87,-4.17,5.3
SP,62065,ARCO-ÍRIS,3350,3322,33.49,58.33,26.49,68.87,-7.0,10.55
SP,62073,BARRA DO TURVO,8780,8266,50.48,44.72,44.96,50.21,-5.52,5.49
SP,62081,BREJO ALEGRE,3846,4052,53.77,42.49,44.32,50.69,-9.45,8.21
SP,62090,BARRETOS,125840,124236,35.04,56.1,31.8,59.86,-3.25,3.76
SP,62103,CANAS,5908,6126,38.42,52.67,34.97,57.26,-3.46,4.59
SP,62111,BARRINHA,36874,36382,50.18,42.97,43.6,48.91,-6.58,5.94
SP,62120,PRACINHA,2102,2182,44.81,51.0,37.49,57.65,-7.33,6.65
SP,62138,BARUERI,428396,438188,44.18,43.52,40.83,48.66,-3.35,5.15
SP,62146,PRATÂNIA,6900,6772,42.58,52.0,34.44,59.36,-8.14,7.36
SP,62154,BASTOS,26054,24316,26.41,66.12,22.31,71.57,-4.1,5.44
SP,62162,QUADRA,5396,5604,39.07,50.93,31.69,61.74,-7.37,10.82
SP,62170,BATATAIS,64752,63752,40.72,48.94,35.01,55.16,-5.71,6.22
SP,62189,SANTA CRUZ DA ESPERANÇA,3128,3362,41.56,51.41,35.1,58.36,-6.46,6.95
SP,62197,BAURU,409214,392984,35.53,53.84,33.06,57.12,-2.47,3.28
SP,62200,SANTA SALETE,2718,2976,31.27,62.69,24.73,70.23,-6.54,7.54
SP,62219,BEBEDOURO,85160,83004,28.71,63.13,25.83,66.04,-2.88,2.91
SP,62227,VITÓRIA BRASIL,2546,2714,42.97,52.0,36.33,59.91,-6.64,7.91
SP,62235,BENTO DE ABREU,3264,3108,39.28,55.02,37.32,59.52,-1.95,4.5
SP,62243,IPIGUÁ,6590,7098,29.2,64.49,25.78,68.53,-3.41,4.03
SP,62251,BERNARDINO DE CAMPOS,12134,11378,35.82,56.82,30.76,62.17,-5.06,5.36
SP,62260,TAQUARAL,3438,3550,40.61,53.46,34.76,60.73,-5.84,7.27
SP,62278,BILAC,9536,9476,29.11,65.5,26.95,68.05,-2.16,2.55
SP,62286,FERNÃO,2276,2514,34.09,59.75,26.65,67.94,-7.44,8.19
SP,62294,BIRIGUI,130388,124350,25.52,67.57,23.15,70.23,-2.37,2.66
SP,62308,GAVIÃO PEIXOTO,6158,6128,55.21,37.09,47.49,45.53,-7.73,8.44
SP,62316,BIRITIBA MIRIM,35078,34222,37.04,51.64,33.28,57.37,-3.75,5.73
SP,62324,JUMIRIM,3580,3682,33.41,59.16,26.67,66.16,-6.74,7.0
SP,62332,BOA ESPERANÇA DO SUL,15380,13942,56.07,37.78,44.83,48.53,-11.24,10.75
SP,62340,NANTES,3452,3258,49.48,44.44,41.25,54.08,-8.23,9.64
SP,62359,BOCAINA,13358,12640,30.27,61.97,25.05,67.47,-5.23,5.5
SP,62367,NOVA CASTILHO,1972,2092,36.0,57.91,30.98,63.0,-5.03,5.09
SP,62375,BOFETE,11490,12222,36.99,55.56,33.86,59.78,-3.13,4.22
SP,62383,OUROESTE,11340,11696,40.51,53.69,33.58,60.72,-6.93,7.04
SP,62391,BOITUVA,66762,69386,31.3,59.93,29.06,62.75,-2.24,2.82
SP,62405,PAULISTÂNIA,2818,2872,36.34,56.78,31.82,62.4,-4.51,5.62
SP,62413,BOM JESUS DOS PERDÕES,27222,27502,35.58,55.32,29.9,60.2,-5.68,4.88
SP,62421,RIBEIRÃO DOS ÍNDIOS,2882,2794,50.87,43.03,44.38,51.61,-6.49,8.58
SP,62430,BORÁ,1618,1644,39.43,54.88,30.05,65.33,-9.38,10.45
SP,62448,TRABIJU,2414,2486,52.94,38.77,46.18,46.18,-6.76,7.4
SP,62456,BORACÉIA,5870,5838,40.34,52.98,32.0,61.56,-8.34,8.58
SP,62472,BORBOREMA,16558,16030,29.24,63.53,25.45,68.05,-3.79,4.51
SP,62499,BOTUCATU,163148,160306,37.15,50.27,34.91,54.19,-2.24,3.92
SP,62510,BRAGANÇA PAULISTA,198866,197638,29.59,58.86,27.32,62.46,-2.27,3.6
SP,62553,BRAÚNA,6622,6550,30.38,65.39,27.57,68.7,-2.81,3.31
SP,62570,BRODOWSKI,26682,26998,30.66,61.68,24.76,67.4,-5.89,5.72
SP,62596,BROTAS,26100,25288,27.71,63.27,24.72,67.69,-2.99,4.42
SP,62618,BURI,22620,21794,38.17,56.95,30.98,64.36,-7.19,7.41
SP,62634,BURITAMA,19174,19088,35.0,59.88,30.27,64.34,-4.72,4.46
SP,62650,BURITIZAL,5770,6304,29.25,65.68,26.24,68.62,-3.02,2.94
SP,62677,CABRÁLIA PAULISTA,5080,5362,45.39,47.72,36.96,55.54,-8.43,7.82
SP,62693,CABREÚVA,52748,53392,36.12,55.86,30.14,60.95,-5.98,5.09
SP,62715,CAÇAPAVA,110962,109392,30.08,58.52,29.5,60.57,-0.58,2.05
SP,62731,CACHOEIRA PAULISTA,37052,35784,38.36,51.88,34.7,56.52,-3.66,4.64
SP,62758,CACONDE,20118,19182,42.35,50.78,36.29,56.07,-6.06,5.29
SP,62774,CAFELÂNDIA,18686,17642,35.43,55.72,31.64,61.19,-3.79,5.47
SP,62790,CAIABU,5348,5076,46.78,45.89,40.15,54.26,-6.63,8.37
SP,62812,CAIEIRAS,107392,104582,44.75,43.76,40.89,48.84,-3.86,5.08
SP,62839,CAIUÁ,5696,5260,55.58,38.66,47.79,47.11,-7.79,8.45
SP,62855,CAJAMAR,102520,104432,45.6,42.65,39.13,49.81,-6.47,7.17
SP,62871,CAJOBI,11518,11988,38.08,56.95,31.3,62.83,-6.78,5.88
SP,62898,CAJURU,27244,26860,45.79,46.83,39.2,53.45,-6.58,6.63
SP,62910,CAMPINAS,1307078,1266440,39.78,49.07,38.21,52.07,-1.57,3.0
SP,62936,CAMPO LIMPO PAULISTA,90684,87510,38.7,50.58,35.71,53.72,-2.99,3.14
SP,62952,CAMPOS DO JORDÃO,55158,54780,34.09,53.71,29.63,59.35,-4.46,5.64
SP,62979,CAMPOS NOVOS PAULISTA,5604,5686,36.12,59.81,31.52,64.3,-4.6,4.48
SP,62995,CANANÉIA,14720,14666,39.24,51.88,38.84,54.52,-0.4,2.65
SP,63010,CÂNDIDO MOTA,35318,34170,29.58,63.74,25.4,67.94,-4.18,4.2
SP,63037,CÂNDIDO RODRIGUES,3796,4126,32.03,61.22,25.5,69.56,-6.54,8.34
SP,63053,CAPÃO BONITO,51810,50972,36.39,53.94,32.14,59.92,-4.25,5.98
SP,63070,CAPELA DO ALTO,21790,21802,30.32,61.45,26.02,67.64,-4.3,6.19
SP,63096,CAPIVARI,58084,57168,29.43,61.63,26.72,65.01,-2.71,3.38
SP,63118,CARAGUATATUBA,153160,155392,37.77,53.23,35.06,55.89,-2.71,2.67
SP,63134,CARAPICUÍBA,442844,407048,50.03,38.43,46.3,43.33,-3.73,4.89
SP,63150,CARDOSO,13578,13052,45.22,49.26,39.89,55.01,-5.33,5.75
SP,63177,CASA BRANCA,28820,27386,31.08,60.64,28.01,63.4,-3.07,2.76
SP,63193,CÁSSIA DOS COQUEIROS,3820,3892,44.76,47.59,39.31,53.7,-5.45,6.11
SP,63215,CASTILHO,23012,22448,53.42,39.58,48.26,46.14,-5.16,6.56
SP,63231,CATANDUVA,131062,125678,28.87,62.88,25.5,66.9,-3.37,4.02
SP,63258,CATIGUÁ,8760,8640,32.53,62.24,29.68,65.39,-2.86,3.16
SP,63274,CEDRAL,11668,12994,26.72,65.58,24.32,67.59,-2.4,2.0
SP,63290,CERQUEIRA CÉSAR,21760,20562,37.39,53.14,29.69,61.29,-7.7,8.14
SP,63312,CERQUILHO,53422,53250,25.68,65.41,22.35,69.33,-3.33,3.92
SP,63339,CESÁRIO LANGE,19110,19534,28.41,64.06,24.47,69.52,-3.94,5.46
SP,63355,CHARQUEADA,19798,19710,29.23,64.01,25.62,68.07,-3.6,4.06
SP,63371,CHAVANTES,13882,13036,37.82,54.72,32.76,59.94,-5.06,5.22
SP,63398,CLEMENTINA,8332,8196,35.36,59.55,29.7,65.28,-5.66,5.72
SP,63410,COLINA,21248,20612,44.61,46.75,31.42,48.74,-13.19,1.99
SP,63436,COLÔMBIA,8242,8286,46.54,47.44,42.31,52.16,-4.23,4.72
SP,63452,CONCHAL,33498,32916,26.48,68.2,23.68,71.14,-2.8,2.94
SP,63479,CONCHAS,18614,17334,27.91,63.04,25.2,67.65,-2.72,4.61
SP,63495,CORDEIRÓPOLIS,29930,30062,32.01,59.19,26.62,65.17,-5.38,5.98
SP,63517,COROADOS,6432,6204,30.63,64.46,27.08,68.28,-3.55,3.82
SP,63533,CORONEL MACEDO,5994,5810,59.83,34.43,52.81,42.75,-7.02,8.32
SP,63550,CORUMBATAÍ,5174,5050,27.44,63.66,23.25,68.71,-4.2,5.05
SP,63576,COSMÓPOLIS,67344,65638,40.11,52.64,37.29,54.92,-2.83,2.27
SP,63592,COSMORAMA,10808,10704,38.23,56.94,33.07,62.43,-5.16,5.49
SP,63614,COTIA,283562,282752,46.04,40.61,41.79,46.21,-4.25,5.6
SP,63630,CRAVINHOS,38650,38182,30.99,59.92,27.77,62.9,-3.22,2.99
SP,63657,CRISTAIS PAULISTA,10990,10724,39.91,52.1,33.53,58.15,-6.38,6.05
SP,63673,CRUZÁLIA,3194,3144,35.07,57.42,28.37,66.86,-6.69,9.44
SP,63690,CRUZEIRO,87342,83614,36.98,51.51,33.17,56.16,-3.81,4.64
SP,63711,CUBATÃO,142144,136814,49.03,41.47,46.27,44.4,-2.76,2.93
SP,63738,CUNHA,26542,26636,42.51,48.95,36.42,57.22,-6.1,8.27
SP,63754,DESCALVADO,35810,34248,28.77,61.22,24.39,66.06,-4.38,4.84
SP,63770,DIADEMA,513072,479130,56.34,32.95,52.43,37.5,-3.91,4.55
SP,63797,DIVINOLÂNDIA,14324,14084,30.27,62.06,25.04,68.36,-5.24,6.3
SP,63819,DOBRADA,9762,9872,53.96,39.32,46.05,47.18,-7.91,7.87
SP,63835,DOIS CÓRREGOS,27292,26396,32.37,60.1,27.95,65.72,-4.42,5.62
SP,63851,DOLCINÓPOLIS,3336,3612,59.59,35.13,53.82,40.75,-5.77,5.62
SP,63878,DOURADO,10220,9878,40.59,50.84,31.95,60.07,-8.64,9.23
SP,63894,DRACENA,51148,48856,27.11,65.51,22.34,71.14,-4.77,5.63
SP,63916,DUARTINA,14978,14236,38.92,53.72,33.18,59.27,-5.74,5.55
SP,63932,DUMONT,10882,11202,34.7,59.4,27.19,64.54,-7.51,5.14
SP,63959,ECHAPORÃ,7720,7400,35.67,58.24,29.95,65.35,-5.73,7.11
SP,63975,ELDORADO,15802,14750,44.41,50.31,41.51,53.56,-2.91,3.25
SP,63991,ELIAS FAUSTO,20712,20518,31.13,62.79,26.45,66.71,-4.68,3.92
SP,64017,EMBU DAS ARTES,308994,300676,53.9,34.91,49.07,40.7,-4.83,5.8
SP,64033,EMBU-GUAÇU,78602,74576,46.97,40.32,42.1,46.5,-4.87,6.18
SP,64050,ESTRELA D OESTE,10462,10568,31.52,60.79,25.59,67.98,-5.94,7.19
SP,64076,ESTRELA DO NORTE,3892,3702,52.98,39.77,46.95,47.6,-6.03,7.82
SP,64092,FARTURA,19014,18238,43.58,47.48,36.57,55.15,-7.01,7.67
SP,64114,FERNANDÓPOLIS,76236,73290,35.69,56.44,30.41,62.31,-5.28,5.88
SP,64130,FERNANDO PRESTES,7506,7424,32.75,60.67,26.8,66.41,-5.94,5.73
SP,64157,FERRAZ DE VASCONCELOS,200116,192542,52.0,37.16,48.55,41.18,-3.45,4.03
SP,64173,FLORA RICA,2230,2028,50.49,45.65,42.5,53.55,-7.99,7.9
SP,64190,FLOREAL,4074,3882,42.32,51.3,36.42,56.93,-5.89,5.63
SP,64211,FLÓRIDA PAULISTA,11772,10898,36.71,58.12,30.3,65.19,-6.42,7.07
SP,64238,FLORÍNEA,4102,4012,49.78,44.12,42.02,50.7,-7.76,6.57
SP,64254,FRANCA,369718,360894,33.61,56.6,30.04,60.11,-3.57,3.51
SP,64270,FRANCISCO MORATO,190788,176334,57.91,33.48,52.25,38.42,-5.66,4.94
SP,64297,FRANCO DA ROCHA,154022,147222,52.24,38.59,47.18,42.93,-5.06,4.34
SP,64319,GABRIEL MONTEIRO,3974,4164,27.48,65.83,23.2,71.9,-4.28,6.07
SP,64335,GÁLIA,7396,6710,49.7,43.51,42.44,50.73,-7.26,7.22
SP,64351,GARÇA,49516,46306,30.37,61.74,27.57,64.54,-2.79,2.79
SP,64378,GASTÃO VIDIGAL,4492,4404,54.72,39.14,48.91,44.82,-5.81,5.69
SP,64394,GENERAL SALGADO,12366,11520,34.45,58.74,29.91,64.79,-4.54,6.05
SP,64416,GETULINA,10548,9394,42.28,51.44,36.36,57.14,-5.92,5.7
SP,64432,GLICÉRIO,5746,5884,41.0,54.16,32.94,61.79,-8.07,7.64
SP,64459,GUAIÇARA,12112,11444,39.37,54.46,32.07,61.2,-7.3,6.74
SP,64475,GUAIMBÊ,6730,6356,46.36,46.03,39.24,55.07,-7.12,9.03
SP,64491,GUAÍRA,40108,39848,36.02,56.08,29.26,63.34,-6.76,7.25
SP,64513,GUAPIAÇU,22974,23296,34.64,58.04,30.14,62.6,-4.5,4.56
SP,64530,GUAPIARA,20706,19578,55.67,38.96,49.25,45.33,-6.42,6.36
SP,64556,GUARÁ,21916,21448,49.69,43.86,41.29,51.9,-8.4,8.04
SP,64572,GUARAÇAÍ,9646,8874,34.54,59.65,29.61,64.59,-4.93,4.94
SP,64599,GUARACI,12326,12100,50.15,43.52,43.31,50.64,-6.85,7.13
SP,64610,GUARANI D OESTE,2594,2616,50.96,41.71,46.25,47.78,-4.71,6.07
SP,64637,GUARANTÃ,7404,6876,38.06,56.78,31.85,61.84,-6.21,5.06
SP,64653,GUARARAPES,35786,33802,30.81,61.61,27.41,65.86,-3.39,4.25
SP,64670,GUARAREMA,38268,38980,33.74,57.06,29.51,63.35,-4.23,6.29
SP,64696,GUARATINGUETÁ,144152,138438,30.9,57.88,30.13,59.85,-0.77,1.97
SP,64718,GUAREÍ,13740,13046,33.89,58.63,26.54,66.98,-7.35,8.35
SP,64734,GUARIBA,43582,42728,43.78,48.42,37.97,53.54,-5.81,5.12
SP,64750,GUARUJÁ,356810,344884,40.68,49.28,38.29,51.92,-2.39,2.64
SP,64777,GUARULHOS,1457100,1426938,42.79,45.46,40.21,49.22,-2.58,3.76
SP,64793,GUZOLÂNDIA,5280,5064,49.05,43.83,44.27,50.79,-4.78,6.96
SP,64815,HERCULÂNDIA,10478,9894,38.56,56.21,29.35,66.32,-9.21,10.11
SP,64831,IACANGA,12882,12470,32.57,61.22,26.62,67.17,-5.95,5.95
SP,64858,IACRI,7514,6778,32.31,62.15,26.32,68.99,-5.99,6.84
SP,64874,IBATÉ,37676,37372,44.76,45.9,37.0,55.03,-7.76,9.13
SP,64890,IBIRÁ,13736,14162,30.58,63.61,25.82,68.75,-4.76,5.13
SP,64912,IBIRAREMA,7766,7566,29.41,64.51,25.93,68.86,-3.48,4.35
SP,64939,IBITINGA,63750,61320,33.15,59.77,28.37,64.56,-4.78,4.8
SP,64955,IBIÚNA,89172,88996,30.75,57.52,27.82,63.03,-2.93,5.51
SP,64971,ICÉM,9382,9112,45.75,47.32,40.45,53.45,-5.3,6.12
SP,64998,IEPÊ,9620,9152,38.3,55.51,32.65,61.69,-5.65,6.18
SP,65013,IGARAÇU DO TIETÊ,26936,25794,39.47,52.55,33.47,59.33,-6.01,6.78
SP,65030,IGARAPAVA,29332,28276,47.71,43.86,40.22,51.3,-7.48,7.44
SP,65056,IGARATÁ,13386,13890,34.63,54.67,29.92,61.07,-4.71,6.4
SP,65072,IGUAPE,31818,31472,38.86,53.37,38.22,55.96,-0.64,2.59
SP,65099,ILHABELA,43130,44852,39.77,50.31,37.39,53.51,-2.38,3.2
SP,65110,INDAIATUBA,285216,296946,32.21,56.2,29.23,60.29,-2.98,4.09
SP,65137,INDIANA,6354,6284,34.78,58.86,29.89,64.99,-4.9,6.13
SP,65153,INDIAPORÃ,4788,4720,47.66,45.91,42.25,51.65,-5.42,5.75
SP,65170,INÚBIA PAULISTA,4772,4824,25.27,69.4,22.84,72.55,-2.43,3.15
SP,65196,IPAUSSU,15702,15110,35.49,56.23,28.63,63.03,-6.86,6.8
SP,65218,IPERÓ,30870,30412,45.12,46.06,39.06,52.28,-6.05,6.22
SP,65234,IPEÚNA,8390,8536,28.65,64.74,24.53,69.52,-4.12,4.77
SP,65250,IPORANGA,4628,4772,55.27,36.86,54.4,40.11,-0.87,3.25
SP,65277,IPUÃ,17460,16732,53.1,41.7,43.46,49.19,-9.64,7.49
SP,65293,IRACEMÁPOLIS,28460,28014,29.56,63.83,26.32,66.53,-3.23,2.7
SP,65315,IRAPUÃ,7958,8016,28.8,68.01,24.7,71.98,-4.1,3.97
SP,65331,IRAPURU,7082,6506,37.87,55.52,33.45,60.99,-4.42,5.47
SP,65358,ITABERÁ,21180,20484,45.62,48.58,36.56,57.91,-9.06,9.33
SP,65374,ITAÍ,25222,24488,49.21,43.22,40.34,53.35,-8.87,10.13
SP,65390,ITAJOBI,18822,18934,24.58,69.77,21.59,73.19,-2.99,3.42
SP,65412,ITAJU,4516,4658,35.39,58.41,33.23,60.37,-2.15,1.95
SP,65439,ITANHAÉM,115304,115258,41.91,48.48,40.24,50.8,-1.67,2.32
SP,65455,ITAPECERICA DA SERRA,184628,181666,53.84,35.08,49.04,40.81,-4.8,5.72
SP,65471,ITAPETININGA,171544,168656,30.04,60.15,26.26,65.54,-3.77,5.4
SP,65498,ITAPEVA,103098,98586,35.13,56.48,30.92,62.04,-4.21,5.56
SP,65510,ITAPEVI,245424,237858,53.24,36.19,47.23,41.87,-6.0,5.68
SP,65536,ITAPIRA,81566,78976,29.84,60.41,25.86,65.55,-3.97,5.14
SP,65552,ITÁPOLIS,43814,43026,28.9,64.31,24.1,69.33,-4.8,5.02
SP,65579,ITAPORANGA,16250,15896,39.84,52.94,33.17,61.17,-6.67,8.24
SP,65595,ITAPUÍ,14938,14250,39.26,52.93,31.66,61.04,-7.59,8.11
SP,65617,ITAPURA,5014,5060,68.65,23.49,62.57,31.34,-6.08,7.85
SP,65633,ITAQUAQUECETUBA,371210,362754,50.52,39.26,46.05,44.06,-4.48,4.8
SP,65650,ITARARÉ,50026,48054,34.53,55.66,29.53,62.8,-5.0,7.14
SP,65676,ITARIRI,13332,13662,36.39,56.42,34.86,59.3,-1.54,2.88
SP,65692,ITATIBA,128778,130096,30.03,58.1,27.85,61.97,-2.19,3.87
SP,65714,ITATINGA,20388,19962,39.11,52.85,32.09,59.65,-7.02,6.8
SP,65730,ITIRAPINA,14952,14684,39.61,53.44,35.04,57.83,-4.56,4.39
SP,65757,ITIRAPUÃ,7318,7278,52.09,41.98,46.3,46.96,-5.79,4.98
SP,65773,ITOBI,9296,8894,43.5,49.53,34.09,58.6,-9.41,9.07
SP,65790,ITU,187300,183870,32.67,56.68,29.28,60.63,-3.39,3.95
SP,65811,ITUPEVA,67750,71068,34.04,56.19,29.94,60.4,-4.1,4.21
SP,65838,ITUVERAVA,41582,39710,38.11,54.65,33.31,59.67,-4.81,5.01
SP,65854,JABORANDI,7954,7578,47.17,48.28,38.77,53.71,-8.4,5.43
SP,65870,JABOTICABAL,77704,74892,32.72,57.19,29.76,61.16,-2.96,3.97
SP,65897,JACAREÍ,264092,260078,33.63,54.23,32.22,58.26,-1.4,4.03
SP,65919,JACI,8600,8588,38.21,53.84,33.51,59.46,-4.7,5.62
SP,65935,JACUPIRANGA,18436,17848,30.36,62.62,26.94,65.99,-3.43,3.37
SP,65951,JAGUARIÚNA,66892,67986,32.1,56.64,27.83,62.32,-4.27,5.69
SP,65978,JALES,55484,53916,29.63,62.41,26.2,67.19,-3.43,4.78
SP,65994,JAMBEIRO,7568,7532,35.44,54.84,31.63,59.88,-3.81,5.04
SP,66010,JANDIRA,121582,112434,47.33,41.25,43.66,45.39,-3.66,4.14
SP,66036,JARDINÓPOLIS,42198,42360,32.29,60.27,28.99,62.62,-3.3,2.35
SP,66052,JARINU,37616,38000,34.49,57.32,30.54,60.28,-3.95,2.97
SP,66079,JAÚ,155524,150688,25.71,65.62,23.5,68.85,-2.21,3.24
SP,66095,JERIQUARA,4808,5098,50.79,43.55,41.58,49.82,-9.21,6.27
SP,66117,JOANÓPOLIS,14564,14376,30.65,60.77,25.95,66.1,-4.7,5.33
SP,66133,JOÃO RAMALHO,5158,4876,44.63,49.94,38.93,56.15,-5.7,6.21
SP,66150,JOSÉ BONIFÁCIO,41326,40546,32.87,59.92,26.94,65.3,-5.93,5.38
SP,66176,JÚLIO MESQUITA,5752,5222,53.58,41.31,45.5,49.06,-8.08,7.75
SP,66192,JUNDIAÍ,504850,503664,31.85,54.91,30.4,57.93,-1.45,3.02
SP,66214,JUNQUEIRÓPOLIS,20464,20346,31.83,61.27,26.33,66.69,-5.5,5.42
SP,66230,JUQUIÁ,21744,20866,36.27,56.56,34.36,59.43,-1.91,2.87
SP,66257,JUQUITIBA,34426,33690,46.7,42.96,41.39,49.53,-5.31,6.57
SP,66273,LAGOINHA,7978,8108,38.41,47.0,34.34,56.68,-4.07,9.68
SP,66290,LARANJAL PAULISTA,31568,30334,26.65,66.13,21.05,71.95,-5.6,5.82
SP,66311,LAVÍNIA,5784,5678,44.71,49.14,37.41,56.5,-7.3,7.36
SP,66338,LAVRINHAS,9598,9406,46.7,43.7,38.74,51.67,-7.96,7.97
SP,66354,LEME,109860,107524,32.34,58.8,29.32,63.53,-3.02,4.73
SP,66370,LENÇÓIS PAULISTA,77050,75994,23.88,67.76,21.09,70.91,-2.79,3.15
SP,66397,LIMEIRA,347402,342900,24.64,67.28,22.81,69.28,-1.84,2.0
SP,66419,LINDÓIA,8916,8972,28.35,64.54,24.41,69.17,-3.94,4.64
SP,66435,LINS,81566,76726,26.33,65.88,24.26,67.91,-2.07,2.03
SP,66451,LORENA,96090,93996,31.3,57.74,30.8,60.01,-0.5,2.27
SP,66478,LOUVEIRA,58520,59380,33.49,57.08,29.82,60.97,-3.66,3.89
SP,66494,LUCÉLIA,19862,19004,34.13,57.76,29.07,64.21,-5.06,6.45
SP,66516,LUCIANÓPOLIS,3246,3160,48.06,47.26,41.58,53.35,-6.48,6.1
SP,66532,LUÍS ANTÔNIO,14526,14340,45.46,46.59,37.74,53.82,-7.72,7.23
SP,66559,LUIZIÂNIA,5814,5794,42.66,51.67,36.24,59.34,-6.41,7.67
SP,66575,LUPÉRCIO,5140,4796,46.42,47.82,41.41,53.38,-5.01,5.56
SP,66591,LUTÉCIA,3718,3608,46.53,49.44,41.41,53.66,-5.12,4.22
SP,66613,MACATUBA,19982,18984,30.03,62.37,27.24,65.66,-2.78,3.29
SP,66630,MACAUBAL,9254,9228,27.6,64.23,25.16,68.83,-2.44,4.6
SP,66656,MACEDÔNIA,5390,5846,39.0,55.14,30.72,62.5,-8.28,7.37
SP,66672,MAGDA,4222,4234,41.54,51.97,37.27,57.86,-4.27,5.9
SP,66699,MAIRINQUE,58358,56274,41.28,46.86,36.57,52.47,-4.71,5.61
SP,66710,MAIRIPORÃ,97290,96262,36.56,53.23,33.46,57.41,-3.1,4.18
SP,66737,MANDURI,10842,10468,37.02,52.63,30.63,59.99,-6.4,7.36
SP,66753,MARABÁ PAULISTA,4464,4336,58.47,35.84,49.4,46.03,-9.07,10.19
SP,66770,MARACAÍ,16578,16054,35.5,58.31,30.52,63.47,-4.98,5.17
SP,66796,MARIÁPOLIS,4572,4416,40.68,52.27,35.51,57.65,-5.18,5.38
SP,66818,MARÍLIA,264718,250704,28.5,62.87,25.88,66.36,-2.62,3.49
SP,66834,MARINÓPOLIS,2732,2754,44.51,48.9,40.81,54.39,-3.7,5.49
SP,66850,MARTINÓPOLIS,27694,26350,35.7,56.94,32.05,61.42,-3.65,4.48
SP,66877,MATÃO,97966,94636,37.15,54.21,32.24,60.06,-4.9,5.85
SP,66893,MAUÁ,473948,445374,49.27,38.91,45.84,43.06,-3.43,4.16
SP,66915,MENDONÇA,7488,7782,39.4,55.24,33.44,61.86,-5.96,6.63
SP,66931,MERIDIANO,5640,5678,40.28,51.35,33.74,59.28,-6.54,7.93
SP,66958,MIGUELÓPOLIS,22502,22294,48.38,46.94,39.84,54.94,-8.54,8.0
SP,66974,MINEIROS DO TIETÊ,13418,12626,28.87,62.81,25.22,67.89,-3.65,5.08
SP,66990,MIRACATU,21970,21260,35.28,57.76,35.35,59.22,0.07,1.46
SP,67016,MIRA ESTRELA,3972,4250,42.45,51.41,36.94,58.21,-5.51,6.8
SP,67032,MIRANDÓPOLIS,27160,25068,29.61,63.44,25.66,67.62,-3.95,4.18
SP,67059,MIRANTE DO PARANAPANEMA,19224,17696,57.75,36.71,50.86,44.5,-6.89,7.78
SP,67075,MIRASSOL,66652,65508,29.97,61.45,27.17,64.66,-2.8,3.21
SP,67091,MIRASSOLÂNDIA,6192,6122,34.98,57.82,32.21,61.81,-2.77,3.99
SP,67113,MOCOCA,72036,69430,32.19,58.17,28.64,62.94,-3.54,4.76
SP,67130,MOGI DAS CRUZES,493912,479876,38.78,47.66,36.82,51.78,-1.96,4.13
SP,67156,MOGI GUAÇU,176942,173080,27.13,64.35,25.12,66.38,-2.0,2.03
SP,67172,MOGI MIRIM,103652,101952,26.81,63.64,24.81,66.51,-2.01,2.87
SP,67199,MOMBUCA,4866,4688,30.83,62.1,24.62,68.81,-6.21,6.71
SP,67210,MONÇÕES,3042,3298,37.87,52.99,33.35,59.73,-4.52,6.74
SP,67237,MONGAGUÁ,67044,65810,45.05,45.0,43.15,47.66,-1.9,2.67
SP,67253,MONTE ALEGRE DO SUL,9648,9528,29.23,60.43,26.66,64.99,-2.57,4.56
SP,67270,MONTE ALTO,54004,52672,28.19,62.23,24.31,66.41,-3.88,4.18
SP,67296,MONTE APRAZÍVEL,25706,24948,34.14,58.34,30.7,61.91,-3.44,3.57
SP,67318,MONTE AZUL PAULISTA,21630,21218,32.47,59.57,26.04,66.63,-6.43,7.07
SP,67334,MONTE CASTELO,5442,5042,47.34,48.0,38.6,57.2,-8.74,9.2
SP,67350,MONTEIRO LOBATO,5886,5860,43.7,47.09,40.24,53.28,-3.46,6.18
SP,67377,MONTE MOR,68342,69052,43.08,48.47,38.06,52.87,-5.02,4.4
SP,67393,MORRO AGUDO,30586,29834,41.8,51.3,35.1,57.87,-6.7,6.56
SP,67415,MORUNGABA,16230,16282,31.0,60.27,25.46,67.09,-5.54,6.82
SP,67431,MURUTINGA DO SUL,5182,4904,37.21,58.01,30.79,64.85,-6.41,6.84
SP,67458,NARANDIBA,6886,6874,51.87,41.53,42.45,50.89,-9.42,9.35
SP,67474,NATIVIDADE DA SERRA,8202,8352,37.43,53.79,32.11,60.06,-5.32,6.27
SP,67490,NAZARÉ PAULISTA,21326,21312,35.57,54.44,29.23,61.32,-6.34,6.88
SP,67512,NEVES PAULISTA,11186,10550,37.64,55.0,32.4,60.28,-5.24,5.29
SP,67539,NHANDEARA,11832,11332,29.34,63.49,24.43,69.33,-4.92,5.84
SP,67555,NIPOÃ,5710,5764,41.16,53.35,34.49,59.09,-6.67,5.75
SP,67571,NOVA ALIANÇA,7944,7956,33.01,59.89,29.06,64.81,-3.95,4.91
SP,67598,NOVA EUROPA,11432,10586,53.1,39.54,45.0,46.95,-8.09,7.41
SP,67610,NOVA GRANADA,22724,21316,45.15,49.06,37.7,55.95,-7.45,6.89
SP,67636,NOVA GUATAPORANGA,2862,2902,49.83,45.7,41.7,54.58,-8.13,8.88
SP,67652,NOVA INDEPENDÊNCIA,5016,5018,45.65,49.36,37.66,57.83,-7.99,8.47
SP,67679,NOVA LUZITÂNIA,4190,4002,52.12,41.62,44.08,48.33,-8.05,6.7
SP,67695,NOVA ODESSA,72714,74322,34.61,56.29,31.11,59.75,-3.5,3.46
SP,67717,NOVO HORIZONTE,43380,41544,29.47,64.31,25.12,68.85,-4.35,4.55
SP,67733,NUPORANGA,8862,8874,35.52,57.1,29.41,63.4,-6.11,6.3
SP,67750,OCAUÇU,5092,5032,44.19,49.8,35.53,58.82,-8.65,9.02
SP,67776,ÓLEO,3644,3678,34.14,56.97,30.78,61.39,-3.36,4.42
SP,67792,OLÍMPIA,62536,61864,33.13,59.49,27.82,64.14,-5.31,4.65
SP,67814,ONDA VERDE,6266,6444,40.54,51.64,36.22,56.67,-4.32,5.03
SP,67830,ORIENTE,7856,7532,37.32,56.03,30.14,64.74,-7.18,8.7
SP,67857,ORINDIÚVA,7524,7418,46.84,46.12,38.96,53.82,-7.88,7.7
SP,67873,ORLÂNDIA,45050,43790,35.6,55.13,31.93,59.48,-3.68,4.36
SP,67890,OSASCO,881870,843514,45.74,41.25,43.34,45.46,-2.4,4.21
SP,67911,OSCAR BRESSANE,3750,3630,29.39,63.04,23.8,71.35,-5.59,8.31
SP,67938,OSVALDO CRUZ,34506,32950,27.94,64.47,23.25,70.44,-4.69,5.97
SP,67954,OURINHOS,116636,111214,35.62,56.07,30.78,60.85,-4.84,4.79
SP,67970,OURO VERDE,9054,8710,49.11,45.88,41.24,54.28,-7.87,8.4
SP,67997,PACAEMBU,11862,10980,32.63,59.38,29.09,65.45,-3.54,6.06
SP,68012,PALESTINA,13276,13040,37.78,55.03,34.0,60.06,-3.78,5.03
SP,68039,PALMARES PAULISTA,11958,11422,45.91,47.47,38.29,55.19,-7.62,7.73
SP,68055,PALMEIRA D OESTE,11048,10772,37.96,55.0,32.57,61.18,-5.4,6.18
SP,68071,PALMITAL,24918,23900,34.29,58.67,27.53,65.94,-6.76,7.27
SP,68098,PANORAMA,15824,14858,38.55,56.07,34.07,61.26,-4.48,5.19
SP,68110,PARAGUAÇU PAULISTA,45808,42892,39.57,53.69,34.72,58.97,-4.85,5.28
SP,68136,PARAIBUNA,20870,21084,44.96,46.17,39.94,52.78,-5.03,6.61
SP,68152,PARAÍSO,7054,6988,33.99,58.83,26.9,66.23,-7.09,7.4
SP,68179,PARANAPANEMA,20804,20798,43.12,51.75,33.94,60.71,-9.18,8.96
SP,68195,PARANAPUÃ,5442,5312,41.64,52.22,35.5,60.62,-6.13,8.39
SP,68217,PARAPUÃ,11734,11148,34.94,59.31,28.74,65.48,-6.2,6.17
SP,68233,PARDINHO,8342,8594,37.45,54.69,29.18,63.16,-8.27,8.47
SP,68250,PARIQUERA-AÇU,21834,21176,29.99,62.76,27.33,66.41,-2.66,3.65
SP,68276,PATROCÍNIO PAULISTA,15728,15628,37.02,53.6,31.66,59.23,-5.36,5.63
SP,68292,PAULICÉIA,8684,8616,37.91,57.62,31.13,64.32,-6.78,6.7
SP,68314,PAULÍNIA,128856,139536,37.09,52.13,33.79,56.28,-3.3,4.15
SP,68330,PAULO DE FARIA,9056,8458,49.73,44.57,43.32,50.37,-6.42,5.8
SP,68357,PEDERNEIRAS,50968,49560,29.74,63.3,25.86,66.88,-3.88,3.58
SP,68373,PEDRA BELA,7496,7196,39.94,50.69,31.27,60.84,-8.67,10.15
SP,68390,PEDRANÓPOLIS,3650,3960,42.63,51.4,35.56,58.48,-7.07,7.09
SP,68411,PEDREGULHO,18274,18006,53.62,41.48,44.67,49.41,-8.94,7.93
SP,68438,PEDREIRA,50938,50252,26.51,64.9,23.0,69.55,-3.5,4.65
SP,68454,PEDRO DE TOLEDO,10878,10570,42.47,48.91,39.07,53.43,-3.4,4.53
SP,68470,PENÁPOLIS,67104,65472,32.77,60.13,28.45,64.67,-4.33,4.54
SP,68497,PEREIRA BARRETO,27852,26400,39.73,51.92,36.88,56.8,-2.85,4.89
SP,68519,PEREIRAS,9576,9408,38.62,52.76,31.1,62.03,-7.52,9.28
SP,68535,PERUÍBE,82620,81988,38.72,51.31,37.93,53.43,-0.79,2.12
SP,68551,PIACATU,7038,6752,36.94,57.4,32.11,63.71,-4.83,6.31
SP,68578,PIEDADE,60548,59082,33.44,56.04,30.51,60.63,-2.92,4.58
SP,68594,PILAR DO SUL,33620,32150,33.78,57.79,27.73,65.33,-6.05,7.53
SP,68616,PINDAMONHANGABA,180424,177854,32.72,56.13,30.96,58.93,-1.76,2.8
SP,68632,PINDORAMA,16422,16068,32.3,60.54,27.43,65.87,-4.86,5.33
SP,68659,ESPÍRITO SANTO DO PINHAL,46902,44286,33.87,56.1,29.86,59.15,-4.01,3.04
SP,68675,PINHALZINHO,16322,16602,31.06,59.93,27.43,65.43,-3.63,5.49
SP,68691,PIQUEROBI,4576,4434,48.16,46.33,42.44,53.95,-5.72,7.62
SP,68713,PIQUETE,15176,14316,31.13,57.05,30.57,60.55,-0.56,3.5
SP,68730,PIRACAIA,32924,32444,29.16,59.43,26.4,64.27,-2.76,4.84
SP,68756,PIRACICABA,454768,453910,29.41,61.11,27.59,63.35,-1.82,2.24
SP,68772,PIRAJU,33270,30948,38.1,52.33,32.86,57.91,-5.24,5.58
SP,68799,PIRAJUÍ,22722,21404,32.91,60.14,30.04,62.57,-2.87,2.42
SP,68810,PIRANGI,12346,11848,30.84,62.66,22.86,70.36,-7.99,7.7
SP,68837,PIRAPORA DO BOM JESUS,20580,20284,51.71,37.88,45.61,45.69,-6.1,7.81
SP,68853,PIRAPOZINHO,30458,29072,37.53,53.9,33.39,58.98,-4.15,5.09
SP,68870,PIRASSUNUNGA,84892,81046,26.99,62.46,25.63,65.15,-1.35,2.69
SP,68896,PIRATININGA,14796,15226,28.52,61.72,25.39,66.56,-3.13,4.84
SP,68918,PITANGUEIRAS,38234,37148,44.3,49.21,37.91,54.98,-6.39,5.77
SP,68934,PLANALTO,6036,5808,47.45,48.48,40.7,55.1,-6.75,6.62
SP,68950,PLATINA,4038,4064,34.47,60.18,27.71,67.18,-6.77,7.0
SP,68977,POÁ,142380,136950,44.45,43.43,42.88,46.21,-1.57,2.78
SP,68993,POLONI,6622,6846,35.73,57.54,32.54,62.43,-3.18,4.9
SP,69019,POMPÉIA,25158,24480,27.62,65.78,20.83,72.96,-6.79,7.18
SP,69035,PONGAÍ,4634,4422,29.69,65.9,26.5,67.8,-3.19,1.89
SP,69051,PONTAL,43904,42568,46.01,46.81,38.28,53.84,-7.73,7.04
SP,69078,PONTES GESTAL,3420,3484,40.82,53.45,34.96,60.22,-5.86,6.77
SP,69094,POPULINA,5598,5452,54.63,39.09,48.31,46.96,-6.31,7.87
SP,69116,PORANGABA,10446,10666,38.27,52.77,34.58,59.35,-3.7,6.58
SP,69132,PORTO FELIZ,61862,61868,29.46,61.94,26.25,65.55,-3.21,3.6
SP,69159,PORTO FERREIRA,60354,57722,28.76,60.74,25.31,65.43,-3.45,4.69
SP,69175,POTIRENDABA,20694,20726,33.34,60.52,29.24,64.5,-4.1,3.98
SP,69191,PRADÓPOLIS,20744,21188,39.71,51.9,34.03,57.12,-5.68,5.22
SP,69213,PRAIA GRANDE,361958,365440,38.29,51.49,36.36,54.15,-1.93,2.66
SP,69230,PRESIDENTE ALVES,5142,4926,38.04,53.48,36.78,56.8,-1.26,3.32
SP,69256,PRESIDENTE BERNARDES,15738,14586,37.97,55.9,32.39,62.25,-5.58,6.35
SP,69272,PRESIDENTE EPITÁCIO,43312,41912,39.25,53.43,36.9,56.95,-2.34,3.52
SP,69299,PRESIDENTE PRUDENTE,259428,247150,29.47,62.15,27.46,65.06,-2.01,2.91
SP,69310,PRESIDENTE VENCESLAU,40794,38274,30.89,61.49,26.2,67.24,-4.69,5.75
SP,69337,PROMISSÃO,39092,36442,39.44,54.33,33.53,59.65,-5.91,5.31
SP,69353,QUATÁ,15260,14900,35.33,58.02,29.29,64.62,-6.05,6.6
SP,69370,QUEIROZ,4630,4704,45.01,51.19,36.95,59.95,-8.06,8.76
SP,69396,QUELUZ,10944,10500,51.72,40.33,45.43,46.59,-6.29,6.26
SP,69418,QUINTANA,8150,7724,39.17,55.78,28.51,66.49,-10.66,10.71
SP,69434,RAFARD,11402,11520,28.03,64.13,25.1,67.53,-2.93,3.41
SP,69450,RANCHARIA,34614,33296,40.15,51.16,34.99,57.23,-5.16,6.06
SP,69477,REDENÇÃO DA SERRA,6014,6220,42.53,47.46,37.14,54.31,-5.4,6.85
SP,69493,REGENTE FEIJÓ,23812,23662,35.1,57.67,31.01,62.6,-4.09,4.93
SP,69515,REGINÓPOLIS,7304,7008,29.44,64.21,23.77,69.35,-5.66,5.14
SP,69531,REGISTRO,67592,65400,34.57,56.89,33.19,59.1,-1.38,2.21
SP,69558,RESTINGA,9962,9884,48.97,46.06,39.07,53.68,-9.89,7.63
SP,69574,RIBEIRA,4508,4254,57.99,36.25,50.96,44.9,-7.02,8.65
SP,69590,RIBEIRÃO BONITO,12528,11800,42.64,48.95,39.08,53.69,-3.56,4.75
SP,69612,RIBEIRÃO BRANCO,21588,20978,50.72,43.36,41.38,54.37,-9.35,11.01
SP,69639,RIBEIRÃO CORRENTE,6274,6282,44.5,50.56,40.72,53.68,-3.78,3.12
SP,69655,RIBEIRÃO DO SUL,6092,6114,47.67,47.67,39.45,55.09,-8.22,7.42
SP,69671,RIBEIRÃO PIRES,134796,128794,43.58,42.97,41.23,47.21,-2.35,4.24
SP,69698,RIBEIRÃO PRETO,685790,683286,36.62,52.56,33.99,55.25,-2.63,2.69
SP,69710,RIVERSUL,6736,6820,46.53,45.78,39.15,54.99,-7.38,9.2
SP,69736,RIFAINA,6616,7350,46.34,49.15,34.12,59.97,-12.22,10.82
SP,69752,RINCÃO,10926,10176,52.99,41.17,45.58,48.33,-7.42,7.16
SP,69779,RINÓPOLIS,11138,10380,30.74,62.43,24.57,70.29,-6.18,7.85
SP,69795,RIO CLARO,229894,224176,29.51,60.55,27.93,63.38,-1.58,2.83
SP,69817,RIO DAS PEDRAS,38444,37910,31.93,60.51,27.42,64.96,-4.5,4.45
SP,69833,RIO GRANDE DA SERRA,52532,49594,52.38,36.89,48.89,40.96,-3.48,4.08
SP,69850,RIOLÂNDIA,10772,10534,51.08,45.47,44.52,51.66,-6.55,6.19
SP,69876,ROSEIRA,13266,13060,35.25,55.4,31.42,59.65,-3.82,4.24
SP,69892,RUBIÁCEA,3560,3474,36.97,55.79,31.26,64.19,-5.71,8.4
SP,69914,RUBINÉIA,4636,5688,36.76,57.03,31.43,62.52,-5.32,5.49
SP,69930,SABINO,6242,5960,42.07,53.06,34.46,60.34,-7.61,7.28
SP,69957,SAGRES,3088,2952,47.54,43.59,40.72,53.66,-6.82,10.07
SP,69973,SALES,7526,7982,26.68,67.95,24.13,71.14,-2.55,3.18
SP,69990,SALES OLIVEIRA,12870,12870,34.06,57.96,27.41,63.53,-6.65,5.56
SP,70017,SALESÓPOLIS,22696,22434,35.41,51.15,32.05,57.69,-3.36,6.54
SP,70033,SALMOURÃO,5978,5532,41.28,53.6,33.22,63.27,-8.06,9.67
SP,70050,SALTO,144918,143638,35.59,53.83,31.71,57.77,-3.88,3.93
SP,70076,SALTO DE PIRAPORA,45144,44052,39.26,51.95,33.35,58.02,-5.91,6.07
SP,70092,SALTO GRANDE,9736,9650,39.85,53.25,31.88,60.68,-7.98,7.44
SP,70114,SANDOVALINA,5112,6624,61.11,33.76,59.36,36.2,-1.75,2.44
SP,70130,SANTA ADÉLIA,16552,15698,36.59,55.79,30.51,61.43,-6.07,5.65
SP,70157,SANTA ALBERTINA,7758,7844,37.17,56.56,31.21,64.43,-5.97,7.87
SP,70173,SANTA BÁRBARA D OESTE,219810,214346,31.36,58.85,27.77,63.4,-3.6,4.55
SP,70190,ÁGUAS DE SANTA BÁRBARA,7390,7614,32.75,59.27,26.9,66.85,-5.85,7.58
SP,70211,SANTA BRANCA,17716,17430,35.18,53.79,31.77,59.78,-3.4,5.99
SP,70238,SANTA CLARA D OESTE,3468,3574,42.39,53.4,34.86,60.16,-7.52,6.75
SP,70254,SANTA CRUZ DA CONCEIÇÃO,6186,6156,27.64,64.08,23.29,70.05,-4.35,5.97
SP,70270,SANTA CRUZ DAS PALMEIRAS,31766,30510,36.04,55.82,31.18,60.1,-4.87,4.28
SP,70297,SANTA CRUZ DO RIO PARDO,50964,49562,25.68,66.26,22.34,70.82,-3.35,4.56
SP,70319,SANTA ERNESTINA,7828,7712,45.84,48.67,36.51,56.43,-9.32,7.76
SP,70335,SANTA FÉ DO SUL,38102,37094,29.88,62.36,25.44,67.83,-4.44,5.47
SP,70351,SANTA GERTRUDES,28948,29280,32.22,60.49,27.52,65.07,-4.7,4.58
SP,70378,SANTA ISABEL,63534,62532,35.88,53.89,32.35,58.58,-3.53,4.69
SP,70394,SANTA LÚCIA,9908,9114,56.48,36.5,48.32,43.21,-8.16,6.71
SP,70416,SANTA MARIA DA SERRA,6248,6044,35.53,58.51,28.92,66.45,-6.61,7.93
SP,70432,SANTA MERCEDES,3800,3878,46.53,47.63,38.89,56.94,-7.64,9.3
SP,70459,SANTANA DA PONTE PENSA,2324,2742,38.64,54.04,32.82,60.39,-5.82,6.35
SP,70475,SANTANA DE PARNAÍBA,156582,164374,40.14,44.68,35.85,52.44,-4.29,7.76
SP,70491,SANTA RITA D OESTE,3656,3768,40.81,50.82,36.57,57.06,-4.24,6.24
SP,70513,SANTA RITA DO PASSA QUATRO,29356,28724,27.36,62.84,23.99,67.51,-3.37,4.68
SP,70530,SANTA ROSA DE VITERBO,27008,25882,40.77,49.44,35.84,54.61,-4.93,5.16
SP,70556,SANTO ANASTÁCIO,22714,21338,38.85,55.04,33.44,60.27,-5.41,5.23
SP,70572,SANTO ANDRÉ,869626,826286,42.66,43.42,41.2,47.21,-1.46,3.79
SP,70599,SANTO ANTÔNIO DA ALEGRIA,8326,8510,42.25,48.64,37.7,55.86,-4.56,7.22
SP,70610,SANTO ANTÔNIO DE POSSE,25396,24930,32.2,60.46,27.23,66.0,-4.97,5.54
SP,70637,SANTO ANTÔNIO DO JARDIM,7782,7558,33.92,56.28,28.55,63.4,-5.37,7.12
SP,70653,SANTO ANTÔNIO DO PINHAL,9292,9356,36.98,50.99,32.64,58.21,-4.34,7.22
SP,70670,SANTO EXPEDITO,4124,3896,46.27,48.79,40.3,54.88,-5.97,6.09
SP,70696,SANTÓPOLIS DO AGUAPEÍ,4816,5140,39.83,54.61,32.72,62.88,-7.1,8.27
SP,70718,SANTOS,523948,504580,37.87,48.16,39.06,49.77,1.19,1.61
SP,70734,SÃO BENTO DO SAPUCAÍ,13710,13640,33.1,54.97,30.76,59.55,-2.34,4.58
SP,70750,SÃO BERNARDO DO CAMPO,977590,920302,49.17,38.02,46.77,41.83,-2.4,3.81
SP,70777,SÃO CAETANO DO SUL,228966,235030,33.34,50.33,33.57,53.96,0.23,3.63
SP,70793,SÃO CARLOS,282686,280884,43.08,44.98,41.11,49.47,-1.98,4.48
SP,70815,SÃO FRANCISCO,3632,3788,43.01,49.56,37.54,57.07,-5.47,7.52
SP,70831,SÃO JOÃO DA BOA VISTA,103274,99750,31.6,58.65,28.55,62.05,-3.05,3.4
SP,70858,SÃO JOÃO DAS DUAS PONTES,3408,3478,55.46,37.85,46.52,48.88,-8.94,11.03
SP,70874,SÃO JOÃO DO PAU D ALHO,3136,2940,52.81,40.37,43.54,50.0,-9.27,9.63
SP,70890,SÃO JOAQUIM DA BARRA,54718,52178,43.75,47.54,37.91,53.72,-5.84,6.17
SP,70912,SÃO JOSÉ DA BELA VISTA,9550,9286,51.85,43.02,44.2,50.12,-7.66,7.1
SP,70939,SÃO JOSÉ DO BARREIRO,5684,5366,55.31,37.16,47.71,45.66,-7.61,8.5
SP,70955,SÃO JOSÉ DO RIO PARDO,59168,56138,33.71,56.83,28.65,62.0,-5.06,5.17
SP,70971,SÃO JOSÉ DO RIO PRETO,513474,502100,29.34,60.91,28.39,62.46,-0.95,1.55
SP,70998,SÃO JOSÉ DOS CAMPOS,856036,839434,33.58,54.6,32.51,57.35,-1.07,2.76
SP,71013,SÃO LUÍS DO PARAITINGA,15116,15244,45.06,44.38,40.74,51.15,-4.33,6.78
SP,71030,SÃO MANUEL,44722,42788,35.34,55.52,30.69,61.53,-4.66,6.01
SP,71056,SÃO MIGUEL ARCANJO,36752,35476,36.59,53.08,30.97,61.96,-5.62,8.88
SP,71072,SÃO PAULO,13785276,13105640,47.54,37.99,46.58,42.13,-0.96,4.14
SP,71099,SÃO PEDRO,39376,40682,26.21,65.89,24.75,68.32,-1.46,2.43
SP,71110,SÃO PEDRO DO TURVO,8536,8564,41.38,53.7,34.52,61.0,-6.86,7.3
SP,71137,SÃO ROQUE,90272,87408,39.05,47.89,35.38,53.66,-3.67,5.77
SP,71153,SÃO SEBASTIÃO,98170,100386,46.38,44.72,41.85,49.86,-4.53,5.14
SP,71170,SÃO SEBASTIÃO DA GRAMA,12590,11992,36.95,54.12,31.09,60.24,-5.86,6.12
SP,71196,SÃO SIMÃO,17254,16198,37.17,52.42,33.56,56.29,-3.61,3.87
SP,71218,SÃO VICENTE,382634,355984,42.75,47.08,41.32,49.0,-1.42,1.92
SP,71234,SARAPUÍ,11206,11204,42.21,49.9,37.18,56.84,-5.03,6.94
SP,71250,SARUTAIÁ,4704,4522,55.57,39.24,46.97,47.77,-8.6,8.52
SP,71277,SEBASTIANÓPOLIS DO SUL,4490,4614,33.18,58.98,27.61,64.98,-5.57,6.0
SP,71293,SERRA AZUL,11426,10858,51.88,42.31,43.27,49.64,-8.61,7.33
SP,71315,SERRANA,50962,49976,43.88,48.62,37.88,53.44,-6.01,4.82
SP,71331,SERRA NEGRA,33364,32812,29.44,60.79,26.93,65.2,-2.51,4.41
SP,71358,SERTÃOZINHO,141666,140106,40.95,50.09,35.55,55.3,-5.4,5.21
SP,71374,SETE BARRAS,14884,14456,38.4,55.6,33.97,60.85,-4.44,5.24
SP,71390,SEVERÍNIA,18228,18358,39.83,53.49,34.47,59.86,-5.36,6.38
SP,71412,SILVEIRAS,7978,8182,43.82,45.07,36.91,53.9,-6.91,8.82
SP,71439,SOCORRO,45392,46894,23.04,68.04,20.62,70.86,-2.42,2.82
SP,71455,SOROCABA,791620,788742,35.65,53.86,32.86,56.53,-2.79,2.67
SP,71471,SUD MENNUCCI,9206,8778,47.93,46.93,42.31,53.93,-5.61,7.0
SP,71498,SUMARÉ,296618,293336,40.76,51.02,36.15,55.5,-4.61,4.48
SP,71510,SUZANO,342684,338530,43.11,45.17,40.3,49.19,-2.81,4.02
SP,71536,TABAPUÃ,13662,13336,30.68,63.29,26.21,68.54,-4.47,5.25
SP,71552,TABATINGA,16566,15896,41.41,52.22,33.01,61.44,-8.4,9.22
SP,71579,TABOÃO DA SERRA,337290,320102,53.37,34.16,49.63,39.15,-3.74,4.98
SP,71595,TACIBA,8086,7946,49.34,44.67,41.76,52.81,-7.59,8.14
SP,71617,TAGUAÍ,13962,14234,40.51,53.56,32.02,61.75,-8.49,8.19
SP,71633,TAIAÇU,6964,6772,46.21,47.21,38.95,56.14,-7.25,8.93
SP,71650,TAIÚVA,6880,6704,31.05,61.08,26.64,66.65,-4.41,5.57
SP,71676,TAMBAÚ,23928,23296,40.06,49.82,35.95,54.05,-4.12,4.24
SP,71692,TANABI,30690,29968,32.48,60.63,29.2,63.37,-3.28,2.74
SP,71714,TAPIRAÍ,8722,8792,36.28,54.14,35.78,57.32,-0.49,3.19
SP,71730,TAPIRATIBA,14972,13828,46.78,44.91,39.15,52.44,-7.63,7.53
SP,71757,TAQUARITINGA,56894,55070,37.52,54.58,31.39,60.13,-6.12,5.55
SP,71773,TAQUARITUBA,26444,26886,44.27,48.38,34.72,58.63,-9.55,10.24
SP,71790,TARABAI,8104,7872,53.16,41.44,44.26,49.21,-8.9,7.78
SP,71811,TATUÍ,127660,124578,30.71,59.71,26.43,65.19,-4.28,5.49
SP,71838,TAUBATÉ,352534,348708,30.31,58.43,28.74,60.12,-1.58,1.69
SP,71854,TEJUPÁ,5408,5172,52.07,42.42,43.81,51.66,-8.26,9.24
SP,71870,TEODORO SAMPAIO,25576,23958,52.18,41.67,48.52,47.25,-3.66,5.58
SP,71897,TERRA ROXA,9560,9588,41.0,52.47,34.21,58.51,-6.79,6.04
SP,71919,TIETÊ,44816,44004,27.19,62.62,24.82,66.39,-2.38,3.77
SP,71935,TIMBURI,3482,3576,44.0,46.81,36.24,56.94,-7.76,10.12
SP,71951,TORRINHA,10780,10040,27.18,65.31,22.91,71.33,-4.27,6.03
SP,71978,TREMEMBÉ,45068,44902,31.73,57.46,29.79,60.13,-1.94,2.68
SP,71994,TRÊS FRONTEIRAS,7242,7594,38.47,55.23,33.55,60.36,-4.92,5.13
SP,72010,TUPÃ,71518,68730,27.19,65.03,23.99,68.56,-3.2,3.52
SP,72036,TUPI PAULISTA,16736,16092,32.92,59.42,28.13,64.96,-4.8,5.55
SP,72052,TURIÚBA,2484,2488,34.3,60.14,28.05,66.0,-6.24,5.85
SP,72079,TURMALINA,2722,2838,51.21,41.29,44.19,47.08,-7.03,5.78
SP,72095,UBATUBA,106894,112028,34.6,57.55,33.15,59.36,-1.44,1.81
SP,72117,UBIRAJARA,6092,5766,42.78,53.09,35.45,59.66,-7.33,6.57
SP,72133,UCHOA,12036,12082,37.69,55.1,31.98,59.68,-5.71,4.57
SP,72150,UNIÃO PAULISTA,2384,2586,42.95,52.27,39.37,56.84,-3.59,4.58
SP,72176,URÂNIA,10306,10572,35.8,58.26,30.08,64.79,-5.72,6.54
SP,72192,URU,2286,2352,31.85,61.24,27.21,66.75,-4.64,5.51
SP,72214,URUPÊS,15878,15916,29.08,65.4,24.28,70.53,-4.81,5.13
SP,72230,VALENTIM GENTIL,15170,15622,36.31,57.34,30.07,63.85,-6.24,6.51
SP,72257,VALINHOS,143032,146316,31.03,56.63,29.32,60.17,-1.71,3.54
SP,72273,VALPARAÍSO,23828,21566,37.91,56.82,31.96,62.8,-5.96,5.98
SP,72311,VARGEM GRANDE DO SUL,45544,43794,32.16,58.63,27.41,63.56,-4.75,4.93
SP,72338,VÁRZEA PAULISTA,127308,124908,39.31,51.29,34.04,56.21,-5.27,4.93
SP,72354,VERA CRUZ,12018,11652,35.63,56.95,30.76,63.22,-4.87,6.27
SP,72370,VINHEDO,96532,98612,28.8,59.19,27.35,62.25,-1.45,3.06
SP,72397,VIRADOURO,20376,20382,33.04,61.37,26.49,66.83,-6.54,5.47
SP,72419,VISTA ALEGRE DO ALTO,9082,8834,39.13,54.86,31.79,62.19,-7.35,7.34
SP,72435,VOTORANTIM,137526,134368,37.04,53.85,32.75,57.27,-4.3,3.43
SP,72451,VOTUPORANGA,104870,103628,29.71,62.07,26.78,66.0,-2.94,3.94
SP,72737,VARGEM GRANDE PAULISTA,61968,62944,42.12,45.43,36.84,52.08,-5.28,6.64
TO,73008,ABREULÂNDIA,3702,3944,56.83,39.76,44.83,51.37,-12.01,11.61
TO,73016,PIRAQUÊ,3480,3812,57.82,35.46,51.57,43.34,-6.24,7.88
TO,73024,RIACHINHO,5682,5712,61.39,34.74,53.75,42.72,-7.64,7.98
TO,73032,DARCINÓPOLIS,6412,7406,62.01,33.31,52.09,43.21,-9.92,9.9
TO,73040,PALMEIRAS DO TOCANTINS,6448,6638,60.98,34.27,55.47,40.25,-5.51,5.98
TO,73059,MAURILÂNDIA DO TOCANTINS,5022,5556,72.64,21.66,67.28,28.29,-5.36,6.63
TO,73067,CACHOEIRINHA,2820,3236,62.2,32.13,59.83,34.18,-2.37,2.05
TO,73075,ANGICO,4092,4424,56.6,36.8,49.77,44.53,-6.82,7.73
TO,73083,PALMEIRANTE,6010,6838,65.49,29.58,55.16,39.98,-10.33,10.4
TO,73091,CAMPOS LINDOS,9854,10988,65.15,30.22,49.36,44.3,-15.79,14.08
TO,73105,SÃO FÉLIX DO TOCANTINS,2464,2994,69.24,25.08,58.65,34.07,-10.59,8.99
TO,73113,LAGOA DO TOCANTINS,4752,5302,65.95,29.76,54.43,39.98,-11.52,10.23
TO,73121,BOM JESUS DO TOCANTINS,5138,5994,54.85,41.22,46.38,49.48,-8.47,8.26
TO,73130,SANTA MARIA DO TOCANTINS,3960,4072,55.61,39.85,44.06,51.57,-11.55,11.72
TO,73148,NOVO ALEGRE,3118,3064,62.22,34.51,53.52,37.34,-8.69,2.83
TO,73156,SANDOLÂNDIA,5242,5344,48.0,47.46,37.5,57.0,-10.5,9.54
TO,73164,TAIPAS DO TOCANTINS,2700,2810,72.3,21.7,69.25,26.05,-3.04,4.35
TO,73172,NOVO JARDIM,3238,3490,68.5,27.18,59.26,35.19,-9.24,8.01
TO,73180,SÃO MIGUEL DO TOCANTINS,12920,16336,63.3,32.37,54.26,39.89,-9.04,7.52
TO,73199,TABOCÃO,4738,4764,53.61,40.69,46.77,47.48,-6.84,6.79
TO,73202,ITAPIRATINS,5182,5498,62.06,32.42,52.35,40.23,-9.71,7.81
TO,73210,CENTENÁRIO,3018,3056,64.55,29.95,56.15,39.2,-8.39,9.25
TO,73229,RECURSOLÂNDIA,4512,4856,71.59,24.38,65.53,31.3,-6.06,6.92
TO,73237,TUPIRATINS,2770,2784,64.84,29.24,57.33,37.79,-7.51,8.55
TO,73245,BRASILÂNDIA DO TOCANTINS,2942,3194,57.85,37.93,47.09,47.71,-10.76,9.78
TO,73253,JUARINA,3340,3616,56.05,39.7,49.83,44.91,-6.21,5.21
TO,73261,PAU D ARCO,5270,5614,53.89,42.66,47.49,47.42,-6.4,4.76
TO,73270,MATEIROS,3072,3046,66.28,30.01,64.61,32.44,-1.67,2.42
TO,73288,SÃO BENTO DO TOCANTINS,7038,8458,68.51,26.97,59.54,34.9,-8.97,7.93
TO,73296,ESPERANTINA,9188,10050,70.57,25.95,65.45,30.27,-5.12,4.32
TO,73300,CARIRI DO TOCANTINS,5552,5900,50.9,43.91,40.14,54.95,-10.76,11.04
TO,73318,ARAGUANÃ,5630,5674,49.59,47.18,46.56,49.24,-3.03,2.07
TO,73326,CARMOLÂNDIA,3718,3798,59.06,34.37,52.55,42.6,-6.51,8.23
TO,73334,ARAGOMINAS,7072,7038,62.25,33.65,53.48,42.17,-8.76,8.52
TO,73342,MURICILÂNDIA,4302,4584,63.37,32.59,54.71,40.97,-8.65,8.38
TO,73350,SANTA FÉ DO ARAGUAIA,8172,8726,56.49,38.67,49.6,46.71,-6.89,8.04
TO,73369,JAÚ DO TOCANTINS,4358,4686,55.58,40.43,46.22,49.72,-9.35,9.29
TO,73377,SUCUPIRA,2654,2824,52.3,41.3,43.06,51.35,-9.24,10.05
TO,73385,LAGOA DA CONFUSÃO,13342,16154,50.14,46.04,39.54,56.15,-10.6,10.11
TO,73393,SÃO SALVADOR DO TOCANTINS,3408,3766,68.9,25.59,61.34,31.12,-7.56,5.53
TO,73407,LAJEADO,5026,5546,52.25,43.06,42.81,51.64,-9.44,8.58
TO,73415,RIO DOS BOIS,3950,4150,61.77,33.16,55.04,40.48,-6.74,7.32
TO,73423,CARRASCO BONITO,4688,5352,66.25,30.72,58.86,38.53,-7.4,7.81
TO,73431,RIO DA CONCEIÇÃO,3034,3038,65.92,29.2,58.85,34.69,-7.07,5.49
TO,73440,PALMAS,321866,355852,38.06,54.7,33.45,58.26,-4.61,3.55
TO,73458,TUPIRAMA,2928,2898,60.18,35.31,53.14,42.72,-7.04,7.4
TO,73466,OLIVEIRA DE FÁTIMA,2380,2692,57.56,38.15,46.95,48.81,-10.61,10.66
TO,73474,CHAPADA DE AREIA,3534,3926,49.86,46.24,39.07,54.15,-10.79,7.92
TO,73482,CHAPADA DA NATIVIDADE,4228,4712,74.79,21.19,65.79,29.2,-9.0,8.01
TO,73504,TALISMÃ,3860,3738,54.15,41.92,40.82,53.93,-13.32,12.02
TO,73512,AGUIARNÓPOLIS,5930,6096,62.8,32.58,54.46,40.06,-8.34,7.48
TO,73520,LUZINÓPOLIS,4026,4186,61.3,33.83,52.99,41.57,-8.32,7.74
TO,73539,SANTA TEREZINHA DO TOCANTINS,3328,3278,62.5,30.89,55.7,36.67,-6.8,5.78
TO,73547,SANTA RITA DO TOCANTINS,3274,3272,50.76,43.43,39.3,54.89,-11.46,11.46
TO,73555,CRIXÁS DO TOCANTINS,2614,2844,54.25,40.78,47.75,47.75,-6.5,6.97
TO,73563,MONTE SANTO DO TOCANTINS,3792,3978,43.46,51.58,35.29,60.28,-8.17,8.7
TO,73571,PUGMIL,3192,3740,46.43,49.06,39.73,55.51,-6.7,6.45
TO,73580,BANDEIRANTES DO TOCANTINS,4350,4658,48.0,48.51,38.9,56.16,-9.1,7.66
TO,73598,IPUEIRAS,2840,3114,72.04,24.23,61.98,33.85,-10.06,9.62
TO,73601,LAVANDEIRA,2776,3154,62.61,31.77,51.17,39.95,-11.43,8.18
TO,73610,BARRA DO OURO,5606,6232,64.65,30.82,56.42,40.53,-8.23,9.71
TO,92002,BERNARDO SAYÃO,5426,5784,47.11,47.73,39.94,55.39,-7.17,7.66
TO,92045,BURITI DO TOCANTINS,10044,10628,59.44,36.04,52.56,43.21,-6.88,7.17
TO,92070,ALMAS,7724,8600,65.92,28.69,56.88,36.98,-9.04,8.29
TO,92088,CASEARA,5946,6272,61.05,35.45,46.88,48.41,-14.17,12.95
TO,92134,ALVORADA,11058,11950,45.05,50.14,35.16,59.53,-9.89,9.4
TO,92142,COMBINADO,5748,6250,50.97,44.71,42.85,49.54,-8.13,4.82
TO,92185,DIVINÓPOLIS DO TOCANTINS,8346,8930,60.08,36.26,46.72,48.22,-13.36,11.96
TO,92193,ANANÁS,11122,12236,59.92,35.55,54.54,40.75,-5.37,5.2
TO,92240,GOIANORTE,7140,7280,53.31,41.62,41.65,52.01,-11.66,10.38
TO,92304,MARIANÓPOLIS DO TOCANTINS,5242,5850,55.09,40.71,43.25,52.24,-11.85,11.53
TO,92371,ARAGUACEMA,7140,7818,63.03,32.18,53.31,42.13,-9.71,9.95
TO,92398,ARAGUAÇU,9718,10104,29.84,65.51,23.3,70.96,-6.54,5.45
TO,92401,NOVA ROSALÂNDIA,4320,4666,46.94,47.73,38.62,56.24,-8.32,8.51
TO,92410,ARAGUAÍNA,180458,199036,40.19,52.98,35.38,57.55,-4.81,4.57
TO,92436,ARAGUATINS,32406,33930,57.14,37.2,51.46,42.3,-5.67,5.1
TO,92452,ARAPOEMA,7094,6922,55.82,39.67,47.33,47.91,-8.49,8.24
TO,92479,ARRAIAS,11328,11810,71.52,24.03,66.52,27.94,-5.0,3.91
TO,92487,PEQUIZEIRO,6746,7056,56.92,39.05,50.62,45.8,-6.3,6.76
TO,92509,PORTO ALEGRE DO TOCANTINS,3400,3954,68.35,25.35,57.66,35.66,-10.69,10.31
TO,92525,PRAIA NORTE,8296,8902,67.36,28.81,62.14,33.14,-5.21,4.33
TO,92533,AURORA DO TOCANTINS,4678,4870,63.36,31.17,52.9,40.66,-10.47,9.49
TO,92541,SAMPAIO,5428,5978,68.75,27.78,64.47,32.32,-4.28,4.54
TO,92576,AXIXÁ DO TOCANTINS,13730,14374,59.49,37.09,55.36,41.49,-4.13,4.4
TO,92584,SANTA ROSA DO TOCANTINS,6564,6676,69.59,26.84,57.61,37.54,-11.98,10.69
TO,92592,BABAÇULÂNDIA,10260,10788,66.65,28.48,60.59,35.52,-6.06,7.04
TO,92606,SANTA TEREZA DO TOCANTINS,4772,4984,48.91,45.01,42.09,52.01,-6.82,6.99
TO,92681,SÃO VALÉRIO,5682,6116,71.28,24.6,58.6,35.55,-12.68,10.94
TO,92738,BREJINHO DE NAZARÉ,6200,6716,54.16,40.26,48.0,46.52,-6.16,6.26
TO,93114,COLINAS DO TOCANTINS,35660,39040,41.82,53.58,35.13,59.57,-6.68,5.99
TO,93130,CONCEIÇÃO DO TOCANTINS,4728,5136,72.67,22.17,63.71,30.41,-8.97,8.25
TO,93211,COUTO MAGALHÃES,6680,7456,62.63,34.13,53.35,43.56,-9.28,9.43
TO,93238,CRISTALÂNDIA,8456,8796,54.28,40.78,41.7,52.91,-12.58,12.13
TO,93416,DIANÓPOLIS,19370,20018,63.25,31.43,53.63,39.31,-9.62,7.88
TO,93459,DOIS IRMÃOS DO TOCANTINS,7480,7866,64.28,30.72,50.5,43.53,-13.78,12.81
TO,93475,DUERÉ,5230,5730,59.58,34.49,47.19,45.62,-12.39,11.13
TO,93556,FILADÉLFIA,9652,9666,61.29,33.59,54.81,40.66,-6.48,7.07
TO,93653,FORMOSO DO ARAGUAIA,21188,21610,45.19,50.6,37.15,58.48,-8.04,7.88
TO,93858,GURUPI,90022,94838,39.91,53.34,32.44,60.74,-7.47,7.4
TO,94056,ITACAJÁ,8472,8902,62.94,32.27,57.11,39.02,-5.83,6.75
TO,94099,ITAGUATINS,6846,7486,65.18,30.56,60.17,35.53,-5.01,4.98
TO,94170,ITAPORÃ DO TOCANTINS,3886,4348,55.38,40.45,47.01,48.53,-8.37,8.08
TO,94617,MIRACEMA DO TOCANTINS,21706,22308,59.45,34.87,52.09,41.27,-7.36,6.4
TO,94633,MIRANORTE,15202,15756,49.74,45.65,39.85,54.62,-9.9,8.97
TO,94692,MONTE DO CARMO,7236,7840,60.97,31.18,50.43,43.6,-10.54,12.42
TO,94811,NATIVIDADE,9940,10176,59.22,34.83,49.57,42.98,-9.65,8.15
TO,94838,NAZARÉ,6546,6678,69.39,23.68,64.39,28.99,-5.0,5.31
TO,94994,NOVO ACORDO,5984,6520,55.82,39.3,46.23,49.02,-9.59,9.71
TO,95192,PARAÍSO DO TOCANTINS,51860,56356,31.99,62.74,26.04,68.1,-5.95,5.35
TO,95214,PARANÃ,11314,12118,76.45,19.64,68.66,25.78,-7.8,6.14
TO,95257,PEDRO AFONSO,15374,16886,49.85,45.08,40.45,54.32,-9.4,9.24
TO,95273,PEIXE,10686,11066,65.08,30.6,57.64,36.67,-7.44,6.07
TO,95290,COLMÉIA,10012,10394,38.69,56.39,34.69,60.96,-4.0,4.57
TO,95338,GOIATINS,12560,13976,70.81,24.52,64.93,30.95,-5.89,6.43
TO,95370,PINDORAMA DO TOCANTINS,5582,5752,59.44,36.26,50.87,44.61,-8.57,8.35
TO,95478,PIUM,8920,9128,50.13,46.28,39.99,55.19,-10.15,8.91
TO,95516,PONTE ALTA DO BOM JESUS,5100,5596,66.31,28.2,57.51,36.24,-8.81,8.04
TO,95532,PONTE ALTA DO TOCANTINS,8218,8652,51.2,43.47,42.81,51.34,-8.39,7.88
TO,95591,PORTO NACIONAL,68812,74628,51.16,42.18,43.4,49.83,-7.76,7.66
TO,95699,LIZARDA,4510,4488,71.0,24.66,62.92,32.4,-8.07,7.74
TO,96032,SÃO SEBASTIÃO DO TOCANTINS,5050,5248,71.25,24.79,65.24,30.95,-6.0,6.15
TO,96130,SÍTIO NOVO DO TOCANTINS,12338,13008,66.9,28.21,61.38,33.63,-5.52,5.42
TO,96156,TAGUATINGA,15566,16694,62.05,32.75,54.2,40.17,-7.85,7.42
TO,96199,TOCANTÍNIA,7996,9126,71.39,25.89,70.26,27.04,-1.12,1.16
TO,96210,TOCANTINÓPOLIS,25236,25764,66.0,29.68,61.49,33.61,-4.51,3.93
TO,96270,GUARAÍ,26458,28150,45.29,49.26,38.13,55.78,-7.16,6.52
TO,96296,PRESIDENTE KENNEDY,4270,4486,52.55,42.39,46.86,47.57,-5.7,5.18
TO,96431,XAMBIOÁ,12972,13722,48.57,47.3,43.81,52.0,-4.75,4.7
TO,96490,PALMEIRÓPOLIS,8686,9584,44.65,50.61,35.81,57.95,-8.84,7.34
TO,96598,SILVANÓPOLIS,7034,7772,61.07,34.38,47.2,47.01,-13.88,12.64
TO,96636,NOVA OLINDA,12384,12912,52.96,42.49,48.08,47.46,-4.88,4.97
TO,96652,WANDERLÂNDIA,10592,11432,60.01,35.56,51.31,44.07,-8.7,8.51
TO,96679,FIGUEIRÓPOLIS,7060,7220,47.54,46.71,37.81,56.43,-9.72,9.71
TO,96792,RIO SONO,6728,7234,55.59,39.89,49.29,46.72,-6.29,6.83
TO,96830,FÁTIMA,5142,5238,47.76,48.46,38.56,56.59,-9.2,8.12
TO,96857,AUGUSTINÓPOLIS,19324,20928,58.82,36.68,53.07,41.96,-5.75,5.28
TO,96954,ALIANÇA DO TOCANTINS,6436,6584,53.92,41.08,41.34,52.79,-12.57,11.71
TO,96970,APARECIDA DO RIO NEGRO,6434,7740,55.33,40.19,43.49,51.6,-11.84,11.41
TO,96997,BARROLÂNDIA,7076,7860,52.12,43.44,43.51,50.99,-8.61,7.55
ZZ,29262,ABU DHABI,1910,2710,36.86,48.59,37.79,48.63,0.93,0.05
ZZ,29289,AMÃ,1104,1566,61.23,19.38,86.21,7.54,24.98,-11.85
ZZ,29327,ASSUNÇÃO,2286,2122,22.4,67.54,23.56,69.75,1.17,2.2
ZZ,29351,BARCELONA,8746,10086,70.2,20.6,73.21,19.73,3.01,-0.87
ZZ,29360,BEIRUTE,5700,7766,56.18,33.23,65.36,29.31,9.19,-3.92
ZZ,29386,BERLIM,14358,16038,79.58,11.27,81.11,11.54,1.53,0.27
ZZ,29408,BOGOTÁ,1382,1054,52.82,35.02,46.49,47.82,-6.33,12.8
ZZ,29416,BOSTON,25886,32184,23.04,69.89,24.35,69.77,1.31,-0.12
ZZ,29432,BRUXELAS,7292,9950,54.42,34.86,50.57,39.38,-3.84,4.52
ZZ,29467,BUENOS AIRES,13624,10618,64.68,28.04,66.06,27.29,1.38,-0.75
ZZ,29475,CAIENA,2742,2168,42.6,48.58,44.65,47.79,2.05,-0.79
ZZ,29491,CAMBERRA,3928,5186,56.01,27.24,57.0,31.05,0.99,3.8
ZZ,29513,CHICAGO,5622,5388,51.44,33.69,55.12,35.37,3.68,1.69
ZZ,29556,CIUDAD DEL ESTE,5750,5006,8.35,89.08,8.07,89.45,-0.28,0.37
ZZ,29599,COPENHAGUE,2444,2952,76.6,12.03,79.0,13.21,2.4,1.18
ZZ,29661,DUBLIN,15188,16598,78.36,13.67,72.6,18.79,-5.77,5.12
ZZ,29688,ESTOCOLMO,4866,5080,67.08,17.3,69.69,19.88,2.61,2.58
ZZ,29696,FRANKFURT,9808,10990,64.09,22.84,66.55,24.02,2.46,1.18
ZZ,29700,GENEBRA,8986,10126,44.09,42.96,45.39,43.97,1.3,1.01
ZZ,29742,HAMAMATSU,11198,12950,11.59,75.37,13.65,72.56,2.06,-2.81
ZZ,29785,HELSINQUE,1250,1386,62.4,20.32,68.54,22.37,6.14,2.05
ZZ,29807,HOUSTON,8254,8642,28.96,55.29,29.28,59.85,0.32,4.55
ZZ,29947,LIMA,1576,1460,34.64,48.73,33.97,52.05,-0.67,3.32
ZZ,29955,LISBOA,39540,55872,61.47,30.69,53.51,37.76,-7.96,7.06
ZZ,29971,LONDRES,29592,28944,55.18,34.94,56.33,36.12,1.15,1.18
ZZ,29980,LOS ANGELES,7876,8984,45.53,42.43,47.44,44.39,1.91,1.96
ZZ,30066,MADRI,10874,13108,52.27,36.86,54.49,35.75,2.21,-1.11
ZZ,30104,MEXICO,2778,2570,44.2,42.84,45.53,45.84,1.32,3.0
ZZ,30112,MIAMI,31464,24034,16.2,74.26,18.81,74.18,2.61,-0.08
ZZ,30120,MILÃO,12452,14326,50.18,39.88,50.16,40.6,-0.02,0.72
ZZ,30147,MONTEVIDÉU,2580,2526,53.26,33.64,54.32,36.82,1.06,3.17
ZZ,30155,MONTREAL,11444,11778,60.73,24.54,64.92,24.72,4.19,0.19
ZZ,30180,MUNIQUE,10036,10576,60.16,24.73,63.62,24.34,3.45,-0.39
ZZ,30198,NAGÓIA,28312,30812,11.88,75.47,13.12,74.52,1.24,-0.96
ZZ,30228,NOVA YORK,21994,19782,42.88,46.27,46.2,47.36,3.32,1.09
ZZ,30244,OSLO,1660,1768,66.14,19.4,66.97,22.4,0.82,3.0
ZZ,30252,OTTAWA,2218,2722,50.86,28.67,58.34,29.02,7.48,0.35
ZZ,30260,PANAMA,1356,1316,31.56,51.47,35.87,51.06,4.3,-0.41
ZZ,30287,PARIS,20126,20682,77.6,13.75,77.88,15.99,0.28,2.24
ZZ,30341,PORTO,29236,39456,60.29,30.24,52.49,38.32,-7.79,8.08
ZZ,30414,RAMALLAH,1396,2314,84.81,7.45,93.17,3.98,8.36,-3.47
ZZ,30449,ROMA,8378,8864,54.76,33.44,57.65,33.35,2.89,-0.1
ZZ,30457,AMSTERDÃ,11540,12548,70.95,16.66,73.7,17.23,2.75,0.57
ZZ,30465,SALTO DEL GUAIRÁ,1150,1050,5.04,93.04,3.62,94.48,-1.42,1.43
ZZ,30473,SANTA CRUZ DE LA SIERRA,2540,2856,15.04,79.84,13.59,81.37,-1.45,1.53
ZZ,30481,SANTIAGO,3874,3942,44.86,41.09,47.08,41.05,2.22,-0.05
ZZ,30503,SÃO FRANCISCO,8060,7564,53.95,33.35,57.54,34.98,3.59,1.63
ZZ,30562,SYDNEY,8776,11072,54.35,29.42,55.71,32.04,1.36,2.62
ZZ,30619,TEL AVIV,1392,1408,39.37,45.98,13.07,74.29,-26.3,28.31
ZZ,30627,TÓQUIO,24210,24800,16.24,66.94,18.77,67.93,2.53,0.99
ZZ,30635,TORONTO,18444,17394,50.56,37.14,53.7,38.16,3.13,1.02
ZZ,30767,VIENA,2772,2942,62.34,22.58,66.55,21.14,4.22,-1.44
ZZ,30783,WASHINGTON,10020,9412,45.33,41.7,51.4,39.48,6.07,-2.22
ZZ,30864,ZURIQUE,11380,11580,47.15,39.42,50.02,39.71,2.86,0.29
ZZ,30902,HARTFORD,2862,3790,30.96,57.3,29.39,63.69,-1.56,6.39
ZZ,30961,FARO,3554,5340,49.13,41.08,41.09,48.88,-8.04,7.8
ZZ,39063,VANCOUVER,11282,11422,55.29,30.35,56.4,32.8,1.11,2.45
ZZ,39080,ATLANTA,8640,9806,22.52,66.64,24.9,66.82,2.38,0.17
